customer_id,first_name,last_name,gender,city,signup_date,age,annual_income,credit_score,tenure_months,is_active,purchase_count,loyalty_score,preferred_channel
100001,Diya,Kulkarni,F,Chennai,2020-08-17,40,1080183.0,689.0,39,1,17,48.3,App
100002,Vivaan,Mehta,M,Mumbai,2021-12-03,35,1110299.0,674.0,21,0,16,81.0,Email
100003,Anaya,Nair,F,,2023-11-28,42,841204.0,600.0,40,1,14,59.7,App
100004,Aisha,Malhotra,F,Kolkata,2020-05-23,50,754164.0,680.0,82,1,12,93.6,App
100005,Anaya,Mishra,M,,2020-03-08,34,663744.0,734.0,54,1,17,78.9,Email
100006,Rahul,Mehta,F,Bengaluru,2022-10-14,34,737568.0,646.0,12,1,14,58.1,SMS
100007,Isha,Malhotra,M,Ahmedabad,2020-04-07,50,1597856.0,749.0,81,1,19,73.0,Email
100008,Kabir,Bose,F,Kolkata,2020-01-07,43,1226489.0,712.0,37,1,13,78.6,SMS
100009,Anaya,Kapoor,M,Chennai,2022-03-25,32,568089.0,654.0,38,1,11,73.0,SMS
100010,Aarav,Saxena,F,Hyderabad,2020-06-25,41,583763.0,693.0,15,1,8,73.9,SMS
100011,Karan,Kapoor,F,Ahmedabad,2023-05-14,32,1048773.0,782.0,7,1,15,71.8,SMS
100012,Sneha,Kulkarni,M,Lucknow,2020-10-25,32,1019724.0,735.0,78,1,16,85.3,Email
100013,Arjun,Mehta,F,Mumbai,2020-08-16,38,1014624.0,683.0,50,1,17,80.4,Email
100014,Rahul,Mehta,F,Bengaluru,2022-06-14,21,832214.0,675.0,65,0,17,77.3,SMS
100015,Aarav,Das,F,Hyderabad,2021-09-22,21,853363.0,691.0,67,0,9,72.0,Call Center
100016,Sahil,Jain,M,Chennai,2020-09-26,31,1014476.0,677.0,44,1,19,64.0,App
100017,Isha,Verma,M,Delhi,2020-03-21,27,957832.0,571.0,31,1,11,92.1,Email
100018,Aditya,Nair,F,Bengaluru,2023-04-26,39,378823.0,805.0,43,1,13,100.0,Email
100019,Varun,Kulkarni,M,Kolkata,2022-03-30,28,828853.0,705.0,77,1,26,66.1,Email
100020,Aditya,Patel,F,,2021-05-15,23,707214.0,711.0,48,1,16,75.5,App
100021,Sahil,Patel,M,Mumbai,2021-12-06,49,919555.0,697.0,82,1,20,89.5,Call Center
100022,Vivaan,Khan,M,Kolkata,2022-09-16,34,,662.0,81,0,12,86.8,Email
100023,Arjun,Verma,F,Mumbai,2021-12-03,37,996291.0,700.0,81,1,15,76.6,Email
100024,Diya,Yadav,F,Kolkata,2023-08-05,23,827190.0,610.0,61,0,18,68.4,Call Center
100025,Neha,Malhotra,F,Delhi,2020-04-15,31,1158754.0,806.0,75,1,13,97.1,App
100026,Anaya,Sharma,F,Ahmedabad,2021-10-02,37,996063.0,625.0,84,1,16,79.2,App
100027,Sahil,Saxena,F,Kolkata,2021-08-31,26,996329.0,639.0,10,1,13,74.1,Email
100028,Aarav,Malhotra,M,Chennai,2022-09-22,39,1017038.0,684.0,29,1,14,70.4,App
100029,Rohan,Kulkarni,F,Mumbai,2022-10-05,31,1339724.0,767.0,48,1,22,74.9,Email
100030,Diya,Iyer,F,Lucknow,2023-05-31,33,626939.0,702.0,81,1,15,55.7,Email
100031,Sahil,Khan,F,Ahmedabad,2021-01-16,31,997814.0,628.0,62,1,22,83.4,Email
100032,Aarav,Reddy,M,Jaipur,2022-04-17,53,673944.0,771.0,13,1,16,88.2,Call Center
100033,Karan,Yadav,F,Delhi,2020-04-13,36,1037601.0,733.0,44,1,15,77.1,Email
100034,Varun,Singh,M,Lucknow,2021-10-25,26,691306.0,715.0,47,1,17,63.6,SMS
100035,Meera,Kapoor,M,,2023-02-11,43,775957.0,716.0,64,0,15,82.0,Call Center
100036,Anaya,Kapoor,M,Kolkata,2022-12-14,25,858812.0,834.0,91,1,21,81.7,Email
100037,Vivaan,Kapoor,M,Delhi,2020-04-30,38,1090783.0,821.0,53,0,11,67.3,App
100038,Riya,Iyer,M,Bengaluru,2023-05-25,21,1071178.0,663.0,90,1,21,87.1,SMS
100039,Kabir,Saxena,F,Pune,2022-10-23,24,634159.0,788.0,92,1,15,77.9,Email
100040,Riya,Mehta,F,Delhi,2023-01-20,38,893912.0,,77,1,21,78.9,Email
100041,Anaya,Gupta,M,,2021-02-10,43,,720.0,76,1,13,67.9,Email
100042,Vivaan,Yadav,F,Bengaluru,2021-11-06,38,603210.0,604.0,44,0,19,70.7,Email
100043,Meera,Verma,M,,2021-03-16,35,834224.0,683.0,28,1,24,67.6,SMS
100044,Sneha,Mehta,M,Mumbai,2021-03-07,33,809064.0,658.0,2,1,25,75.4,App
100045,Aarav,Singh,M,Chennai,2022-06-27,23,1496541.0,743.0,57,1,14,80.6,Email
100046,Aisha,Mehta,F,Ahmedabad,2020-03-01,30,984945.0,762.0,57,1,12,89.9,SMS
100047,Varun,Patel,M,Kolkata,2021-12-26,32,603180.0,593.0,34,0,13,77.6,App
100048,Meera,Das,M,Chennai,2023-06-24,46,,701.0,87,1,15,81.5,App
100049,Sneha,Gupta,M,Lucknow,2022-07-27,39,1195554.0,761.0,58,1,13,73.7,SMS
100050,Sahil,Saxena,F,Chennai,2022-05-18,21,1319429.0,677.0,52,1,8,63.0,SMS
100051,Priya,Kapoor,F,Chennai,2023-10-27,39,540446.0,738.0,29,0,9,74.0,App
100052,Priya,Verma,M,Delhi,2023-08-05,33,451577.0,704.0,35,1,13,91.8,Email
100053,Meera,Gupta,M,Delhi,2022-11-13,30,1289689.0,707.0,75,1,15,83.6,SMS
100054,Meera,Nair,F,Chennai,2021-02-09,42,998407.0,685.0,48,1,20,79.4,Call Center
100055,Pooja,Nair,F,Delhi,2023-08-24,45,718466.0,621.0,33,1,14,52.6,App
100056,Meera,Reddy,M,Jaipur,2021-09-04,44,1029672.0,,75,1,18,79.1,SMS
100057,Rohan,Mehta,F,Kolkata,2023-10-27,28,288688.0,744.0,73,1,16,64.1,SMS
100058,Isha,Kulkarni,F,Ahmedabad,2020-08-02,33,915494.0,699.0,78,1,20,61.4,Email
100059,Aarav,Sharma,M,Ahmedabad,2020-09-18,39,1003739.0,668.0,9,0,11,59.1,SMS
100060,Arjun,Mishra,F,Kolkata,2022-07-03,45,1179077.0,660.0,48,1,11,66.4,App
100061,Sahil,Kapoor,M,Ahmedabad,2023-10-01,32,656824.0,699.0,67,1,11,84.1,SMS
100062,Aditya,Verma,F,Chennai,2023-12-07,34,942140.0,752.0,93,1,9,80.6,Email
100063,Priya,Mishra,M,Kolkata,2020-05-02,26,680539.0,689.0,83,0,10,63.9,SMS
100064,Diya,Malhotra,M,Kolkata,2022-02-02,25,964866.0,620.0,36,1,8,64.9,Email
100065,Diya,Singh,F,Bengaluru,2020-11-15,43,712099.0,731.0,96,1,17,82.5,Email
100066,Neha,Bose,F,Lucknow,2023-09-22,48,817561.0,678.0,71,1,18,81.8,Email
100067,Karan,Bose,M,,2020-06-06,35,660966.0,688.0,92,1,15,78.1,Email
100068,Meera,Nair,M,Mumbai,2023-09-12,45,,791.0,44,1,22,64.1,App
100069,Rahul,Iyer,M,Bengaluru,2022-12-24,39,1122576.0,,82,1,17,69.8,App
100070,Aarav,Reddy,F,Delhi,2021-01-03,30,869377.0,710.0,60,1,14,100.0,SMS
100071,Neha,Joshi,F,Delhi,2022-05-19,39,947899.0,616.0,63,1,11,61.4,App
100072,Diya,Joshi,F,Pune,2022-10-24,50,597072.0,684.0,5,1,20,78.3,Call Center
100073,Isha,Mehta,F,Delhi,2021-11-16,36,839015.0,736.0,87,1,18,100.0,SMS
100074,Sahil,Joshi,F,Delhi,2022-07-02,50,869918.0,630.0,86,1,15,72.7,Call Center
100075,Aarav,Verma,F,Bengaluru,2022-12-19,21,1539986.0,717.0,90,1,12,95.3,Email
100076,Isha,Verma,F,Mumbai,2022-12-04,43,623444.0,706.0,76,1,21,70.2,Call Center
100077,Arjun,Jain,M,Hyderabad,2021-08-06,37,1321055.0,693.0,40,0,10,47.5,App
100078,Rahul,Kapoor,F,Ahmedabad,2021-06-26,33,,765.0,19,0,24,70.5,Email
100079,Pooja,Verma,M,Jaipur,2020-06-04,37,1002507.0,717.0,47,1,13,69.8,Email
100080,Meera,Patel,M,Jaipur,2022-06-06,21,,780.0,65,1,11,57.5,App
100081,Aditya,Das,M,Jaipur,2022-01-21,34,1003925.0,652.0,67,1,24,67.9,Email
100082,Aarav,Verma,F,Ahmedabad,2020-03-04,39,868286.0,703.0,91,1,16,89.6,SMS
100083,Neha,Bose,M,Ahmedabad,2021-02-24,49,877170.0,710.0,18,1,15,73.7,SMS
100084,Aisha,Khan,M,Bengaluru,2020-11-18,31,1184288.0,629.0,50,0,13,70.6,Email
100085,Pooja,Khan,F,Delhi,2023-02-06,29,1155362.0,745.0,30,0,19,91.9,Email
100086,Vivaan,Kulkarni,F,Mumbai,2021-06-30,31,764199.0,830.0,66,1,22,68.4,SMS
100087,Vivaan,Sharma,F,,2020-09-07,44,587843.0,697.0,5,0,13,80.7,Email
100088,Isha,Malhotra,M,Kolkata,2022-05-15,39,873557.0,724.0,93,0,14,51.2,Email
100089,Rohan,Mehta,F,Pune,2021-05-24,31,719225.0,693.0,42,1,15,65.0,App
100090,Rahul,Yadav,M,Bengaluru,2021-03-16,41,911036.0,667.0,84,1,14,73.0,SMS
100091,Karan,Saxena,M,Delhi,2021-03-29,37,1150793.0,585.0,94,1,11,87.4,SMS
100092,Vivaan,Sharma,M,Lucknow,2021-10-05,45,819408.0,666.0,5,1,17,65.5,Email
100093,Varun,Sharma,M,Bengaluru,2022-03-27,30,940506.0,621.0,50,1,18,63.5,SMS
100094,Kabir,Saxena,M,Mumbai,2021-11-09,33,919031.0,793.0,85,1,14,79.7,App
100095,Meera,Jain,F,Mumbai,2020-09-30,32,1146760.0,692.0,58,1,13,81.2,SMS
100096,Kabir,Patel,F,Chennai,2020-02-29,23,380286.0,672.0,79,1,10,63.4,Email
100097,Aarav,Verma,M,Mumbai,2020-12-07,39,757688.0,747.0,84,0,15,69.2,App
100098,Meera,Patel,M,Delhi,2023-11-18,38,964908.0,639.0,8,0,13,84.1,App
100099,Rohan,Malhotra,M,Mumbai,2020-04-22,36,1244442.0,659.0,31,1,20,57.5,Email
100100,Rohan,Das,F,Bengaluru,2023-05-29,34,826838.0,701.0,12,1,15,84.1,SMS
100101,Vivaan,Yadav,M,Ahmedabad,2020-03-08,23,447679.0,754.0,21,1,13,72.8,Email
100102,Rohan,Patel,M,Chennai,2023-08-31,32,1024942.0,725.0,94,1,14,91.6,Email
100103,Karan,Bose,M,Ahmedabad,2021-04-11,33,758080.0,710.0,62,1,19,83.6,App
100104,Priya,Malhotra,F,Mumbai,2022-05-07,29,616973.0,688.0,91,1,17,81.9,App
100105,Vivaan,Das,M,Chennai,2020-09-19,35,770704.0,716.0,90,1,13,65.3,App
100106,Aditya,Malhotra,M,Delhi,2023-02-28,40,862699.0,701.0,33,1,17,78.0,App
100107,Rahul,Reddy,M,Bengaluru,2021-02-27,53,757390.0,640.0,26,1,9,82.4,App
100108,Rahul,Khan,F,Delhi,2023-07-14,38,411948.0,694.0,90,1,13,80.1,App
100109,Priya,Jain,M,Pune,2021-12-20,38,1145263.0,642.0,40,1,16,73.9,App
100110,Pooja,Malhotra,F,Pune,2023-05-20,35,1233851.0,712.0,65,1,16,76.9,App
100111,Rohan,Patel,M,Mumbai,2021-07-16,21,1038813.0,669.0,59,0,17,54.0,App
100112,Meera,Malhotra,F,Jaipur,2022-09-09,36,641020.0,840.0,15,1,13,95.7,SMS
100113,Meera,Kulkarni,F,Bengaluru,2022-07-07,37,858757.0,692.0,1,1,18,68.0,App
100114,Arjun,Das,F,Chennai,2020-10-14,58,910353.0,620.0,11,1,15,70.6,Email
100115,Sneha,Malhotra,M,Pune,2021-02-28,34,1037490.0,702.0,55,1,16,60.3,App
100116,Rahul,Sharma,M,Hyderabad,2021-07-07,39,1094422.0,715.0,2,1,16,76.8,App
100117,Priya,Singh,M,Jaipur,2022-01-28,36,764169.0,785.0,65,1,18,81.9,Email
100118,Varun,Saxena,F,Ahmedabad,2020-08-31,25,948735.0,667.0,95,1,13,71.6,Email
100119,Neha,Verma,F,Bengaluru,2022-09-26,46,1014292.0,610.0,44,1,15,51.7,Email
100120,Varun,Iyer,M,Jaipur,2023-09-19,43,1238055.0,740.0,16,1,15,67.6,Email
100121,Sahil,Joshi,F,Delhi,2020-11-23,43,936137.0,613.0,22,1,21,85.0,SMS
100122,Aisha,Verma,M,Hyderabad,2021-12-15,28,1105187.0,677.0,18,1,18,76.5,App
100123,Karan,Khan,F,Bengaluru,2023-02-03,49,943731.0,683.0,47,1,9,73.0,Email
100124,Riya,Jain,M,Delhi,2022-03-11,23,1252170.0,699.0,81,1,14,74.6,Email
100125,Meera,Malhotra,M,Ahmedabad,2023-01-07,41,985004.0,744.0,30,1,21,56.0,Email
100126,Karan,Saxena,M,Lucknow,2023-04-03,56,737782.0,660.0,10,0,8,85.1,SMS
100127,Aarav,Joshi,F,Delhi,2021-09-22,27,1325151.0,694.0,58,1,15,58.3,SMS
100128,Vivaan,Yadav,F,,2022-12-16,31,,705.0,62,1,19,73.5,SMS
100129,Arjun,Malhotra,M,Delhi,2022-08-17,37,804319.0,703.0,85,1,19,66.2,App
100130,Rohan,Verma,F,Kolkata,2022-08-17,31,788127.0,715.0,80,1,14,85.4,Email
100131,Pooja,Mehta,M,Hyderabad,2023-04-26,22,961113.0,727.0,6,1,12,84.4,App
100132,Rahul,Saxena,M,Jaipur,2022-12-11,37,1035562.0,754.0,67,0,22,75.6,App
100133,Pooja,Khan,M,Jaipur,2022-12-31,26,940422.0,705.0,41,1,21,86.6,SMS
100134,Aisha,Bose,F,Jaipur,2022-01-22,40,956462.0,728.0,43,1,16,62.1,SMS
100135,Aisha,Malhotra,F,Ahmedabad,2020-11-19,28,1326056.0,613.0,85,0,19,74.5,Email
100136,Meera,Malhotra,F,Jaipur,2023-09-23,50,1133251.0,694.0,77,1,17,64.3,Call Center
100137,Karan,Saxena,F,Bengaluru,2020-06-03,29,,712.0,18,1,15,85.9,App
100138,Priya,Gupta,M,Chennai,2020-02-28,33,1109638.0,737.0,58,1,14,86.2,Email
100139,Sahil,Das,F,Hyderabad,2023-07-22,43,675086.0,660.0,60,1,17,85.5,Email
100140,Vivaan,Reddy,M,Bengaluru,2020-07-19,25,1005258.0,657.0,88,1,16,69.5,Email
100141,Karan,Das,F,Mumbai,2020-10-21,38,1265438.0,660.0,27,0,15,84.3,Email
100142,Diya,Bose,M,Bengaluru,2023-09-07,48,865047.0,724.0,68,1,20,56.8,App
100143,Sahil,Nair,F,Chennai,2023-09-14,22,693542.0,750.0,22,0,12,58.4,App
100144,Priya,Mishra,F,Delhi,2023-11-14,38,788590.0,683.0,24,1,11,70.7,Call Center
100145,Pooja,Mishra,M,Delhi,2022-09-24,38,615098.0,742.0,40,0,11,62.9,Email
100146,Priya,Nair,F,,2023-07-31,43,732407.0,692.0,74,1,19,85.6,App
100147,Aditya,Bose,M,Pune,2023-04-14,25,840224.0,697.0,66,1,14,71.8,Email
100148,Anaya,Kulkarni,M,Ahmedabad,2021-09-01,24,559052.0,693.0,40,1,18,62.5,SMS
100149,Meera,Kapoor,F,Delhi,2020-12-14,41,906042.0,738.0,6,1,9,61.8,SMS
100150,Kabir,Nair,F,Hyderabad,2023-12-26,39,1124895.0,707.0,18,1,7,83.5,App
100151,Isha,Yadav,M,Jaipur,2022-08-20,38,692881.0,807.0,81,1,20,47.7,App
100152,Vivaan,Iyer,M,Delhi,2021-01-16,39,1284451.0,651.0,87,1,23,61.6,Email
100153,Karan,Sharma,M,Hyderabad,2023-07-19,30,1034294.0,700.0,30,0,9,91.5,Call Center
100154,Aisha,Saxena,F,Ahmedabad,2021-05-06,38,1177501.0,662.0,21,0,9,71.9,App
100155,Aisha,Yadav,M,Lucknow,2020-11-26,39,761623.0,656.0,62,1,17,82.2,Email
100156,Kabir,Nair,F,Lucknow,2022-05-24,30,1114059.0,686.0,10,1,16,76.9,App
100157,Karan,Kulkarni,F,Pune,2020-06-06,53,647404.0,707.0,13,0,11,74.1,Call Center
100158,Varun,Kapoor,M,,2021-03-07,40,1126824.0,822.0,76,0,17,61.2,App
100159,Sneha,Kapoor,M,Lucknow,2023-09-10,25,996516.0,680.0,9,0,14,59.9,SMS
100160,Priya,Sharma,M,Jaipur,2023-02-13,42,1037219.0,622.0,68,1,24,61.3,SMS
100161,Neha,Mehta,F,Lucknow,2021-09-10,27,610173.0,718.0,39,1,24,80.5,Email
100162,Pooja,Iyer,M,Kolkata,2021-09-10,43,720272.0,587.0,24,1,19,84.5,Email
100163,Sneha,Nair,F,Mumbai,2021-09-17,46,1111198.0,713.0,34,0,18,61.5,Call Center
100164,Neha,Das,M,Chennai,2021-03-10,29,697371.0,,61,0,17,71.9,App
100165,Riya,Sharma,F,Pune,2022-03-06,45,1074651.0,739.0,41,1,21,77.1,Email
100166,Aditya,Verma,M,Chennai,2022-07-20,40,590032.0,744.0,5,1,12,75.8,SMS
100167,Aarav,Singh,F,Lucknow,2021-07-25,43,1200867.0,678.0,79,1,13,62.2,Email
100168,Rahul,Kulkarni,F,Kolkata,2020-09-22,53,593864.0,711.0,50,0,13,94.2,Email
100169,Neha,Kapoor,M,Mumbai,2023-11-22,34,1035120.0,664.0,4,1,18,85.9,SMS
100170,Diya,Verma,F,Kolkata,2020-04-11,29,1074525.0,638.0,51,1,19,74.8,Email
100171,Aisha,Gupta,M,Bengaluru,2022-12-22,28,729496.0,716.0,52,1,16,63.6,Email
100172,Aditya,Malhotra,F,Jaipur,2022-09-23,29,1081214.0,615.0,39,1,13,69.9,Call Center
100173,Aarav,Reddy,F,Lucknow,2021-12-09,35,985696.0,682.0,8,1,11,80.6,Email
100174,Sneha,Iyer,F,Chennai,2022-10-11,39,777927.0,637.0,45,1,23,73.9,SMS
100175,Sahil,Mehta,F,Bengaluru,2022-04-03,38,680185.0,718.0,88,1,20,78.0,SMS
100176,Meera,Singh,F,Chennai,2020-08-09,43,449995.0,796.0,28,1,17,51.1,SMS
100177,Sneha,Khan,F,Hyderabad,2022-07-03,36,1009875.0,620.0,27,1,23,70.0,App
100178,Sahil,Saxena,M,Ahmedabad,2021-03-11,49,537610.0,589.0,65,1,18,75.0,Email
100179,Aisha,Gupta,M,Lucknow,2023-04-28,34,874182.0,687.0,34,1,23,91.7,App
100180,Varun,Iyer,F,Pune,2021-10-01,60,868011.0,684.0,81,1,15,67.6,SMS
100181,Rahul,Yadav,F,Ahmedabad,2022-08-02,42,1067417.0,708.0,62,1,17,59.4,SMS
100182,Rohan,Kulkarni,F,Chennai,2020-11-29,28,819928.0,675.0,62,0,11,81.8,SMS
100183,Vivaan,Sharma,M,Delhi,2022-06-25,26,823206.0,679.0,38,0,20,74.9,SMS
100184,Aditya,Reddy,F,Ahmedabad,2023-08-17,40,1075820.0,729.0,26,1,23,53.4,Email
100185,Isha,Kulkarni,F,Ahmedabad,2020-12-16,34,947161.0,750.0,24,0,20,58.1,SMS
100186,Kabir,Mishra,M,Mumbai,2021-07-23,42,959419.0,581.0,39,1,10,66.6,SMS
100187,Varun,Verma,M,,2021-12-28,40,1016679.0,685.0,21,0,16,73.9,SMS
100188,Sneha,Das,M,Chennai,2020-04-24,35,545410.0,711.0,94,1,11,92.4,Email
100189,Neha,Khan,M,Pune,2022-06-27,28,1059180.0,659.0,47,1,32,60.9,Email
100190,Isha,Saxena,F,,2021-01-01,22,1015617.0,806.0,48,1,20,80.9,App
100191,Varun,Jain,F,Chennai,2023-07-16,32,654145.0,652.0,13,1,10,52.0,SMS
100192,Arjun,Patel,M,Ahmedabad,2022-03-14,44,859132.0,714.0,3,1,14,79.6,App
100193,Anaya,Kapoor,F,Chennai,2023-01-14,38,883931.0,710.0,32,1,7,97.2,Email
100194,Isha,Nair,F,Jaipur,2022-06-14,25,899303.0,655.0,35,1,16,73.4,App
100195,Rahul,Patel,M,Pune,2022-08-26,38,1020285.0,585.0,19,1,15,68.9,Email
100196,Riya,Khan,F,Hyderabad,2021-01-12,39,1307387.0,685.0,14,1,22,89.1,App
100197,Kabir,Mehta,F,Delhi,2023-03-16,28,1184533.0,759.0,48,1,21,78.8,Email
100198,Pooja,Bose,F,Jaipur,2022-10-08,37,607717.0,681.0,86,1,14,71.4,Email
100199,Varun,Das,M,Lucknow,2020-04-27,37,1096713.0,632.0,81,0,18,61.4,Email
100200,Sahil,Iyer,F,Lucknow,2022-10-10,26,1180581.0,749.0,68,1,20,81.2,App
100201,Meera,Jain,M,Hyderabad,2023-03-04,39,1018125.0,700.0,45,0,21,65.6,SMS
100202,Aditya,Nair,M,Pune,2021-06-10,41,1197358.0,674.0,19,1,9,78.0,Email
100203,Sneha,Yadav,M,Mumbai,2022-03-24,46,1382786.0,703.0,64,1,13,75.3,SMS
100204,Kabir,Reddy,M,Jaipur,2020-07-24,45,1177016.0,749.0,66,1,22,89.0,Email
100205,Isha,Das,M,Ahmedabad,2023-06-10,24,959123.0,830.0,79,1,15,72.8,App
100206,Priya,Yadav,M,Mumbai,2022-03-26,28,1156792.0,739.0,66,1,13,73.5,Call Center
100207,Riya,Patel,F,Delhi,2020-03-06,41,953303.0,757.0,75,1,14,92.3,App
100208,Varun,Nair,F,Jaipur,2020-01-04,41,923769.0,674.0,45,1,23,79.2,Call Center
100209,Anaya,Yadav,M,Pune,2020-01-03,41,794565.0,640.0,87,1,10,79.3,App
100210,Aisha,Kapoor,M,,2023-07-06,70,,702.0,74,1,20,73.1,App
100211,Aditya,Jain,F,Mumbai,2020-11-20,41,717693.0,685.0,67,1,11,74.4,Email
100212,Neha,Nair,M,Ahmedabad,2023-06-17,46,1284185.0,638.0,69,1,17,87.4,Email
100213,Diya,Kapoor,M,Pune,2021-08-27,45,1046557.0,680.0,3,1,12,100.0,App
100214,Varun,Sharma,F,Bengaluru,2022-03-06,42,580501.0,728.0,38,1,11,55.7,SMS
100215,Anaya,Mishra,M,Kolkata,2021-06-18,33,1026989.0,710.0,77,1,14,61.0,Call Center
100216,Arjun,Sharma,M,Mumbai,2023-09-03,43,411749.0,720.0,42,1,19,75.7,App
100217,Diya,Kapoor,M,Lucknow,2021-08-21,29,1082132.0,703.0,83,1,19,75.8,App
100218,Aarav,Kulkarni,M,Hyderabad,2022-12-10,34,1113183.0,677.0,40,1,15,76.6,Email
100219,Aditya,Saxena,F,Chennai,2022-04-11,32,750260.0,674.0,50,1,19,65.8,Email
100220,Priya,Patel,M,Lucknow,2022-12-02,37,1007489.0,623.0,35,0,13,61.6,App
100221,Isha,Iyer,F,Lucknow,2023-05-12,57,1388677.0,789.0,24,1,11,65.2,SMS
100222,Sahil,Patel,F,,2020-12-12,21,749649.0,705.0,88,0,15,85.2,Call Center
100223,Aditya,Bose,M,Pune,2022-12-17,42,676958.0,702.0,17,0,15,74.8,App
100224,Aditya,Reddy,M,Jaipur,2020-02-28,21,1264089.0,651.0,40,1,15,83.5,Call Center
100225,Aisha,Patel,F,Jaipur,2021-11-10,32,1404833.0,847.0,74,0,10,56.9,SMS
100226,Pooja,Gupta,F,Kolkata,2021-05-25,46,924203.0,637.0,66,1,16,94.3,SMS
100227,Arjun,Saxena,M,Hyderabad,2023-09-03,37,1123029.0,666.0,44,1,14,67.8,App
100228,Varun,Patel,M,Mumbai,2023-12-27,26,1256893.0,720.0,23,0,16,83.9,SMS
100229,Vivaan,Mishra,F,Kolkata,2023-10-27,30,721066.0,740.0,6,1,14,73.9,Call Center
100230,Pooja,Malhotra,M,Kolkata,2020-07-25,42,777258.0,746.0,66,1,23,71.1,Email
100231,Isha,Nair,M,Ahmedabad,2020-04-20,29,1187985.0,794.0,21,1,20,79.5,Email
100232,Sahil,Jain,M,Pune,2020-01-23,38,1268138.0,744.0,35,1,13,84.7,App
100233,Karan,Kulkarni,M,Chennai,2023-12-22,36,1056642.0,654.0,29,1,20,100.0,Email
100234,Aditya,Khan,M,Kolkata,2022-02-25,30,743465.0,685.0,7,1,10,81.3,SMS
100235,Isha,Joshi,M,Kolkata,2022-10-31,55,1334625.0,724.0,93,0,16,85.0,Email
100236,Aisha,Patel,F,Lucknow,2021-07-25,42,814750.0,802.0,53,1,17,86.1,Email
100237,Meera,Joshi,M,Mumbai,2022-01-16,21,893311.0,626.0,37,1,17,81.6,Email
100238,Karan,Kapoor,M,Chennai,2021-05-29,38,973606.0,765.0,23,1,14,70.4,App
100239,Aisha,Sharma,M,Mumbai,2020-05-23,30,1234532.0,711.0,8,1,15,81.1,App
100240,Riya,Sharma,F,Pune,2022-09-18,44,1121205.0,733.0,76,1,10,84.3,SMS
100241,Varun,Jain,M,Kolkata,2022-03-19,29,969780.0,680.0,48,0,6,94.1,App
100242,Pooja,Bose,M,Hyderabad,2020-10-20,35,1005021.0,648.0,10,0,11,58.2,SMS
100243,Kabir,Nair,M,Kolkata,2020-11-20,41,948337.0,728.0,79,1,11,52.2,SMS
100244,Riya,Mishra,M,Lucknow,2020-07-11,44,1086519.0,726.0,24,1,16,93.6,App
100245,Karan,Yadav,F,Delhi,2023-08-07,25,305676.0,772.0,90,0,18,68.6,App
100246,Anaya,Yadav,F,Pune,2023-12-13,33,832516.0,707.0,47,1,11,54.6,App
100247,Anaya,Khan,M,Chennai,2021-04-04,32,962463.0,668.0,53,0,14,57.3,App
100248,Arjun,Joshi,F,Lucknow,2022-12-07,30,612206.0,616.0,39,1,17,96.5,App
100249,Riya,Sharma,M,,2023-02-04,52,984343.0,746.0,67,1,7,79.1,SMS
100250,Vivaan,Joshi,M,Delhi,2023-07-11,40,846044.0,719.0,66,1,8,66.5,Email
100251,Sneha,Reddy,M,Bengaluru,2023-06-30,25,1340863.0,648.0,6,0,14,64.9,Email
100252,Kabir,Jain,F,Bengaluru,2023-03-27,44,1288590.0,676.0,21,1,18,75.2,App
100253,Rohan,Bose,M,Lucknow,2021-06-09,55,802627.0,670.0,73,1,18,80.8,App
100254,Pooja,Jain,M,Chennai,2022-07-07,45,868821.0,628.0,74,0,16,72.7,App
100255,Kabir,Iyer,M,Hyderabad,2020-01-29,22,924894.0,651.0,36,0,21,64.4,Email
100256,Priya,Yadav,M,Bengaluru,2021-06-21,32,802690.0,628.0,3,1,16,87.8,Call Center
100257,Karan,Jain,F,Kolkata,2020-05-22,47,982021.0,677.0,88,1,13,77.8,Email
100258,Kabir,Kulkarni,F,Bengaluru,2021-09-18,30,743086.0,655.0,86,0,22,67.9,App
100259,Aisha,Verma,F,Lucknow,2022-04-20,40,,607.0,78,1,13,83.5,Email
100260,Riya,Das,F,Kolkata,2020-08-05,43,1082419.0,816.0,42,1,15,50.9,SMS
100261,Vivaan,Sharma,F,Mumbai,2021-08-15,28,1048555.0,764.0,45,0,15,81.8,SMS
100262,Aditya,Das,M,Pune,2021-12-13,35,702102.0,648.0,44,1,11,83.2,App
100263,Vivaan,Joshi,M,Kolkata,2020-03-07,21,1119339.0,710.0,91,0,7,61.2,SMS
100264,Diya,Patel,M,Kolkata,2022-01-30,27,792876.0,715.0,33,0,24,52.5,Email
100265,Diya,Verma,M,Kolkata,2020-05-23,34,974910.0,758.0,60,0,12,66.8,Email
100266,Isha,Mishra,M,Chennai,2023-03-10,25,1087015.0,661.0,86,1,13,76.6,App
100267,Vivaan,Patel,M,Kolkata,2023-10-01,51,881085.0,750.0,93,1,12,78.8,SMS
100268,Karan,Jain,M,Bengaluru,2021-04-09,23,869796.0,669.0,83,1,13,90.1,Email
100269,Sneha,Kulkarni,M,Pune,2020-04-05,32,769816.0,622.0,83,1,19,76.4,Email
100270,Karan,Mishra,F,Mumbai,2021-02-11,37,870522.0,737.0,70,1,18,61.7,App
100271,Sahil,Joshi,M,Delhi,2023-02-15,49,855308.0,,83,1,12,71.5,App
100272,Sneha,Mehta,M,Mumbai,2022-03-14,23,738327.0,843.0,77,1,23,61.9,App
100273,Aisha,Mishra,F,Mumbai,2022-01-26,46,845694.0,630.0,26,1,21,75.6,Email
100274,Aarav,Jain,M,Mumbai,2023-11-04,36,560641.0,744.0,86,1,10,95.4,App
100275,Meera,Gupta,M,Jaipur,2021-12-13,27,927731.0,678.0,21,1,18,80.2,Call Center
100276,Meera,Patel,M,Lucknow,2020-10-04,40,829161.0,741.0,2,1,12,66.3,SMS
100277,Isha,Kapoor,F,Lucknow,2020-12-26,38,815584.0,617.0,47,1,16,83.4,Email
100278,Arjun,Joshi,F,Chennai,2023-10-25,31,858634.0,647.0,30,0,20,64.2,App
100279,Arjun,Patel,F,,2020-07-30,37,845621.0,649.0,27,1,29,40.5,SMS
100280,Arjun,Reddy,M,Lucknow,2023-07-06,33,984659.0,704.0,71,1,16,63.2,App
100281,Anaya,Nair,M,Hyderabad,2023-01-25,37,1102741.0,665.0,20,0,9,79.3,Email
100282,Kabir,Bose,M,Kolkata,2023-05-18,42,737847.0,721.0,50,1,12,86.1,App
100283,Diya,Sharma,F,Mumbai,2022-02-16,50,649004.0,754.0,95,1,26,97.1,SMS
100284,Vivaan,Sharma,F,Mumbai,2020-01-21,25,,719.0,23,1,11,79.6,App
100285,Aditya,Mishra,M,Delhi,2021-12-29,55,805675.0,786.0,13,0,14,92.4,App
100286,Arjun,Verma,F,Jaipur,2023-12-27,21,776190.0,708.0,81,1,17,84.8,SMS
100287,Sneha,Joshi,M,Ahmedabad,2021-09-07,35,691808.0,634.0,4,1,22,90.3,Email
100288,Vivaan,Verma,F,Mumbai,2021-01-05,41,592940.0,763.0,14,0,15,86.3,Email
100289,Karan,Kapoor,F,Mumbai,2023-11-17,39,806928.0,665.0,20,0,21,78.9,App
100290,Vivaan,Joshi,M,Lucknow,2021-09-15,30,918291.0,735.0,13,1,11,88.2,App
100291,Diya,Joshi,F,Jaipur,2023-05-27,34,1060245.0,789.0,3,0,9,68.0,SMS
100292,Anaya,Mehta,M,Jaipur,2021-09-23,32,807705.0,722.0,90,0,14,47.1,Email
100293,Anaya,Iyer,M,Hyderabad,2022-01-30,31,794319.0,615.0,90,1,14,87.6,App
100294,Varun,Malhotra,F,Ahmedabad,2022-04-26,44,691133.0,648.0,82,1,8,77.6,Email
100295,Priya,Yadav,F,Lucknow,2022-08-05,39,895165.0,775.0,96,1,18,60.9,Call Center
100296,Aarav,Nair,M,,2023-01-24,30,701344.0,682.0,78,1,14,61.7,SMS
100297,Priya,Mishra,F,Pune,2023-12-26,44,1053737.0,702.0,47,1,11,77.7,SMS
100298,Kabir,Reddy,F,Hyderabad,2020-07-06,39,489227.0,736.0,3,1,18,83.8,Email
100299,Pooja,Sharma,M,,2021-05-15,43,820623.0,746.0,1,1,17,83.7,App
100300,Rahul,Iyer,M,Jaipur,2022-05-25,42,984269.0,710.0,90,1,15,59.2,Email
100301,Priya,Gupta,F,Delhi,2021-01-09,29,975823.0,681.0,24,1,22,61.7,SMS
100302,Riya,Iyer,M,Pune,2021-03-09,31,1569567.0,669.0,35,1,12,78.5,SMS
100303,Pooja,Iyer,F,Chennai,2023-12-17,43,943039.0,743.0,14,1,20,74.6,SMS
100304,Rahul,Nair,M,Pune,2023-03-13,41,656426.0,722.0,67,1,13,91.3,App
100305,Neha,Yadav,M,Hyderabad,2021-05-13,36,,687.0,13,1,16,67.9,Email
100306,Kabir,Reddy,M,Mumbai,2020-01-06,37,,760.0,47,1,12,84.5,Email
100307,Anaya,Malhotra,F,Jaipur,2023-09-02,47,874175.0,695.0,50,1,11,75.8,Email
100308,Aarav,Kapoor,F,Delhi,2023-06-07,31,683429.0,641.0,78,1,13,70.7,App
100309,Rohan,Joshi,M,,2023-02-19,41,1196845.0,634.0,85,0,17,84.4,Email
100310,Aarav,Kulkarni,M,Delhi,2021-09-08,34,807845.0,644.0,26,0,10,61.3,Call Center
100311,Kabir,Joshi,F,Jaipur,2021-12-11,34,911714.0,690.0,3,0,22,79.0,Call Center
100312,Anaya,Kulkarni,M,Pune,2021-04-19,46,762237.0,763.0,51,1,11,74.9,Call Center
100313,Aditya,Singh,M,Bengaluru,2021-07-27,43,907268.0,668.0,40,0,10,77.1,Call Center
100314,Sneha,Mehta,M,Hyderabad,2022-03-06,43,830549.0,707.0,68,1,19,88.3,Email
100315,Vivaan,Nair,M,Mumbai,2021-05-22,48,1369486.0,656.0,36,1,19,78.0,App
100316,Riya,Singh,M,Lucknow,2021-08-14,36,1139812.0,,51,1,27,82.5,SMS
100317,Neha,Yadav,M,Ahmedabad,2020-06-23,42,1027657.0,626.0,1,0,22,77.4,App
100318,Anaya,Khan,M,Kolkata,2021-11-22,33,1017949.0,686.0,33,1,12,97.2,SMS
100319,Isha,Reddy,F,Chennai,2023-07-18,39,1041314.0,693.0,7,1,14,91.5,SMS
100320,Kabir,Mehta,M,Jaipur,2022-02-26,35,467715.0,725.0,52,1,8,90.5,Call Center
100321,Varun,Kapoor,F,Hyderabad,2021-07-25,37,857633.0,707.0,11,1,18,78.5,SMS
100322,Aditya,Sharma,F,Pune,2020-07-04,41,1086018.0,641.0,27,0,12,64.5,App
100323,Anaya,Kapoor,M,Pune,2021-08-09,29,881610.0,744.0,14,0,18,73.6,App
100324,Meera,Iyer,F,Delhi,2023-01-22,55,,702.0,86,1,20,84.3,App
100325,Karan,Jain,M,Lucknow,2021-05-28,27,906866.0,714.0,80,1,22,88.1,Email
100326,Isha,Iyer,M,Delhi,2023-04-16,25,1314805.0,694.0,46,0,13,84.4,Email
100327,Karan,Kapoor,F,Chennai,2021-10-15,46,1245949.0,672.0,76,1,9,83.8,App
100328,Priya,Yadav,F,Jaipur,2021-07-09,43,906362.0,714.0,10,1,16,95.2,Email
100329,Vivaan,Mishra,F,Mumbai,2020-10-21,42,1123178.0,713.0,24,1,12,74.8,Email
100330,Riya,Patel,F,Hyderabad,2023-06-08,42,812035.0,591.0,61,0,23,86.9,Email
100331,Aarav,Nair,M,Delhi,2023-06-13,36,513333.0,677.0,18,1,14,87.9,Call Center
100332,Riya,Iyer,M,Chennai,2023-01-21,28,696776.0,681.0,86,0,13,82.0,Email
100333,Aditya,Mehta,M,Kolkata,2020-02-13,37,1342697.0,707.0,9,1,7,83.2,Email
100334,Vivaan,Khan,F,Chennai,2021-06-22,30,842428.0,767.0,17,1,17,79.5,Email
100335,Isha,Malhotra,F,Mumbai,2020-02-08,45,863834.0,664.0,58,0,24,65.2,Email
100336,Sahil,Sharma,F,Pune,2023-11-09,35,877370.0,677.0,13,1,19,80.8,SMS
100337,Kabir,Das,M,Pune,2023-12-29,29,1352161.0,674.0,50,0,14,80.9,Call Center
100338,Sahil,Mehta,M,Hyderabad,2020-10-15,33,1280273.0,663.0,6,1,20,84.9,SMS
100339,Aisha,Malhotra,F,Kolkata,2020-09-04,40,1378253.0,683.0,85,1,15,57.4,Email
100340,Priya,Patel,F,Chennai,2020-12-24,31,863250.0,736.0,51,1,18,52.6,App
100341,Neha,Malhotra,M,Pune,2020-07-27,29,989462.0,642.0,36,1,6,66.3,SMS
100342,Aditya,Verma,M,Delhi,2020-05-03,38,573769.0,728.0,71,1,18,77.2,Email
100343,Aarav,Gupta,M,Jaipur,2022-09-01,38,1208731.0,598.0,25,1,17,65.3,App
100344,Sahil,Kulkarni,M,Pune,2021-02-06,31,618635.0,662.0,11,1,14,81.4,Email
100345,Aditya,Nair,F,,2020-10-10,32,909783.0,682.0,44,0,14,92.8,Email
100346,Vivaan,Singh,M,Mumbai,2021-10-24,38,684107.0,795.0,14,1,18,94.9,App
100347,Varun,Bose,F,Jaipur,2021-07-29,23,774363.0,683.0,29,1,14,75.5,Email
100348,Rohan,Jain,M,Bengaluru,2020-08-28,23,897524.0,579.0,74,1,20,88.8,Email
100349,Varun,Iyer,M,Mumbai,2020-06-15,30,727799.0,568.0,50,0,12,68.4,SMS
100350,Rahul,Malhotra,M,Pune,2021-07-14,34,782548.0,713.0,5,0,14,69.3,SMS
100351,Neha,Gupta,F,Mumbai,2020-05-27,39,771598.0,738.0,72,1,15,57.5,Call Center
100352,Sneha,Singh,F,Ahmedabad,2021-12-01,49,1050076.0,725.0,69,1,7,87.7,App
100353,Arjun,Gupta,M,Ahmedabad,2021-09-14,44,,712.0,88,1,9,99.1,Email
100354,Aarav,Das,M,Ahmedabad,2020-09-21,35,994441.0,768.0,57,0,13,74.5,Email
100355,Vivaan,Bose,M,Bengaluru,2021-05-15,36,1187477.0,679.0,26,0,21,42.5,App
100356,Sneha,Mishra,M,Jaipur,2020-10-05,27,814710.0,756.0,6,1,18,64.3,App
100357,Karan,Kulkarni,F,Ahmedabad,2022-01-18,36,772823.0,611.0,16,1,12,65.3,SMS
100358,Diya,Nair,M,Pune,2022-06-21,33,848799.0,654.0,60,0,21,60.9,App
100359,Neha,Jain,M,Pune,2020-06-07,39,1184233.0,601.0,12,0,15,65.6,Call Center
100360,Aditya,Iyer,F,Hyderabad,2022-12-19,29,968623.0,677.0,75,1,13,80.6,App
100361,Vivaan,Singh,M,Delhi,2021-05-13,41,806944.0,691.0,3,1,15,83.2,SMS
100362,Sneha,Verma,M,Lucknow,2023-09-02,50,1064220.0,701.0,63,1,25,49.9,App
100363,Sneha,Malhotra,M,Chennai,2021-05-02,35,677696.0,700.0,64,1,19,72.4,App
100364,Rohan,Kulkarni,F,Bengaluru,2021-04-09,40,1047888.0,645.0,62,1,15,75.2,Email
100365,Aarav,Jain,F,Mumbai,2020-08-15,42,1046703.0,679.0,6,0,22,62.8,SMS
100366,Vivaan,Mehta,M,Delhi,2021-10-27,32,849118.0,618.0,19,1,17,77.1,SMS
100367,Arjun,Singh,F,Mumbai,2023-10-11,38,701677.0,779.0,18,1,10,74.9,Call Center
100368,Rahul,Jain,M,,2022-04-01,36,678294.0,677.0,80,1,11,66.7,Email
100369,Meera,Kapoor,F,Lucknow,2022-03-09,37,1012218.0,668.0,87,1,19,64.4,Call Center
100370,Sahil,Verma,F,Kolkata,2022-01-22,29,1211049.0,791.0,43,1,15,79.0,SMS
100371,Isha,Verma,F,,2023-06-04,36,749014.0,632.0,73,1,12,68.9,Email
100372,Aditya,Yadav,F,Bengaluru,2023-04-07,40,1027744.0,643.0,3,1,22,54.3,App
100373,Arjun,Singh,M,,2023-07-31,49,404998.0,644.0,72,1,11,69.7,Email
100374,Karan,Khan,F,Ahmedabad,2020-09-18,45,755568.0,688.0,38,1,17,59.1,Email
100375,Rahul,Iyer,F,Bengaluru,2022-05-09,55,899915.0,724.0,68,1,21,59.3,App
100376,Varun,Verma,M,Jaipur,2020-12-29,29,692006.0,744.0,76,1,19,77.5,App
100377,Kabir,Verma,F,Pune,2020-04-07,44,664377.0,832.0,44,0,13,71.7,Email
100378,Rahul,Khan,F,Ahmedabad,2022-11-01,38,739036.0,565.0,95,0,13,62.6,Call Center
100379,Arjun,Singh,M,Chennai,2022-02-22,56,930447.0,731.0,89,1,18,79.1,Email
100380,Aarav,Kapoor,M,Kolkata,2021-08-05,29,867012.0,650.0,80,1,8,78.9,SMS
100381,Priya,Mehta,F,Pune,2022-07-15,28,399010.0,639.0,63,0,23,78.5,Email
100382,Aditya,Yadav,F,Hyderabad,2023-12-11,31,401474.0,669.0,42,1,10,76.0,Email
100383,Aisha,Joshi,F,Hyderabad,2020-05-14,21,746151.0,642.0,64,1,28,54.0,Call Center
100384,Isha,Mishra,F,Kolkata,2020-09-15,31,1045264.0,789.0,54,1,16,90.0,Call Center
100385,Sahil,Verma,F,Kolkata,2022-07-04,29,258720.0,746.0,78,0,13,81.9,App
100386,Pooja,Mehta,F,Bengaluru,2021-05-31,37,814188.0,699.0,77,1,10,64.0,Call Center
100387,Diya,Singh,M,Delhi,2023-08-10,39,759146.0,766.0,71,0,13,74.7,SMS
100388,Rahul,Khan,F,Jaipur,2020-05-30,53,1223992.0,,76,1,15,80.3,App
100389,Aisha,Kulkarni,M,Jaipur,2023-07-05,45,813330.0,624.0,37,1,21,74.0,Email
100390,Priya,Khan,M,Hyderabad,2022-05-17,31,1019399.0,600.0,4,1,26,100.0,SMS
100391,Sahil,Mishra,M,Kolkata,2023-03-18,28,,652.0,2,1,11,51.8,SMS
100392,Vivaan,Mishra,M,Kolkata,2022-08-31,40,404002.0,704.0,44,0,17,56.1,App
100393,Sahil,Nair,M,Pune,2020-05-21,24,1089769.0,704.0,67,1,13,48.6,Email
100394,Varun,Joshi,M,Pune,2020-09-07,52,914176.0,707.0,68,1,17,78.4,Call Center
100395,Karan,Reddy,M,Mumbai,2022-08-15,47,1027968.0,628.0,76,1,16,80.0,App
100396,Varun,Bose,M,Lucknow,2022-06-25,32,1893107.0,723.0,83,1,11,76.2,SMS
100397,Aarav,Yadav,M,Ahmedabad,2021-10-05,21,446651.0,723.0,74,0,7,74.5,Email
100398,Isha,Mehta,F,Bengaluru,2022-12-06,48,1302239.0,723.0,62,0,9,83.7,App
100399,Kabir,Bose,F,,2023-10-27,35,858754.0,588.0,1,0,18,73.2,App
100400,Sneha,Gupta,F,Chennai,2020-04-03,47,1008848.0,715.0,17,1,12,82.5,App
100401,Varun,Bose,M,Pune,2022-01-30,22,862540.0,636.0,16,0,18,88.4,SMS
100402,Sneha,Sharma,F,Ahmedabad,2020-12-21,31,841837.0,674.0,9,0,19,61.3,SMS
100403,Aisha,Gupta,M,Mumbai,2021-06-15,36,757818.0,723.0,53,1,15,74.6,App
100404,Rahul,Khan,M,Mumbai,2021-11-22,36,994389.0,703.0,73,1,20,74.5,Email
100405,Arjun,Khan,F,Bengaluru,2023-07-19,32,532800.0,648.0,59,0,15,93.7,App
100406,Kabir,Singh,F,Hyderabad,2023-12-23,42,1075025.0,707.0,9,1,16,66.0,SMS
100407,Aisha,Saxena,F,Mumbai,2021-10-09,26,865559.0,620.0,12,1,7,88.7,App
100408,Anaya,Yadav,F,Hyderabad,2021-12-02,35,648290.0,765.0,41,1,18,58.4,SMS
100409,Arjun,Gupta,M,Bengaluru,2021-12-24,37,838146.0,695.0,15,1,15,90.4,App
100410,Kabir,Gupta,F,Lucknow,2022-07-05,41,1206543.0,763.0,66,0,18,88.6,Call Center
100411,Aditya,Jain,F,Chennai,2020-03-04,42,751805.0,667.0,75,1,16,70.1,Email
100412,Vivaan,Mehta,F,Bengaluru,2022-07-14,26,984450.0,656.0,11,1,14,84.3,SMS
100413,Diya,Joshi,F,Lucknow,2023-04-02,22,741850.0,671.0,8,1,14,68.6,App
100414,Aarav,Verma,M,Kolkata,2023-11-13,47,1083472.0,755.0,55,1,15,63.9,App
100415,Kabir,Sharma,M,Kolkata,2021-12-27,39,,649.0,96,1,11,98.5,Email
100416,Diya,Singh,M,Kolkata,2022-02-04,29,1420652.0,739.0,6,0,19,65.6,SMS
100417,Riya,Reddy,M,Ahmedabad,2022-07-11,50,866740.0,681.0,53,1,21,85.0,Email
100418,Anaya,Yadav,M,,2021-10-14,37,1063005.0,581.0,20,1,20,88.5,App
100419,Sneha,Malhotra,M,Hyderabad,2022-06-23,47,913729.0,678.0,39,1,15,87.3,Email
100420,Aisha,Singh,F,Jaipur,2022-11-06,37,1249627.0,634.0,72,1,13,83.7,Email
100421,Neha,Kulkarni,F,Ahmedabad,2021-08-29,55,779944.0,691.0,34,0,15,83.4,SMS
100422,Isha,Singh,F,Mumbai,2022-01-15,52,1079100.0,623.0,57,1,17,85.7,Email
100423,Priya,Nair,M,Pune,2022-07-28,34,869835.0,752.0,19,1,14,80.2,Call Center
100424,Sneha,Sharma,M,Kolkata,2023-08-17,45,898469.0,685.0,71,1,7,74.0,Email
100425,Neha,Yadav,F,Mumbai,2020-03-28,42,911044.0,682.0,31,0,16,58.8,Email
100426,Riya,Kulkarni,M,Delhi,2021-07-16,48,988779.0,737.0,82,1,16,81.3,Email
100427,Rahul,Patel,F,Pune,2023-06-22,27,881138.0,746.0,40,1,10,91.5,Call Center
100428,Aditya,Joshi,F,Hyderabad,2023-02-10,42,966155.0,693.0,14,0,14,58.2,SMS
100429,Sneha,Saxena,M,Ahmedabad,2021-03-17,46,1315678.0,650.0,81,0,30,74.8,Email
100430,Meera,Singh,F,Hyderabad,2022-10-28,21,1131019.0,605.0,37,1,12,83.8,Email
100431,Sahil,Joshi,M,Ahmedabad,2021-07-12,25,1117028.0,670.0,44,1,23,93.2,SMS
100432,Rahul,Joshi,F,Ahmedabad,2023-01-28,21,785948.0,650.0,9,1,23,58.7,Call Center
100433,Karan,Kapoor,M,Bengaluru,2023-09-30,34,678742.0,696.0,58,1,8,85.9,Call Center
100434,Arjun,Mehta,M,Lucknow,2022-01-22,42,1138237.0,661.0,20,1,8,70.7,Call Center
100435,Aditya,Kapoor,F,Lucknow,2022-06-19,50,1122219.0,737.0,92,1,18,76.2,SMS
100436,Rahul,Mishra,F,Chennai,2021-04-25,37,1288679.0,666.0,50,1,16,65.3,Call Center
100437,Meera,Patel,F,Chennai,2021-12-03,51,750901.0,687.0,20,1,19,66.4,SMS
100438,Pooja,Verma,M,Delhi,2023-09-27,24,830283.0,760.0,36,0,17,77.8,SMS
100439,Kabir,Jain,F,Chennai,2022-07-31,21,953844.0,721.0,27,1,16,70.4,SMS
100440,Riya,Iyer,F,Jaipur,2023-06-11,36,820117.0,707.0,72,1,15,86.3,Email
100441,Sneha,Khan,F,,2022-03-03,39,1099920.0,659.0,32,1,13,57.7,Email
100442,Isha,Yadav,F,Delhi,2023-06-12,36,798444.0,664.0,1,1,16,79.7,App
100443,Aditya,Mehta,F,Delhi,2020-05-05,21,1040743.0,655.0,17,0,15,83.2,App
100444,Priya,Das,F,Kolkata,2021-11-20,35,873340.0,682.0,9,1,15,56.5,Email
100445,Aditya,Kulkarni,F,Lucknow,2021-04-21,24,974248.0,743.0,84,1,17,92.9,Email
100446,Aarav,Nair,M,Chennai,2021-11-15,42,661506.0,701.0,45,1,16,81.0,App
100447,Pooja,Singh,M,Jaipur,2021-01-06,39,895677.0,612.0,96,1,21,84.1,Email
100448,Sahil,Joshi,F,Ahmedabad,2023-02-17,28,277087.0,798.0,66,1,10,85.4,App
100449,Sahil,Jain,F,,2021-06-25,31,883537.0,714.0,32,1,15,85.4,App
100450,Meera,Khan,F,Bengaluru,2021-07-13,26,530445.0,621.0,45,1,21,75.2,App
100451,Karan,Kapoor,M,Pune,2020-06-27,35,1228004.0,664.0,9,1,17,84.4,App
100452,Aarav,Iyer,M,Mumbai,2023-01-22,45,1129733.0,714.0,30,1,14,57.5,App
100453,Riya,Mishra,M,Hyderabad,2021-07-20,27,1019393.0,797.0,84,1,13,81.2,Call Center
100454,Vivaan,Singh,M,Bengaluru,2022-01-17,41,1325460.0,639.0,38,0,13,94.1,App
100455,Rahul,Bose,M,Hyderabad,2022-08-08,31,698010.0,738.0,60,1,30,70.7,App
100456,Anaya,Kulkarni,F,Kolkata,2020-10-28,29,1300546.0,782.0,1,0,22,90.2,Email
100457,Anaya,Saxena,M,Lucknow,2023-12-12,35,1086312.0,658.0,5,0,17,95.0,App
100458,Pooja,Kulkarni,M,Delhi,2021-08-08,27,879525.0,677.0,63,1,14,85.2,Call Center
100459,Aditya,Mehta,M,Lucknow,2023-12-11,31,1176806.0,629.0,36,1,10,89.5,Call Center
100460,Varun,Saxena,F,Hyderabad,2023-02-19,25,616475.0,684.0,65,1,11,57.5,App
100461,Vivaan,Bose,F,Jaipur,2020-02-26,54,722098.0,692.0,78,1,27,60.9,App
100462,Aditya,Patel,M,Kolkata,2022-10-20,36,760694.0,745.0,73,1,27,100.0,Call Center
100463,Vivaan,Malhotra,F,Pune,2023-03-08,30,770226.0,750.0,94,1,15,85.9,Email
100464,Rahul,Reddy,M,Lucknow,2023-05-07,38,679482.0,651.0,24,1,22,82.4,Email
100465,Kabir,Verma,M,Ahmedabad,2021-12-21,35,1170968.0,585.0,4,1,10,74.6,Email
100466,Varun,Nair,F,,2023-10-16,34,837779.0,690.0,78,1,11,77.9,Call Center
100467,Kabir,Saxena,M,Delhi,2021-02-13,42,986476.0,703.0,89,0,26,99.5,Email
100468,Aditya,Yadav,F,Chennai,2021-10-07,43,797341.0,717.0,68,1,8,74.3,Email
100469,Neha,Kapoor,F,Lucknow,2023-06-20,31,465093.0,679.0,25,1,13,82.3,Email
100470,Arjun,Mehta,F,Chennai,2023-01-18,31,955810.0,701.0,74,0,11,80.0,SMS
100471,Neha,Reddy,M,Jaipur,2020-03-02,34,,776.0,7,1,13,66.6,App
100472,Rohan,Sharma,M,Delhi,2023-05-20,21,905768.0,720.0,13,1,19,69.3,SMS
100473,Vivaan,Nair,M,Kolkata,2020-09-04,22,568853.0,672.0,68,1,21,93.0,Email
100474,Riya,Bose,M,Pune,2021-05-11,48,1362092.0,669.0,43,1,21,83.9,App
100475,Meera,Saxena,M,Pune,2020-02-25,51,1120338.0,693.0,57,1,12,71.4,App
100476,Arjun,Gupta,M,,2021-04-03,34,941939.0,791.0,36,1,17,71.0,SMS
100477,Anaya,Mehta,F,Ahmedabad,2022-07-07,41,,700.0,14,1,14,66.6,Call Center
100478,Aditya,Nair,F,Mumbai,2023-08-05,39,740920.0,705.0,82,1,18,88.7,SMS
100479,Riya,Khan,M,Hyderabad,2023-11-13,64,1034568.0,674.0,72,1,14,73.3,App
100480,Rahul,Nair,M,Delhi,2023-12-15,46,997009.0,761.0,96,1,11,72.6,Email
100481,Sneha,Jain,M,Bengaluru,2021-07-10,35,958984.0,822.0,27,1,16,86.6,SMS
100482,Sahil,Saxena,M,Ahmedabad,2022-08-21,27,1154749.0,717.0,37,1,20,53.3,Email
100483,Sahil,Singh,M,Jaipur,2023-01-09,22,,707.0,87,1,14,73.3,Email
100484,Aditya,Gupta,M,Mumbai,2021-03-19,38,975085.0,693.0,71,1,18,73.9,SMS
100485,Riya,Mehta,F,Mumbai,2022-03-02,29,525328.0,574.0,76,1,22,67.7,Email
100486,Karan,Gupta,F,Ahmedabad,2023-08-03,23,655715.0,744.0,25,1,24,65.9,App
100487,Isha,Nair,M,Mumbai,2023-07-31,30,887082.0,703.0,67,0,13,66.8,Email
100488,Kabir,Nair,F,Lucknow,2021-05-05,26,952936.0,732.0,90,0,18,77.5,App
100489,Vivaan,Mishra,M,Pune,2023-11-12,51,622782.0,659.0,4,1,10,63.3,App
100490,Rohan,Jain,F,Bengaluru,2021-08-17,44,1471303.0,680.0,79,0,13,79.0,Email
100491,Riya,Gupta,M,Delhi,2021-02-11,36,1264310.0,662.0,96,1,23,69.5,App
100492,Riya,Gupta,M,Jaipur,2020-11-22,49,1013481.0,772.0,93,1,11,69.4,Email
100493,Neha,Reddy,M,Pune,2022-07-30,37,968657.0,669.0,74,1,10,73.3,App
100494,Neha,Malhotra,M,Lucknow,2022-08-06,28,795055.0,803.0,85,1,13,69.6,Call Center
100495,Karan,Das,F,Pune,2023-04-14,50,644320.0,,16,1,16,89.0,App
100496,Vivaan,Joshi,F,Mumbai,2021-01-17,41,930505.0,697.0,19,1,8,75.5,Call Center
100497,Karan,Bose,F,Delhi,2022-10-10,27,943113.0,679.0,29,1,21,86.1,Email
100498,Isha,Iyer,M,Chennai,2023-07-05,34,628907.0,655.0,51,1,29,63.5,SMS
100499,Varun,Das,F,Jaipur,2020-12-12,28,978589.0,574.0,18,1,10,69.7,SMS
100500,Anaya,Joshi,F,Bengaluru,2020-09-28,24,882705.0,780.0,58,0,19,51.0,Email
100501,Aisha,Malhotra,F,Delhi,2023-07-08,44,442755.0,739.0,44,1,15,73.8,App
100502,Pooja,Nair,F,Delhi,2021-01-30,53,699086.0,734.0,16,1,14,73.0,SMS
100503,Rahul,Reddy,F,Kolkata,2020-06-02,23,802061.0,725.0,65,0,21,75.6,SMS
100504,Rohan,Singh,F,Mumbai,2022-12-26,41,1442838.0,610.0,2,1,18,82.8,App
100505,Vivaan,Sharma,F,Jaipur,2022-04-20,30,1027299.0,670.0,56,0,18,85.2,Email
100506,Anaya,Nair,M,Jaipur,2020-12-13,32,556927.0,745.0,79,1,24,89.6,App
100507,Vivaan,Das,M,Hyderabad,2022-12-22,31,1055524.0,641.0,28,1,14,65.3,Email
100508,Sneha,Patel,F,Mumbai,2020-12-21,28,541532.0,561.0,65,0,13,75.7,Email
100509,Aditya,Nair,F,Ahmedabad,2023-07-28,36,1173162.0,687.0,5,1,13,62.3,Email
100510,Varun,Mehta,M,Hyderabad,2022-11-30,29,790865.0,699.0,22,1,13,83.6,Email
100511,Meera,Patel,F,Ahmedabad,2021-01-01,38,855702.0,708.0,13,1,16,96.0,Email
100512,Rohan,Khan,M,Jaipur,2022-10-11,36,1266356.0,726.0,65,1,18,57.9,Email
100513,Isha,Singh,M,Kolkata,2020-10-03,34,589872.0,722.0,16,1,11,84.6,Call Center
100514,Meera,Khan,M,Lucknow,2020-08-08,28,556487.0,719.0,86,1,18,84.5,SMS
100515,Rohan,Mehta,F,Jaipur,2020-03-01,31,920544.0,768.0,64,1,13,68.5,App
100516,Arjun,Joshi,M,Pune,2023-01-31,43,1158972.0,612.0,32,1,17,81.7,Email
100517,Priya,Singh,M,Kolkata,2023-04-23,41,568392.0,730.0,80,1,12,65.9,Email
100518,Priya,Malhotra,M,Jaipur,2023-03-16,27,,737.0,51,1,10,75.0,Email
100519,Aditya,Kapoor,F,Lucknow,2020-03-15,37,801604.0,638.0,79,1,17,69.9,App
100520,Aditya,Singh,F,Hyderabad,2021-04-17,43,1065830.0,613.0,58,1,18,76.0,SMS
100521,Rohan,Patel,M,Lucknow,2022-10-21,21,1136968.0,663.0,46,1,12,89.0,Email
100522,Isha,Mishra,F,Chennai,2021-02-19,41,796395.0,661.0,52,0,12,74.3,App
100523,Diya,Jain,F,Bengaluru,2023-10-20,30,791084.0,727.0,63,0,12,67.3,Email
100524,Sahil,Kulkarni,M,Bengaluru,2020-01-17,41,1189508.0,667.0,76,1,8,75.6,SMS
100525,Diya,Yadav,F,Lucknow,2022-12-18,29,480097.0,661.0,60,1,21,44.8,Call Center
100526,Aisha,Mehta,M,Delhi,2023-02-12,21,824438.0,670.0,65,0,8,64.3,Email
100527,Sneha,Malhotra,M,Bengaluru,2020-07-21,21,973290.0,770.0,81,1,10,88.0,App
100528,Kabir,Saxena,F,Mumbai,2023-05-02,36,,700.0,55,1,8,72.8,App
100529,Meera,Saxena,F,Delhi,2021-04-16,38,800635.0,681.0,57,1,13,72.5,SMS
100530,Anaya,Yadav,M,Jaipur,2023-02-03,28,927446.0,694.0,92,0,10,81.6,Call Center
100531,Rahul,Reddy,M,Delhi,2022-05-28,42,340764.0,766.0,71,1,15,84.8,Email
100532,Anaya,Verma,F,Pune,2022-08-22,21,810393.0,660.0,73,0,19,89.9,Email
100533,Diya,Saxena,F,Bengaluru,2022-03-28,35,1011786.0,770.0,86,1,31,66.6,Email
100534,Neha,Mehta,M,Delhi,2023-02-23,25,660391.0,718.0,26,1,22,69.2,Email
100535,Pooja,Saxena,M,Ahmedabad,2021-02-17,30,856611.0,678.0,12,1,15,69.7,Email
100536,Anaya,Joshi,M,Mumbai,2021-05-15,36,1069452.0,817.0,71,1,15,87.2,App
100537,Sahil,Mehta,M,Delhi,2020-04-30,28,815657.0,641.0,46,0,19,76.1,Email
100538,Neha,Mehta,F,Lucknow,2021-08-29,33,961945.0,676.0,47,1,20,100.0,Email
100539,Rahul,Kapoor,M,Kolkata,2023-05-16,45,695510.0,626.0,79,0,15,73.9,Email
100540,Priya,Saxena,M,Bengaluru,2020-12-15,31,880305.0,744.0,38,1,19,91.9,Email
100541,Aditya,Yadav,F,Kolkata,2022-03-30,44,1045738.0,791.0,21,0,11,62.4,App
100542,Rahul,Patel,M,Hyderabad,2023-05-01,26,967537.0,793.0,14,1,21,56.4,App
100543,Anaya,Reddy,F,Hyderabad,2021-10-15,41,783156.0,,2,1,12,73.2,App
100544,Sahil,Kulkarni,M,Kolkata,2022-02-22,49,943988.0,664.0,72,1,17,89.5,Email
100545,Arjun,Reddy,M,Hyderabad,2023-11-17,21,1126863.0,677.0,70,0,22,67.9,App
100546,Aisha,Kapoor,M,Kolkata,2021-05-11,29,435046.0,592.0,33,1,11,76.0,Email
100547,Aditya,Mishra,F,Mumbai,2021-01-26,41,1139788.0,817.0,6,0,14,90.9,Email
100548,Sneha,Nair,M,Jaipur,2023-02-06,34,821695.0,729.0,90,1,11,81.4,SMS
100549,Varun,Joshi,M,Jaipur,2022-07-17,39,998506.0,662.0,37,1,11,69.3,App
100550,Diya,Patel,M,,2021-04-14,31,1172290.0,772.0,14,1,17,69.5,Email
100551,Meera,Kulkarni,M,Jaipur,2020-12-15,37,596662.0,628.0,37,1,20,82.4,App
100552,Kabir,Khan,M,Ahmedabad,2022-02-13,35,769376.0,723.0,8,0,10,52.9,Call Center
100553,Sahil,Khan,F,Kolkata,2020-05-28,47,815755.0,693.0,77,1,17,88.8,SMS
100554,Riya,Gupta,M,Delhi,2020-09-12,38,717745.0,739.0,13,1,14,86.5,SMS
100555,Varun,Nair,F,Jaipur,2023-11-13,39,1360258.0,700.0,40,1,17,48.9,Email
100556,Sahil,Joshi,F,Hyderabad,2023-05-07,32,887164.0,614.0,92,1,11,71.4,Email
100557,Sahil,Mishra,F,Chennai,2023-04-24,32,763142.0,694.0,58,1,21,49.8,SMS
100558,Rahul,Sharma,F,Hyderabad,2020-12-09,32,,750.0,18,1,22,59.5,Call Center
100559,Rahul,Mehta,F,Delhi,2021-11-07,40,640018.0,695.0,57,1,22,71.6,Email
100560,Aisha,Das,F,Chennai,2020-04-17,32,820986.0,731.0,83,1,10,56.7,Email
100561,Vivaan,Mehta,M,,2021-08-17,39,975009.0,637.0,38,1,14,98.3,Call Center
100562,Isha,Nair,F,Pune,2023-01-08,55,793730.0,694.0,32,1,16,86.0,App
100563,Rohan,Bose,F,Mumbai,2023-06-30,44,878988.0,673.0,86,1,21,91.9,App
100564,Vivaan,Joshi,M,Pune,2020-01-25,33,742582.0,743.0,66,0,16,76.1,App
100565,Karan,Joshi,M,Delhi,2020-10-09,47,550275.0,690.0,77,1,11,74.3,Email
100566,Priya,Yadav,F,Chennai,2022-06-05,32,1038259.0,738.0,87,0,17,97.2,SMS
100567,Pooja,Khan,F,Lucknow,2022-07-26,21,1329887.0,761.0,25,1,18,83.0,Email
100568,Neha,Kulkarni,M,Delhi,2021-09-11,27,945408.0,722.0,92,0,15,82.5,App
100569,Riya,Singh,F,Lucknow,2020-08-25,21,997755.0,730.0,58,1,17,63.3,Call Center
100570,Aditya,Nair,M,Bengaluru,2022-07-26,33,1056683.0,642.0,75,1,16,68.7,Email
100571,Vivaan,Sharma,M,Delhi,2020-11-11,36,621289.0,691.0,33,0,15,79.8,Email
100572,Meera,Singh,F,Kolkata,2022-04-19,51,1209945.0,669.0,88,1,14,79.3,Call Center
100573,Arjun,Mishra,F,Lucknow,2021-04-07,39,964675.0,672.0,66,1,21,61.1,Email
100574,Varun,Reddy,F,,2021-08-14,34,1332654.0,663.0,30,0,17,83.1,Email
100575,Priya,Yadav,M,Bengaluru,2022-04-19,43,747739.0,649.0,81,1,9,59.2,Email
100576,Karan,Kapoor,F,Ahmedabad,2022-09-22,21,1324021.0,590.0,34,1,16,74.4,App
100577,Priya,Malhotra,M,Lucknow,2023-11-06,38,1130416.0,663.0,86,0,11,56.4,App
100578,Riya,Das,F,Lucknow,2020-05-29,43,1072839.0,695.0,69,1,13,90.5,App
100579,Diya,Verma,M,Pune,2020-12-17,23,963257.0,628.0,48,1,22,72.8,App
100580,Isha,Jain,M,Delhi,2021-03-17,46,,697.0,40,1,21,65.9,App
100581,Aisha,Das,F,Delhi,2021-01-29,39,1209421.0,793.0,51,1,3,61.6,App
100582,Karan,Verma,M,Mumbai,2023-10-20,32,899999.0,747.0,80,1,18,58.8,SMS
100583,Karan,Mehta,F,Lucknow,2020-01-06,42,450460.0,801.0,13,1,11,81.9,App
100584,Aditya,Patel,M,Jaipur,2021-06-17,56,633520.0,717.0,90,1,21,87.2,SMS
100585,Vivaan,Mishra,M,,2020-08-07,38,877815.0,774.0,31,1,20,83.2,Email
100586,Neha,Reddy,M,Kolkata,2022-05-20,38,882289.0,650.0,39,1,17,92.0,App
100587,Kabir,Patel,F,Delhi,2020-01-12,32,936235.0,658.0,63,1,15,97.1,App
100588,Anaya,Gupta,M,,2022-03-05,28,1233909.0,544.0,48,1,11,86.0,Email
100589,Aisha,Mishra,F,Pune,2023-11-09,43,470282.0,769.0,87,0,21,64.3,Email
100590,Meera,Jain,F,,2021-12-04,28,943030.0,785.0,48,1,11,80.6,Email
100591,Neha,Yadav,M,Pune,2021-04-02,37,497158.0,669.0,61,0,14,45.9,SMS
100592,Sneha,Kapoor,M,Ahmedabad,2020-08-12,32,1094792.0,692.0,12,1,11,84.7,Email
100593,Karan,Jain,M,Delhi,2020-12-01,40,862794.0,662.0,78,1,20,76.4,App
100594,Sahil,Mishra,F,Hyderabad,2020-06-15,39,985340.0,708.0,56,1,18,94.4,Email
100595,Sneha,Iyer,M,Mumbai,2023-09-01,45,699308.0,768.0,18,1,18,66.1,SMS
100596,Rahul,Malhotra,M,Chennai,2023-02-13,31,1253119.0,593.0,27,1,15,84.2,Email
100597,Rahul,Joshi,M,Jaipur,2021-05-12,34,1194102.0,729.0,28,0,21,64.1,SMS
100598,Varun,Reddy,F,Lucknow,2020-05-27,27,1027882.0,687.0,82,1,9,74.6,SMS
100599,Diya,Kapoor,F,Bengaluru,2020-02-05,32,896697.0,709.0,80,1,8,52.9,App
100600,Riya,Verma,F,Lucknow,2023-12-01,39,1046475.0,719.0,52,1,7,95.5,App
100601,Karan,Nair,F,Pune,2023-11-09,43,723420.0,679.0,16,1,20,84.3,App
100602,Priya,Reddy,M,Pune,2022-09-16,28,1074094.0,691.0,77,0,16,73.1,SMS
100603,Rohan,Jain,M,Jaipur,2023-12-05,44,1289380.0,688.0,58,1,10,74.0,App
100604,Aditya,Sharma,F,Bengaluru,2020-11-03,48,1191916.0,756.0,93,1,17,80.5,App
100605,Sahil,Das,F,Hyderabad,2021-10-03,40,727265.0,717.0,9,0,12,69.2,App
100606,Vivaan,Malhotra,M,Bengaluru,2020-08-27,53,1016612.0,705.0,26,0,25,75.7,App
100607,Rahul,Iyer,M,Bengaluru,2022-07-05,29,610356.0,625.0,28,1,10,66.7,App
100608,Anaya,Joshi,F,Bengaluru,2022-06-23,25,996286.0,683.0,77,1,13,87.3,SMS
100609,Arjun,Nair,M,Chennai,2023-10-22,21,1072746.0,733.0,36,1,19,74.1,Email
100610,Isha,Kulkarni,M,Pune,2022-05-05,49,485069.0,698.0,9,1,17,100.0,SMS
100611,Vivaan,Sharma,F,Lucknow,2020-10-30,42,872683.0,728.0,47,1,9,73.6,Email
100612,Isha,Das,F,Hyderabad,2021-09-08,35,852284.0,799.0,78,1,11,75.1,App
100613,Vivaan,Nair,M,Bengaluru,2023-04-05,39,873383.0,764.0,51,1,18,84.8,Email
100614,Rahul,Mishra,M,Mumbai,2021-07-07,26,631980.0,690.0,76,1,20,84.7,Call Center
100615,Kabir,Sharma,M,Delhi,2022-02-04,58,989427.0,673.0,57,1,21,77.3,Email
100616,Sneha,Khan,F,Hyderabad,2023-08-17,37,965360.0,565.0,32,0,11,83.0,Email
100617,Kabir,Malhotra,F,,2022-06-16,37,857687.0,681.0,67,1,13,74.6,App
100618,Arjun,Jain,F,Lucknow,2022-08-29,43,728684.0,688.0,57,1,16,65.9,SMS
100619,Arjun,Gupta,M,Chennai,2023-05-13,40,1192821.0,711.0,54,1,10,66.2,Email
100620,Rahul,Gupta,M,Hyderabad,2020-07-13,38,1316400.0,695.0,16,0,18,84.6,App
100621,Sneha,Mishra,F,Pune,2023-04-09,29,776416.0,689.0,62,0,21,94.8,App
100622,Anaya,Mishra,M,Mumbai,2023-11-26,40,759552.0,594.0,84,1,19,54.8,SMS
100623,Riya,Mishra,F,Kolkata,2022-11-28,53,1013733.0,644.0,96,1,13,61.0,Email
100624,Sahil,Gupta,F,Delhi,2021-10-07,48,,733.0,56,1,14,63.1,Email
100625,Sahil,Verma,M,Jaipur,2020-09-08,50,849232.0,773.0,23,1,12,82.9,SMS
100626,Vivaan,Yadav,F,Chennai,2023-07-30,31,1037835.0,700.0,17,1,14,87.8,SMS
100627,Aisha,Gupta,M,Lucknow,2020-07-25,27,448070.0,730.0,80,1,18,60.4,Email
100628,Karan,Reddy,F,Jaipur,2021-05-14,35,1166467.0,726.0,38,0,17,100.0,Email
100629,Neha,Jain,M,Pune,2023-03-12,37,886927.0,662.0,72,1,13,72.0,App
100630,Vivaan,Nair,F,Kolkata,2020-01-19,46,840532.0,725.0,83,1,18,89.8,App
100631,Vivaan,Gupta,F,Lucknow,2022-03-29,21,905287.0,657.0,30,0,13,87.5,Call Center
100632,Riya,Jain,M,Ahmedabad,2021-11-17,50,910046.0,749.0,58,0,10,61.5,SMS
100633,Rohan,Mishra,M,Ahmedabad,2020-01-20,35,502831.0,708.0,78,1,18,75.3,Call Center
100634,Sahil,Singh,M,,2021-03-23,32,1265539.0,710.0,22,1,20,65.4,SMS
100635,Vivaan,Gupta,M,Lucknow,2023-06-03,27,926922.0,665.0,17,1,11,59.0,SMS
100636,Aarav,Joshi,F,Hyderabad,2023-01-29,21,1030485.0,737.0,15,1,18,70.8,Email
100637,Sneha,Malhotra,M,Mumbai,2022-01-08,43,1145230.0,816.0,48,0,18,62.6,Email
100638,Anaya,Mishra,M,Chennai,2020-10-20,37,721429.0,635.0,32,1,14,74.3,Call Center
100639,Rohan,Gupta,M,Ahmedabad,2020-03-05,24,991607.0,660.0,77,0,21,99.1,Call Center
100640,Diya,Reddy,F,Chennai,2021-05-13,24,821340.0,702.0,85,1,12,82.0,SMS
100641,Pooja,Bose,F,Mumbai,2020-03-16,33,1091822.0,756.0,40,1,15,68.1,Email
100642,Kabir,Nair,M,,2022-06-19,51,393589.0,672.0,57,1,15,66.0,Call Center
100643,Kabir,Singh,F,Hyderabad,2021-09-26,34,879012.0,539.0,58,1,18,66.4,App
100644,Meera,Reddy,F,Bengaluru,2023-02-22,22,747009.0,778.0,91,1,15,100.0,Email
100645,Varun,Malhotra,M,Delhi,2020-01-27,34,1013564.0,743.0,16,1,23,59.6,Email
100646,Pooja,Kapoor,F,Bengaluru,2023-07-23,34,1022249.0,588.0,28,1,12,80.5,Email
100647,Pooja,Singh,M,Jaipur,2021-11-10,21,715743.0,672.0,1,1,21,85.8,SMS
100648,Kabir,Sharma,M,Lucknow,2020-03-23,36,757796.0,769.0,41,0,13,91.0,SMS
100649,Anaya,Singh,F,Mumbai,2021-04-30,34,863581.0,773.0,48,1,12,66.9,Email
100650,Karan,Iyer,M,Bengaluru,2020-01-06,42,680065.0,,31,1,27,65.0,Email
100651,Arjun,Bose,F,Kolkata,2022-08-26,53,1121347.0,690.0,36,0,25,78.5,Call Center
100652,Kabir,Nair,M,Bengaluru,2021-01-02,46,822589.0,705.0,33,1,17,94.1,App
100653,Vivaan,Kulkarni,M,Pune,2021-04-15,34,267510.0,667.0,33,0,16,74.7,App
100654,Sahil,Das,F,Ahmedabad,2021-11-19,26,798408.0,770.0,82,1,19,63.5,App
100655,Aarav,Singh,F,Pune,2021-01-04,59,644273.0,650.0,23,1,14,75.9,Call Center
100656,Varun,Kulkarni,F,Mumbai,2023-09-25,37,537248.0,662.0,60,1,18,54.9,Email
100657,Arjun,Bose,M,Ahmedabad,2020-10-04,36,,754.0,87,1,17,71.9,Email
100658,Pooja,Sharma,F,Pune,2020-12-05,36,941264.0,697.0,79,1,7,85.6,SMS
100659,Arjun,Malhotra,F,Mumbai,2022-03-25,38,1227491.0,763.0,90,1,26,87.0,App
100660,Rohan,Bose,M,Ahmedabad,2021-09-05,35,1001905.0,655.0,30,0,16,74.0,App
100661,Aarav,Joshi,F,Bengaluru,2023-01-08,31,765494.0,693.0,89,1,19,94.6,Email
100662,Sneha,Kapoor,F,Chennai,2022-03-03,31,1010208.0,653.0,45,0,10,99.1,Email
100663,Isha,Das,M,Bengaluru,2021-08-25,36,817544.0,,80,1,9,84.3,SMS
100664,Priya,Khan,M,Chennai,2020-03-07,31,792731.0,611.0,39,1,10,60.8,Email
100665,Kabir,Joshi,M,Hyderabad,2020-08-02,30,615553.0,664.0,45,1,14,55.1,Call Center
100666,Arjun,Khan,F,Mumbai,2021-02-19,37,489473.0,622.0,78,0,15,94.7,Call Center
100667,Priya,Kulkarni,M,Lucknow,2023-03-14,34,824429.0,735.0,81,0,10,76.2,Email
100668,Sneha,Yadav,F,Mumbai,2021-07-05,50,888949.0,730.0,12,0,15,92.3,App
100669,Vivaan,Yadav,M,Lucknow,2023-08-02,21,914361.0,601.0,93,1,11,61.8,Email
100670,Isha,Yadav,F,Jaipur,2021-07-24,46,829669.0,765.0,32,0,19,77.9,App
100671,Sneha,Kapoor,M,Kolkata,2021-06-23,47,687450.0,827.0,56,1,18,90.0,App
100672,Priya,Bose,F,Chennai,2022-12-06,21,1066446.0,688.0,24,0,15,67.5,Email
100673,Meera,Nair,M,Bengaluru,2023-06-14,33,624773.0,652.0,13,0,16,87.7,App
100674,Aarav,Nair,F,Mumbai,2020-04-26,33,1101032.0,838.0,20,1,16,81.2,App
100675,Rahul,Yadav,F,Chennai,2020-05-30,23,649685.0,609.0,79,0,11,77.9,Email
100676,Rohan,Bose,F,,2023-01-11,29,752098.0,692.0,56,1,26,60.8,Email
100677,Riya,Saxena,M,Jaipur,2022-12-16,26,578874.0,713.0,53,1,14,83.5,SMS
100678,Vivaan,Yadav,M,Bengaluru,2022-09-10,52,796091.0,780.0,68,0,18,100.0,SMS
100679,Aisha,Bose,F,Bengaluru,2023-11-09,44,1222606.0,721.0,54,1,12,76.6,App
100680,Sneha,Bose,M,Jaipur,2023-05-28,47,1027848.0,678.0,34,1,20,62.9,SMS
100681,Aditya,Yadav,M,Chennai,2023-08-01,42,1082482.0,646.0,28,0,18,91.7,SMS
100682,Pooja,Jain,F,Lucknow,2022-09-30,26,1039922.0,,50,0,17,69.6,App
100683,Priya,Singh,M,Mumbai,2021-03-09,31,652370.0,648.0,2,1,18,94.8,Email
100684,Sneha,Jain,M,Jaipur,2020-11-15,40,883552.0,705.0,94,0,12,57.7,Email
100685,Vivaan,Bose,F,,2020-08-29,25,733101.0,663.0,26,1,23,80.8,SMS
100686,Aisha,Malhotra,M,Chennai,2021-04-09,42,1214444.0,611.0,51,1,13,89.0,Email
100687,Meera,Gupta,M,Jaipur,2020-07-21,34,605681.0,767.0,47,0,8,64.2,Call Center
100688,Varun,Yadav,F,Ahmedabad,2021-07-02,33,,680.0,26,1,16,73.8,App
100689,Meera,Mehta,M,Ahmedabad,2022-01-27,42,1048080.0,625.0,84,1,14,89.4,App
100690,Vivaan,Khan,F,Kolkata,2023-03-04,40,1357826.0,665.0,92,1,9,46.0,Email
100691,Diya,Jain,M,Mumbai,2022-05-07,33,767259.0,705.0,84,1,11,86.2,SMS
100692,Neha,Joshi,F,Hyderabad,2022-02-24,46,1068369.0,593.0,75,1,15,75.5,Email
100693,Karan,Saxena,M,,2021-06-24,26,1432184.0,720.0,74,0,20,93.1,Email
100694,Varun,Jain,M,Chennai,2021-05-01,42,749399.0,643.0,61,1,10,64.3,SMS
100695,Isha,Reddy,M,Hyderabad,2021-07-25,41,542464.0,804.0,23,1,15,58.0,Email
100696,Kabir,Jain,M,Lucknow,2022-04-19,33,468781.0,726.0,37,1,16,74.6,Call Center
100697,Rahul,Saxena,F,Lucknow,2021-10-22,39,1063351.0,680.0,41,1,14,70.9,Call Center
100698,Sahil,Verma,M,Mumbai,2021-02-08,25,464663.0,658.0,52,1,11,72.4,Email
100699,Karan,Jain,F,Kolkata,2023-12-27,44,805848.0,699.0,83,1,24,70.3,App
100700,Isha,Malhotra,F,Chennai,2021-10-18,34,1005570.0,704.0,82,1,15,52.5,Email
100701,Priya,Nair,F,Delhi,2023-06-27,31,979088.0,692.0,49,1,14,72.5,SMS
100702,Kabir,Khan,M,Jaipur,2023-01-08,45,996587.0,684.0,27,1,20,78.3,Email
100703,Neha,Khan,M,Hyderabad,2022-08-06,30,1003934.0,701.0,6,1,16,70.5,Call Center
100704,Vivaan,Malhotra,F,Kolkata,2020-01-15,23,1243514.0,655.0,74,1,15,76.4,App
100705,Varun,Malhotra,F,Lucknow,2022-09-01,22,701106.0,681.0,66,1,19,78.7,SMS
100706,Priya,Patel,F,Ahmedabad,2022-11-29,41,750291.0,590.0,24,0,7,61.4,Email
100707,Neha,Mehta,M,Chennai,2023-01-09,24,708215.0,746.0,38,1,14,74.8,App
100708,Rahul,Kulkarni,F,Bengaluru,2020-11-02,52,1107991.0,706.0,28,1,19,76.7,SMS
100709,Kabir,Malhotra,F,Delhi,2021-12-05,21,1176758.0,658.0,28,1,19,71.5,App
100710,Arjun,Gupta,M,Hyderabad,2021-01-31,51,992221.0,803.0,66,1,11,57.6,App
100711,Kabir,Malhotra,F,Chennai,2021-11-08,38,1197883.0,705.0,61,0,9,85.7,SMS
100712,Sneha,Yadav,M,Mumbai,2022-08-27,35,616098.0,629.0,46,1,18,67.3,Email
100713,Karan,Patel,M,,2022-05-14,31,1287259.0,767.0,69,0,11,53.8,Email
100714,Kabir,Reddy,F,Hyderabad,2023-05-12,40,1278736.0,700.0,75,0,18,78.4,SMS
100715,Aarav,Bose,M,Delhi,2020-07-29,36,1093726.0,727.0,74,1,11,69.2,Email
100716,Sneha,Bose,M,Bengaluru,2021-02-02,46,1333302.0,669.0,43,1,11,82.7,App
100717,Anaya,Saxena,M,Ahmedabad,2023-10-28,37,528365.0,747.0,59,0,18,83.9,Email
100718,Aarav,Jain,M,Pune,2023-11-13,37,796059.0,688.0,2,1,11,82.0,SMS
100719,Sahil,Khan,M,Bengaluru,2020-09-14,33,,738.0,15,1,20,69.4,Email
100720,Rahul,Sharma,F,Jaipur,2020-04-24,35,1101225.0,597.0,37,0,4,78.9,App
100721,Anaya,Gupta,M,Jaipur,2020-11-29,39,644344.0,654.0,71,0,18,59.1,Email
100722,Varun,Malhotra,M,Chennai,2020-12-14,21,1079931.0,794.0,20,1,15,85.5,Email
100723,Rahul,Sharma,F,Delhi,2020-08-20,24,1216082.0,659.0,35,0,22,67.4,SMS
100724,Karan,Joshi,M,Ahmedabad,2021-03-24,43,1084354.0,669.0,34,1,18,98.8,Call Center
100725,Priya,Jain,M,Pune,2023-01-05,38,911226.0,682.0,86,1,7,83.2,SMS
100726,Kabir,Reddy,M,Delhi,2022-04-07,34,669374.0,633.0,31,1,24,72.2,Email
100727,Pooja,Yadav,M,Jaipur,2021-08-30,36,719243.0,583.0,87,1,23,76.4,Email
100728,Diya,Bose,M,Lucknow,2020-04-07,39,1287016.0,679.0,19,1,14,90.6,App
100729,Diya,Kulkarni,M,Delhi,2021-07-21,31,1094483.0,691.0,68,0,32,45.8,Email
100730,Arjun,Saxena,M,Ahmedabad,2021-04-06,29,873002.0,688.0,24,1,13,76.6,App
100731,Aarav,Verma,F,Delhi,2021-05-14,38,826461.0,,84,1,17,98.5,Email
100732,Pooja,Malhotra,M,Ahmedabad,2021-09-22,27,424373.0,693.0,39,0,15,81.3,Email
100733,Rohan,Khan,F,Bengaluru,2022-11-27,40,632392.0,744.0,92,1,19,67.2,SMS
100734,Varun,Das,F,Delhi,2023-10-13,21,1366411.0,,54,0,11,79.7,Call Center
100735,Aisha,Saxena,M,Jaipur,2023-06-19,45,630630.0,662.0,39,0,12,65.1,Email
100736,Rohan,Saxena,F,Chennai,2022-12-10,40,932657.0,675.0,17,1,16,69.9,Email
100737,Rohan,Gupta,M,Delhi,2023-12-19,38,1139856.0,751.0,19,1,10,76.3,Email
100738,Diya,Iyer,M,Pune,2020-05-06,45,626020.0,765.0,48,1,21,81.2,App
100739,Aditya,Singh,M,Ahmedabad,2023-01-31,51,980307.0,,35,0,14,85.2,Email
100740,Neha,Kapoor,F,Ahmedabad,2021-04-21,45,1175482.0,699.0,32,1,20,91.3,Email
100741,Priya,Singh,M,,2023-06-06,21,894605.0,721.0,47,0,21,62.1,Email
100742,Sneha,Iyer,M,Pune,2021-12-23,24,1579162.0,641.0,47,1,19,73.1,Email
100743,Rohan,Joshi,M,Kolkata,2021-03-11,30,485281.0,706.0,64,1,15,68.7,SMS
100744,Anaya,Reddy,F,Kolkata,2023-11-09,36,1145902.0,614.0,46,1,15,73.7,Email
100745,Rahul,Patel,M,Kolkata,2020-03-25,41,843279.0,602.0,35,1,16,67.0,SMS
100746,Sneha,Mehta,M,Kolkata,2023-10-14,29,1095508.0,700.0,94,1,12,79.1,Email
100747,Varun,Jain,M,Delhi,2022-02-24,38,1038550.0,666.0,17,1,11,88.8,Call Center
100748,Aisha,Khan,F,Kolkata,2020-01-27,29,751177.0,697.0,42,1,17,87.7,SMS
100749,Aarav,Jain,M,Delhi,2022-05-09,30,932082.0,709.0,29,1,14,61.3,Email
100750,Rohan,Yadav,M,Lucknow,2020-03-12,23,466877.0,651.0,70,1,18,75.7,Call Center
100751,Vivaan,Kulkarni,F,,2023-01-23,28,1065098.0,698.0,17,1,19,60.9,Call Center
100752,Anaya,Khan,M,,2021-08-10,24,983121.0,638.0,81,1,25,65.0,Email
100753,Vivaan,Malhotra,F,Delhi,2023-12-20,27,1038936.0,767.0,14,0,12,69.2,App
100754,Vivaan,Malhotra,F,Ahmedabad,2022-10-26,45,1170750.0,635.0,24,0,18,82.1,App
100755,Priya,Sharma,F,Pune,2023-01-18,27,1017433.0,688.0,57,1,17,79.5,Email
100756,Neha,Bose,M,Bengaluru,2023-05-30,60,939341.0,639.0,50,1,15,81.9,Email
100757,Karan,Iyer,M,Pune,2020-05-31,40,682601.0,737.0,57,1,8,79.5,App
100758,Aditya,Kapoor,M,Delhi,2023-05-20,38,749690.0,688.0,61,1,14,68.6,Email
100759,Kabir,Singh,F,,2021-08-05,28,1160110.0,658.0,39,1,13,96.9,App
100760,Varun,Malhotra,F,,2023-07-10,42,1293869.0,752.0,55,1,17,86.4,Email
100761,Meera,Bose,M,Lucknow,2023-11-06,31,790347.0,695.0,96,1,18,71.1,SMS
100762,Priya,Patel,F,Bengaluru,2020-02-26,37,911947.0,728.0,36,0,12,69.8,App
100763,Pooja,Patel,F,Mumbai,2021-03-01,59,679167.0,641.0,37,1,15,71.6,App
100764,Anaya,Jain,M,Ahmedabad,2020-05-21,35,1209244.0,612.0,14,1,14,59.9,Call Center
100765,Varun,Mehta,M,Delhi,2021-07-21,46,1108982.0,693.0,27,1,16,81.9,App
100766,Isha,Sharma,M,Chennai,2022-11-04,30,1341397.0,675.0,83,1,11,81.7,Email
100767,Kabir,Malhotra,M,Ahmedabad,2022-10-28,36,684265.0,735.0,31,0,5,61.8,Email
100768,Meera,Jain,F,Pune,2023-06-08,52,835330.0,696.0,73,0,16,60.9,SMS
100769,Rahul,Sharma,F,Mumbai,2023-04-24,30,915613.0,711.0,81,1,16,59.7,App
100770,Aarav,Bose,M,Ahmedabad,2022-12-12,52,1069021.0,615.0,83,0,12,73.7,Email
100771,Karan,Kulkarni,M,Hyderabad,2020-05-16,42,857919.0,802.0,44,0,11,63.1,App
100772,Aditya,Gupta,M,Pune,2020-06-22,31,699685.0,704.0,68,1,11,91.1,Email
100773,Arjun,Gupta,F,Pune,2022-05-09,42,1090713.0,739.0,48,1,12,87.5,SMS
100774,Isha,Mehta,F,Delhi,2020-08-06,45,1015376.0,644.0,57,1,8,83.0,Email
100775,Riya,Joshi,M,Ahmedabad,2023-07-10,42,712753.0,704.0,75,0,18,83.3,Call Center
100776,Aisha,Mehta,F,Pune,2020-09-11,22,1250251.0,629.0,22,1,19,78.1,App
100777,Pooja,Patel,M,Lucknow,2022-03-22,29,1183043.0,721.0,4,1,5,80.2,Email
100778,Priya,Sharma,M,Bengaluru,2020-09-26,34,947169.0,669.0,81,1,13,64.8,SMS
100779,Diya,Bose,F,Bengaluru,2020-08-11,35,924316.0,699.0,72,1,8,89.4,Email
100780,Varun,Kulkarni,M,Mumbai,2022-06-01,42,1068563.0,732.0,46,1,10,73.5,App
100781,Meera,Nair,M,Bengaluru,2021-08-26,38,702717.0,626.0,59,1,16,73.7,Email
100782,Rahul,Reddy,M,Chennai,2023-03-03,24,915757.0,671.0,34,1,9,96.8,App
100783,Kabir,Mehta,F,Jaipur,2023-04-01,39,404493.0,729.0,11,0,7,73.7,Email
100784,Karan,Mehta,F,Chennai,2021-12-01,41,1103776.0,821.0,31,1,10,86.1,SMS
100785,Priya,Verma,F,Chennai,2022-07-08,41,540515.0,704.0,11,0,20,85.4,App
100786,Anaya,Singh,F,Jaipur,2020-03-13,46,1258742.0,732.0,56,0,14,61.4,Email
100787,Isha,Mishra,M,Mumbai,2022-06-16,44,815811.0,694.0,38,0,22,61.2,Email
100788,Pooja,Khan,M,Kolkata,2022-08-04,40,836706.0,808.0,21,1,17,100.0,Email
100789,Vivaan,Yadav,M,Lucknow,2021-06-26,35,757511.0,611.0,94,1,16,82.5,SMS
100790,Isha,Mehta,F,Jaipur,2021-09-22,21,834549.0,711.0,10,1,5,71.3,Call Center
100791,Rahul,Jain,M,,2022-03-05,40,1280324.0,604.0,26,1,10,68.9,SMS
100792,Riya,Iyer,F,,2022-05-27,38,315133.0,551.0,91,1,21,76.4,Email
100793,Arjun,Saxena,M,Ahmedabad,2023-07-02,38,1191167.0,705.0,8,1,13,80.2,Email
100794,Priya,Kapoor,M,Ahmedabad,2022-01-26,25,994188.0,706.0,8,0,19,80.0,Email
100795,Neha,Nair,M,Pune,2021-09-09,26,632349.0,672.0,60,1,15,85.5,SMS
100796,Neha,Mishra,F,Hyderabad,2020-07-16,45,653812.0,695.0,72,1,12,65.8,Email
100797,Aisha,Iyer,M,Hyderabad,2023-12-21,36,1334050.0,821.0,34,0,16,66.2,Email
100798,Neha,Joshi,M,Ahmedabad,2021-05-07,42,684915.0,699.0,16,1,20,86.4,Email
100799,Aarav,Kulkarni,M,Lucknow,2020-03-22,36,622469.0,715.0,13,1,24,100.0,Email
100800,Diya,Mishra,M,,2023-08-24,36,1175929.0,657.0,87,0,15,88.3,App
100801,Riya,Sharma,M,Lucknow,2021-01-08,44,1009863.0,709.0,76,1,11,93.9,App
100802,Aarav,Reddy,M,Ahmedabad,2021-05-15,31,707489.0,697.0,91,1,25,71.7,Email
100803,Arjun,Saxena,M,,2020-12-22,37,985928.0,675.0,22,0,14,76.1,Email
100804,Anaya,Kulkarni,M,Chennai,2023-08-12,32,671665.0,789.0,96,1,14,80.5,Call Center
100805,Kabir,Yadav,M,Mumbai,2021-08-02,32,1177238.0,762.0,27,0,22,74.2,Email
100806,Sneha,Reddy,M,Delhi,2020-10-26,33,1178519.0,706.0,64,1,12,92.0,Email
100807,Aditya,Kapoor,F,Kolkata,2021-10-07,38,987493.0,574.0,2,0,18,84.5,Email
100808,Sneha,Iyer,M,Kolkata,2023-09-28,32,974619.0,669.0,26,1,14,69.5,Email
100809,Neha,Jain,M,Lucknow,2020-04-29,47,1335171.0,845.0,92,1,15,55.4,Email
100810,Neha,Malhotra,M,Chennai,2020-07-04,28,884288.0,686.0,83,0,21,76.5,App
100811,Sahil,Sharma,M,Pune,2021-08-06,34,651668.0,771.0,69,1,28,60.7,Email
100812,Aditya,Gupta,F,Delhi,2023-03-27,32,1045694.0,776.0,84,0,9,77.6,Email
100813,Vivaan,Bose,F,Pune,2023-06-05,49,1379274.0,709.0,30,1,20,62.2,App
100814,Pooja,Kapoor,F,Lucknow,2020-11-03,38,653583.0,651.0,8,0,18,93.7,Email
100815,Anaya,Mehta,M,Pune,2020-08-21,45,834351.0,574.0,38,1,12,83.7,Email
100816,Karan,Mehta,M,Mumbai,2022-10-31,23,971455.0,741.0,61,1,16,82.1,SMS
100817,Rohan,Gupta,M,Lucknow,2020-06-23,38,900326.0,647.0,81,1,15,86.6,App
100818,Pooja,Iyer,F,Ahmedabad,2022-02-11,44,732088.0,729.0,65,0,13,77.6,SMS
100819,Diya,Sharma,M,Hyderabad,2021-10-04,37,1140404.0,624.0,67,1,13,82.9,SMS
100820,Riya,Gupta,M,Hyderabad,2022-06-29,46,1423717.0,692.0,46,1,16,97.6,Email
100821,Meera,Sharma,F,Lucknow,2022-10-22,31,939125.0,708.0,90,1,13,75.9,App
100822,Sneha,Nair,M,Jaipur,2022-01-30,49,679142.0,712.0,95,1,12,83.8,Email
100823,Diya,Jain,F,Pune,2020-06-30,57,531931.0,628.0,72,1,15,59.8,App
100824,Rahul,Mishra,M,Mumbai,2022-07-30,33,1016989.0,774.0,43,1,27,73.5,Email
100825,Priya,Das,F,Chennai,2020-12-15,32,1171409.0,681.0,59,1,21,100.0,Email
100826,Rohan,Iyer,M,Hyderabad,2021-09-30,49,1047395.0,598.0,46,0,12,86.5,Email
100827,Vivaan,Iyer,F,Lucknow,2023-11-06,50,939500.0,702.0,72,1,20,72.9,App
100828,Priya,Singh,M,Kolkata,2023-08-13,31,731796.0,696.0,35,1,17,74.4,App
100829,Aarav,Malhotra,M,Pune,2023-05-05,32,638333.0,690.0,39,0,15,74.7,App
100830,Kabir,Reddy,M,,2023-08-02,33,1077879.0,778.0,92,1,7,76.1,App
100831,Aarav,Saxena,F,Delhi,2020-08-12,24,1041602.0,670.0,51,1,11,69.4,Email
100832,Sneha,Kapoor,F,Delhi,2020-10-12,28,552151.0,685.0,4,1,13,78.2,Call Center
100833,Arjun,Patel,M,Hyderabad,2023-09-16,27,1294679.0,635.0,80,0,14,83.9,Email
100834,Aisha,Das,F,Hyderabad,2023-04-01,29,1083367.0,743.0,77,0,10,74.1,Email
100835,Isha,Mishra,F,Kolkata,2020-07-11,36,1255434.0,717.0,84,1,20,78.5,Email
100836,Diya,Sharma,M,Ahmedabad,2023-03-14,38,550168.0,670.0,51,1,10,80.6,Call Center
100837,Vivaan,Saxena,M,Hyderabad,2021-11-01,50,576412.0,604.0,5,1,12,67.7,Email
100838,Isha,Verma,F,Lucknow,2021-11-22,27,858997.0,776.0,55,1,18,80.8,App
100839,Pooja,Kapoor,M,Bengaluru,2021-06-21,45,1042593.0,621.0,20,1,18,89.3,Email
100840,Sneha,Sharma,M,Kolkata,2021-09-03,34,1233264.0,670.0,24,1,16,90.5,App
100841,Aarav,Yadav,M,Lucknow,2022-06-19,36,1092117.0,732.0,36,1,14,77.2,Email
100842,Vivaan,Bose,M,Hyderabad,2023-07-17,42,871207.0,628.0,34,1,16,63.5,App
100843,Isha,Kulkarni,M,Mumbai,2020-02-20,26,663208.0,608.0,54,1,10,73.9,Email
100844,Anaya,Verma,M,Delhi,2020-05-07,39,1172181.0,576.0,34,0,16,56.6,Email
100845,Varun,Das,M,Lucknow,2022-12-05,37,704950.0,724.0,83,1,18,83.0,SMS
100846,Priya,Kapoor,M,Bengaluru,2020-08-21,40,1242690.0,670.0,17,1,12,46.3,Email
100847,Pooja,Patel,M,Hyderabad,2021-03-23,39,,826.0,5,1,16,89.6,Email
100848,Aisha,Iyer,M,Lucknow,2021-08-06,58,1316630.0,648.0,89,1,7,88.8,Email
100849,Anaya,Bose,F,Pune,2021-05-17,30,1086131.0,645.0,18,1,15,32.0,SMS
100850,Sahil,Iyer,M,Hyderabad,2021-08-29,31,921938.0,673.0,55,0,24,88.4,Email
100851,Priya,Iyer,F,Delhi,2022-07-10,30,787608.0,709.0,53,1,14,86.6,Call Center
100852,Isha,Mishra,M,Pune,2020-10-11,31,843688.0,676.0,50,1,23,73.3,App
100853,Karan,Sharma,M,Chennai,2023-03-01,30,1008964.0,724.0,72,1,14,63.4,Email
100854,Priya,Nair,M,Delhi,2022-07-24,47,919308.0,646.0,91,1,13,66.4,Email
100855,Sahil,Patel,F,Jaipur,2021-06-27,49,781125.0,617.0,79,1,6,67.2,Call Center
100856,Aarav,Jain,F,Kolkata,2020-12-21,31,863107.0,604.0,45,1,16,92.3,Email
100857,Isha,Kulkarni,M,Hyderabad,2022-11-26,29,929625.0,575.0,13,1,15,71.7,SMS
100858,Meera,Reddy,M,Chennai,2020-05-17,40,409174.0,679.0,16,1,12,86.4,App
100859,Priya,Kulkarni,F,Hyderabad,2023-12-16,31,1005805.0,679.0,86,1,16,73.5,Email
100860,Vivaan,Gupta,M,Lucknow,2021-09-03,42,692856.0,657.0,84,1,12,76.7,Call Center
100861,Sneha,Bose,F,Ahmedabad,2023-06-19,38,606321.0,767.0,13,1,18,59.5,SMS
100862,Karan,Khan,M,Jaipur,2023-06-22,22,502314.0,785.0,20,1,19,55.8,SMS
100863,Vivaan,Das,F,Bengaluru,2023-05-17,50,473918.0,689.0,66,0,13,85.3,SMS
100864,Isha,Gupta,M,Chennai,2021-04-01,52,595513.0,593.0,47,1,16,75.0,Email
100865,Anaya,Iyer,M,Delhi,2020-04-08,30,,667.0,19,0,15,76.9,App
100866,Karan,Kulkarni,F,Pune,2023-03-06,33,1314827.0,,45,1,17,97.4,SMS
100867,Diya,Singh,M,Lucknow,2023-04-25,39,796063.0,655.0,37,1,15,73.9,Email
100868,Diya,Kapoor,M,Lucknow,2020-02-05,39,957410.0,660.0,54,1,11,78.7,App
100869,Pooja,Verma,M,Bengaluru,2021-09-21,42,909492.0,660.0,6,1,16,91.7,App
100870,Vivaan,Mishra,M,Jaipur,2021-10-31,54,960934.0,669.0,14,1,23,78.1,Email
100871,Vivaan,Yadav,M,Ahmedabad,2022-02-25,34,904314.0,658.0,4,1,13,78.5,Email
100872,Pooja,Nair,F,Ahmedabad,2021-11-11,29,624023.0,709.0,86,0,16,85.5,SMS
100873,Anaya,Mehta,F,Bengaluru,2020-02-24,24,1265648.0,713.0,55,1,15,73.4,Email
100874,Aarav,Jain,M,Jaipur,2023-01-12,29,1386173.0,648.0,34,1,11,88.1,App
100875,Kabir,Kapoor,F,Kolkata,2022-10-26,36,511194.0,762.0,27,1,12,75.4,Call Center
100876,Arjun,Malhotra,M,Lucknow,2022-06-09,52,691804.0,648.0,7,1,15,87.5,SMS
100877,Meera,Kapoor,F,Mumbai,2023-10-18,31,888461.0,604.0,3,1,21,84.9,SMS
100878,Isha,Bose,M,Pune,2022-10-03,38,688763.0,724.0,47,1,10,72.5,App
100879,Neha,Das,F,Bengaluru,2022-02-06,36,999607.0,651.0,2,0,14,74.5,Email
100880,Diya,Yadav,F,Jaipur,2022-07-06,47,731912.0,699.0,80,1,19,45.3,SMS
100881,Rahul,Kulkarni,F,Kolkata,2021-10-25,59,1425633.0,564.0,25,1,15,92.5,Email
100882,Aisha,Gupta,M,Hyderabad,2022-04-09,31,1190428.0,779.0,60,1,14,57.0,App
100883,Sneha,Bose,M,,2020-06-18,32,963007.0,731.0,79,1,21,62.6,App
100884,Aditya,Nair,M,Pune,2020-09-05,45,1190470.0,613.0,24,1,18,74.2,Email
100885,Sahil,Yadav,M,Ahmedabad,2021-10-23,42,1141947.0,622.0,15,1,13,55.0,App
100886,Vivaan,Gupta,M,Chennai,2020-07-28,53,784764.0,802.0,95,1,13,80.6,Email
100887,Riya,Malhotra,F,Kolkata,2022-06-30,41,735892.0,666.0,14,1,12,84.6,Call Center
100888,Diya,Verma,F,,2022-01-09,33,921370.0,653.0,54,1,20,70.6,Call Center
100889,Varun,Kulkarni,M,Lucknow,2023-06-21,41,1080333.0,577.0,78,0,19,63.4,App
100890,Arjun,Nair,M,Pune,2020-05-20,46,936810.0,680.0,6,0,12,66.8,App
100891,Aarav,Kulkarni,F,Jaipur,2021-09-23,43,522558.0,673.0,78,1,25,85.9,Email
100892,Sahil,Singh,F,Delhi,2022-03-15,41,706242.0,747.0,81,1,17,56.8,Email
100893,Priya,Gupta,M,,2020-06-28,46,906629.0,632.0,18,1,31,74.5,Email
100894,Arjun,Khan,M,Ahmedabad,2022-07-08,47,898298.0,601.0,20,1,15,54.4,Email
100895,Priya,Bose,F,Delhi,2021-09-28,48,1401262.0,720.0,62,1,19,84.5,SMS
100896,Varun,Joshi,F,Kolkata,2022-01-23,42,591150.0,765.0,81,1,20,72.4,App
100897,Riya,Nair,M,Mumbai,2022-09-13,34,,614.0,80,1,15,79.0,SMS
100898,Anaya,Khan,F,Delhi,2022-11-06,37,1224357.0,749.0,40,0,11,90.5,App
100899,Rohan,Sharma,F,Bengaluru,2022-11-05,47,1457306.0,710.0,39,1,15,91.8,Email
100900,Rahul,Jain,M,Kolkata,2021-01-19,29,802104.0,759.0,52,0,12,60.0,Call Center
100901,Rohan,Joshi,F,Bengaluru,2023-09-26,39,1021178.0,704.0,32,1,19,75.5,SMS
100902,Arjun,Saxena,M,Chennai,2022-06-11,32,1022703.0,560.0,73,1,12,92.0,App
100903,Meera,Malhotra,F,,2022-09-13,36,979733.0,673.0,27,0,20,84.2,Call Center
100904,Priya,Gupta,M,Delhi,2022-02-07,48,830548.0,770.0,52,1,17,79.1,App
100905,Meera,Saxena,M,Kolkata,2022-03-02,38,1026749.0,640.0,63,0,18,52.4,SMS
100906,Arjun,Jain,F,Kolkata,2020-02-15,36,314720.0,674.0,74,1,15,83.9,App
100907,Riya,Malhotra,F,Ahmedabad,2021-05-18,24,1096666.0,698.0,63,1,17,60.3,App
100908,Varun,Yadav,F,Ahmedabad,2023-03-12,43,907009.0,557.0,17,0,11,81.2,App
100909,Arjun,Sharma,M,Kolkata,2023-08-01,42,856023.0,789.0,49,1,20,82.4,App
100910,Aisha,Reddy,M,Mumbai,2023-10-10,55,1374643.0,651.0,81,1,10,81.8,Email
100911,Aditya,Singh,F,Chennai,2022-04-09,33,747292.0,717.0,82,1,17,71.6,Email
100912,Meera,Iyer,F,Hyderabad,2021-06-08,38,815018.0,691.0,23,1,16,90.9,SMS
100913,Riya,Das,F,Chennai,2022-09-05,38,,776.0,72,1,11,80.6,App
100914,Aditya,Joshi,M,Chennai,2021-07-10,50,711468.0,722.0,13,1,14,78.9,SMS
100915,Riya,Gupta,M,Ahmedabad,2020-02-16,35,807100.0,699.0,23,1,15,65.1,SMS
100916,Karan,Das,M,Bengaluru,2021-06-11,39,910389.0,638.0,57,1,10,75.6,Email
100917,Vivaan,Sharma,F,Ahmedabad,2020-04-16,41,1114821.0,730.0,62,1,20,100.0,Email
100918,Vivaan,Verma,F,,2022-10-23,38,997824.0,590.0,54,1,21,60.1,App
100919,Meera,Nair,M,Lucknow,2021-09-07,32,,729.0,20,1,6,85.5,SMS
100920,Rohan,Malhotra,M,Hyderabad,2022-08-23,38,801923.0,646.0,86,1,20,85.4,Call Center
100921,Diya,Mishra,M,Lucknow,2023-01-23,46,771094.0,764.0,52,1,19,95.7,SMS
100922,Priya,Singh,F,Bengaluru,2023-03-02,27,882049.0,698.0,23,1,15,83.9,SMS
100923,Sneha,Verma,M,,2022-05-09,37,1027100.0,736.0,35,1,23,75.8,Email
100924,Karan,Saxena,F,Hyderabad,2020-07-19,30,1012367.0,697.0,67,0,16,82.6,Email
100925,Arjun,Kulkarni,M,Pune,2020-09-10,47,483169.0,687.0,34,1,23,74.2,App
100926,Sahil,Yadav,M,Jaipur,2020-07-01,22,1182701.0,659.0,33,1,12,89.4,App
100927,Riya,Kulkarni,M,Jaipur,2023-03-19,31,967729.0,745.0,46,1,13,58.4,App
100928,Varun,Kapoor,F,Bengaluru,2022-09-07,39,1210674.0,715.0,81,0,17,70.8,SMS
100929,Rahul,Jain,M,Hyderabad,2021-05-04,50,1037109.0,756.0,45,0,13,82.6,App
100930,Aarav,Nair,F,Hyderabad,2021-05-19,35,1112904.0,715.0,19,1,10,88.6,Email
100931,Aarav,Gupta,F,Hyderabad,2021-02-16,31,,649.0,94,1,12,78.5,Email
100932,Priya,Gupta,M,Kolkata,2021-02-07,53,1257577.0,660.0,87,1,14,68.1,Call Center
100933,Rahul,Nair,M,Kolkata,2020-08-23,23,977701.0,702.0,15,1,13,70.3,App
100934,Anaya,Joshi,F,Lucknow,2022-05-08,21,916620.0,581.0,78,1,14,69.1,Email
100935,Vivaan,Iyer,M,Kolkata,2022-08-23,40,910728.0,774.0,66,1,22,75.4,SMS
100936,Aisha,Kulkarni,M,Pune,2021-09-24,31,1054244.0,717.0,39,1,19,65.7,SMS
100937,Meera,Kulkarni,F,Kolkata,2023-12-28,27,990041.0,783.0,18,1,18,70.2,Email
100938,Rohan,Saxena,F,Ahmedabad,2020-07-26,42,618834.0,611.0,70,1,18,60.1,Call Center
100939,Vivaan,Verma,F,Kolkata,2020-05-19,38,587662.0,762.0,59,1,8,81.8,Email
100940,Neha,Jain,M,Bengaluru,2021-08-10,31,954403.0,825.0,32,1,16,86.2,App
100941,Aisha,Malhotra,F,Chennai,2021-08-09,24,946541.0,617.0,21,0,15,90.5,Call Center
100942,Isha,Kapoor,M,Lucknow,2023-08-23,44,775783.0,721.0,40,1,18,87.8,App
100943,Rahul,Joshi,M,Delhi,2022-07-05,42,948308.0,722.0,92,1,16,89.0,Call Center
100944,Aarav,Nair,M,Bengaluru,2022-08-24,35,1250844.0,606.0,27,1,13,78.3,Email
100945,Aditya,Iyer,M,Pune,2021-07-23,53,1050633.0,727.0,2,1,16,54.3,Email
100946,Pooja,Reddy,F,Jaipur,2023-01-26,26,621848.0,745.0,80,0,14,81.4,SMS
100947,Sneha,Singh,F,Ahmedabad,2020-05-04,22,888956.0,669.0,39,1,24,76.3,App
100948,Arjun,Singh,F,Bengaluru,2023-10-04,30,723641.0,756.0,86,1,16,84.1,App
100949,Karan,Mehta,F,Delhi,2020-05-13,36,827374.0,585.0,56,1,18,75.5,App
100950,Rohan,Jain,M,Delhi,2022-09-22,38,816325.0,611.0,13,1,16,74.7,Email
100951,Neha,Khan,M,Hyderabad,2023-06-03,34,799585.0,706.0,56,1,9,97.7,App
100952,Vivaan,Yadav,F,Delhi,2021-10-11,39,629422.0,700.0,66,1,17,78.8,App
100953,Aisha,Iyer,M,Lucknow,2021-12-06,25,881855.0,672.0,78,1,11,77.6,App
100954,Rohan,Kulkarni,M,Hyderabad,2021-07-21,49,796800.0,741.0,56,0,12,80.0,App
100955,Aarav,Gupta,M,Kolkata,2020-12-04,35,264556.0,729.0,28,0,14,75.0,Email
100956,Anaya,Nair,M,Ahmedabad,2022-04-18,46,1362056.0,739.0,64,0,20,78.5,Email
100957,Anaya,Gupta,M,Delhi,2020-11-17,39,1205045.0,686.0,71,1,14,51.1,App
100958,Meera,Yadav,M,Lucknow,2023-01-15,40,810107.0,747.0,82,0,13,64.1,Call Center
100959,Sneha,Saxena,M,Delhi,2020-04-04,41,911127.0,667.0,64,0,26,65.8,SMS
100960,Sahil,Yadav,M,Jaipur,2020-07-14,40,618992.0,808.0,56,0,13,82.7,SMS
100961,Anaya,Reddy,M,Jaipur,2020-07-10,42,1381589.0,662.0,41,1,16,59.4,App
100962,Neha,Nair,M,Lucknow,2021-10-17,48,1297922.0,829.0,41,1,11,73.5,SMS
100963,Vivaan,Kapoor,F,Lucknow,2021-06-05,38,972459.0,706.0,4,0,18,67.0,Email
100964,Meera,Mishra,F,Hyderabad,2022-01-22,42,1090415.0,629.0,57,1,16,78.4,Email
100965,Karan,Yadav,F,Chennai,2022-09-14,35,940682.0,763.0,30,1,22,79.3,Email
100966,Riya,Malhotra,F,Lucknow,2022-10-02,49,607180.0,709.0,88,0,10,65.7,SMS
100967,Sahil,Verma,F,Ahmedabad,2020-01-13,30,850816.0,743.0,84,1,16,70.4,Email
100968,Kabir,Nair,M,Lucknow,2020-09-10,52,934259.0,769.0,46,1,14,64.2,App
100969,Karan,Singh,M,Jaipur,2020-03-21,36,790339.0,715.0,56,1,12,69.6,Call Center
100970,Sahil,Malhotra,F,,2021-01-07,23,862928.0,660.0,31,0,16,77.8,SMS
100971,Priya,Saxena,F,Bengaluru,2021-01-28,37,929095.0,740.0,88,1,16,90.0,Email
100972,Isha,Verma,M,Ahmedabad,2021-02-21,30,894700.0,697.0,7,1,10,60.8,SMS
100973,Aditya,Jain,F,Bengaluru,2022-12-18,44,935004.0,737.0,90,0,20,100.0,SMS
100974,Sahil,Nair,M,Mumbai,2020-05-07,30,647994.0,563.0,77,1,21,62.1,Email
100975,Neha,Jain,M,Jaipur,2022-03-27,32,759595.0,718.0,54,1,13,82.9,App
100976,Pooja,Saxena,M,,2022-02-12,21,580447.0,661.0,8,1,21,70.6,Email
100977,Sahil,Verma,M,Lucknow,2023-09-18,32,1179706.0,794.0,55,1,15,64.3,App
100978,Anaya,Joshi,M,Jaipur,2022-06-10,21,429250.0,691.0,69,1,18,93.3,SMS
100979,Aditya,Khan,F,Bengaluru,2020-10-08,22,1247971.0,716.0,44,1,19,77.8,SMS
100980,Arjun,Verma,M,Delhi,2020-07-25,43,1281819.0,727.0,13,1,16,75.9,Call Center
100981,Aditya,Verma,M,Chennai,2023-07-19,43,825684.0,650.0,93,1,18,72.9,SMS
100982,Priya,Das,M,Jaipur,2023-08-25,40,308913.0,783.0,20,1,13,69.3,App
100983,Aditya,Verma,F,Chennai,2021-02-06,27,850573.0,806.0,78,1,16,74.4,Email
100984,Arjun,Reddy,F,Hyderabad,2023-04-13,36,876217.0,725.0,32,1,18,35.9,SMS
100985,Rahul,Patel,M,Kolkata,2020-08-05,36,675530.0,777.0,60,1,13,49.7,Email
100986,Anaya,Reddy,M,Chennai,2020-11-21,26,723832.0,666.0,50,1,19,79.6,SMS
100987,Aditya,Mishra,M,Mumbai,2022-01-25,50,1220603.0,662.0,27,1,25,88.6,App
100988,Pooja,Gupta,F,Delhi,2023-06-30,44,1090561.0,695.0,25,1,19,91.7,App
100989,Meera,Saxena,M,Lucknow,2023-04-27,34,723572.0,725.0,52,1,16,66.8,Call Center
100990,Aisha,Joshi,M,Lucknow,2022-10-08,36,545761.0,676.0,68,1,19,81.4,App
100991,Neha,Kapoor,M,Bengaluru,2020-05-09,38,833812.0,740.0,21,1,14,51.0,Email
100992,Kabir,Joshi,M,Ahmedabad,2020-01-03,21,,716.0,18,1,18,73.3,Email
100993,Vivaan,Jain,F,Ahmedabad,2023-10-06,34,1044847.0,647.0,39,1,10,85.2,Email
100994,Vivaan,Yadav,M,Mumbai,2021-07-08,30,741391.0,726.0,15,1,18,74.3,App
100995,Sneha,Mehta,M,Jaipur,2023-03-02,27,,741.0,53,1,11,73.3,SMS
100996,Kabir,Patel,F,Hyderabad,2020-09-22,33,1330528.0,709.0,38,1,14,77.7,SMS
100997,Arjun,Joshi,F,Mumbai,2022-07-11,52,1124794.0,756.0,48,1,17,93.3,App
100998,Meera,Joshi,M,Hyderabad,2020-01-24,42,918421.0,639.0,52,0,14,72.2,App
100999,Riya,Nair,F,Hyderabad,2021-06-17,31,852651.0,733.0,88,1,10,76.6,Email
101000,Kabir,Sharma,F,Jaipur,2020-01-03,41,,635.0,72,0,20,98.5,Email
101001,Pooja,Kulkarni,M,Ahmedabad,2022-05-29,49,1129023.0,633.0,28,0,11,66.7,App
101002,Neha,Singh,M,Pune,2021-03-02,44,758764.0,665.0,85,1,13,58.4,Call Center
101003,Anaya,Malhotra,M,Kolkata,2020-01-04,37,940553.0,636.0,16,1,20,91.0,Email
101004,Neha,Gupta,M,Pune,2022-03-18,30,937616.0,662.0,16,1,9,86.8,Call Center
101005,Aisha,Malhotra,M,,2022-02-22,42,779050.0,677.0,35,1,17,48.2,SMS
101006,Diya,Jain,F,Lucknow,2021-05-17,40,600925.0,,17,0,12,69.3,Call Center
101007,Sahil,Mehta,F,Chennai,2020-08-19,44,1010927.0,675.0,73,1,21,74.7,App
101008,Aditya,Yadav,M,Lucknow,2022-05-22,42,865691.0,601.0,52,1,12,95.1,Call Center
101009,Arjun,Sharma,M,Bengaluru,2022-01-19,45,1024032.0,759.0,93,0,18,74.6,App
101010,Arjun,Nair,M,Hyderabad,2020-03-12,31,788177.0,650.0,82,1,19,77.1,Email
101011,Sahil,Kulkarni,F,Hyderabad,2020-03-28,48,1202947.0,700.0,12,1,22,75.7,Email
101012,Pooja,Patel,F,Ahmedabad,2021-06-11,38,929233.0,724.0,83,1,8,70.0,App
101013,Priya,Yadav,M,Pune,2022-06-04,55,1297307.0,720.0,48,1,19,84.7,Email
101014,Sneha,Mehta,F,Lucknow,2021-08-25,30,520952.0,763.0,22,1,17,64.0,Email
101015,Karan,Jain,M,,2021-03-25,52,1000668.0,743.0,49,1,11,70.7,Email
101016,Vivaan,Mehta,F,Hyderabad,2021-03-14,38,988941.0,687.0,52,1,12,72.1,SMS
101017,Anaya,Mehta,M,Jaipur,2023-12-29,30,717635.0,826.0,79,0,12,56.3,SMS
101018,Aarav,Joshi,M,Delhi,2023-01-12,32,1016595.0,696.0,1,1,18,95.5,Call Center
101019,Varun,Iyer,M,Lucknow,2023-09-24,33,,698.0,66,0,20,76.7,Call Center
101020,Vivaan,Mishra,F,Kolkata,2020-05-05,40,384321.0,754.0,64,1,16,87.9,Call Center
101021,Pooja,Patel,F,Ahmedabad,2021-07-16,41,992107.0,710.0,8,1,15,64.0,App
101022,Pooja,Saxena,F,Kolkata,2022-11-07,31,328943.0,722.0,86,1,15,83.2,Call Center
101023,Diya,Kapoor,M,Jaipur,2022-04-28,36,678788.0,831.0,25,0,15,86.1,App
101024,Isha,Iyer,M,Kolkata,2022-05-14,55,1206509.0,678.0,66,1,11,86.2,Call Center
101025,Aarav,Sharma,M,Delhi,2022-07-12,52,795033.0,685.0,73,0,24,100.0,Email
101026,Meera,Singh,F,Kolkata,2020-12-10,40,612388.0,691.0,73,1,17,72.5,Call Center
101027,Aditya,Jain,F,Kolkata,2021-04-12,36,927428.0,760.0,77,1,14,72.9,Email
101028,Aditya,Saxena,F,Hyderabad,2022-09-07,37,1369530.0,614.0,70,1,13,62.6,SMS
101029,Karan,Nair,F,Hyderabad,2020-05-20,42,470566.0,587.0,94,0,9,74.2,SMS
101030,Neha,Mishra,F,Bengaluru,2022-10-26,27,664999.0,662.0,79,1,22,88.5,SMS
101031,Rahul,Singh,F,Lucknow,2021-10-30,34,1176571.0,610.0,51,1,11,83.6,App
101032,Rahul,Kulkarni,M,Hyderabad,2021-09-22,21,1363434.0,683.0,53,1,16,92.7,SMS
101033,Aarav,Gupta,F,Ahmedabad,2022-12-24,40,902554.0,744.0,15,1,11,81.5,App
101034,Varun,Malhotra,F,Chennai,2022-12-15,42,633525.0,658.0,50,0,13,75.3,SMS
101035,Riya,Jain,M,Pune,2022-03-08,32,1413904.0,627.0,71,1,8,60.3,Email
101036,Priya,Kapoor,F,Pune,2023-01-24,50,1288112.0,696.0,75,1,12,89.1,App
101037,Vivaan,Singh,M,Pune,2022-08-12,25,1023829.0,,38,1,12,75.1,SMS
101038,Varun,Kulkarni,M,Hyderabad,2020-08-02,23,728191.0,605.0,40,1,15,89.1,SMS
101039,Sneha,Malhotra,F,Delhi,2022-01-12,38,896906.0,747.0,66,0,9,62.7,Email
101040,Pooja,Singh,M,Bengaluru,2020-02-27,45,861314.0,739.0,39,1,15,90.6,SMS
101041,Neha,Iyer,M,Mumbai,2022-06-24,51,958788.0,759.0,74,0,12,80.3,App
101042,Arjun,Yadav,F,Hyderabad,2021-02-08,32,1267898.0,760.0,17,1,8,84.9,Email
101043,Aisha,Kulkarni,M,Jaipur,2023-04-22,46,1106415.0,809.0,7,1,14,81.2,SMS
101044,Isha,Jain,M,Hyderabad,2023-07-29,36,621275.0,686.0,39,1,13,62.0,Email
101045,Pooja,Mishra,F,Delhi,2021-12-21,34,1225813.0,706.0,68,1,19,67.1,SMS
101046,Rohan,Bose,M,Pune,2023-04-01,44,961973.0,673.0,35,0,21,61.9,SMS
101047,Arjun,Singh,M,Delhi,2023-01-17,42,1097545.0,687.0,51,0,17,77.3,App
101048,Aisha,Jain,M,Hyderabad,2022-02-21,22,1248891.0,790.0,47,0,12,53.8,Email
101049,Aisha,Yadav,M,Hyderabad,2020-04-06,49,643062.0,643.0,36,0,9,82.6,Call Center
101050,Vivaan,Iyer,M,Ahmedabad,2021-08-09,48,908866.0,655.0,64,1,17,32.3,SMS
101051,Karan,Patel,F,Chennai,2023-01-16,30,821231.0,769.0,95,0,10,83.2,SMS
101052,Priya,Saxena,M,Chennai,2021-06-01,40,546579.0,756.0,89,1,9,58.2,App
101053,Rohan,Joshi,M,Ahmedabad,2021-10-29,40,969173.0,683.0,13,1,21,61.3,Email
101054,Varun,Yadav,F,Kolkata,2022-12-22,38,1435210.0,749.0,18,1,21,87.9,Email
101055,Arjun,Verma,F,,2021-06-24,31,494112.0,710.0,21,1,15,83.6,App
101056,Isha,Kulkarni,M,Chennai,2022-03-26,30,839900.0,777.0,65,1,12,90.7,Call Center
101057,Isha,Khan,M,Chennai,2020-07-09,36,1059640.0,696.0,8,1,22,66.5,App
101058,Aditya,Mishra,F,Ahmedabad,2022-07-05,47,1000290.0,757.0,48,1,19,82.9,Email
101059,Priya,Joshi,F,Chennai,2021-12-16,41,838867.0,837.0,85,1,12,75.3,App
101060,Meera,Jain,F,Hyderabad,2023-07-25,33,584758.0,740.0,43,1,14,82.7,SMS
101061,Varun,Iyer,M,Ahmedabad,2021-06-22,43,969684.0,703.0,53,1,11,91.4,App
101062,Anaya,Patel,M,Chennai,2020-03-25,21,714835.0,744.0,85,1,23,61.3,Email
101063,Karan,Iyer,M,Mumbai,2023-09-20,46,392714.0,676.0,27,0,9,91.0,Call Center
101064,Meera,Gupta,F,Ahmedabad,2021-03-16,21,1204899.0,815.0,19,1,14,81.0,Email
101065,Priya,Patel,F,Hyderabad,2022-02-28,33,1153221.0,719.0,23,1,25,74.6,Email
101066,Kabir,Mehta,M,Kolkata,2023-04-10,26,950292.0,684.0,50,1,16,60.7,Email
101067,Pooja,Mehta,M,Hyderabad,2020-12-04,24,920702.0,655.0,51,1,10,69.1,Email
101068,Aditya,Reddy,F,Pune,2023-06-06,46,1203663.0,765.0,43,1,23,66.9,Email
101069,Pooja,Reddy,M,Pune,2023-04-17,32,998643.0,748.0,51,1,20,88.5,Email
101070,Aarav,Iyer,M,Kolkata,2023-06-24,39,1148917.0,656.0,69,0,21,75.0,App
101071,Diya,Kapoor,F,Bengaluru,2022-09-30,36,812839.0,727.0,41,1,25,65.4,App
101072,Meera,Jain,M,Jaipur,2021-11-04,40,1177933.0,611.0,72,1,19,60.3,App
101073,Anaya,Kulkarni,M,Delhi,2021-12-30,37,993204.0,704.0,11,0,11,71.1,Email
101074,Sahil,Iyer,M,Pune,2020-11-12,24,972422.0,721.0,80,1,19,95.1,Email
101075,Arjun,Malhotra,F,Delhi,2023-08-02,45,630649.0,792.0,88,1,17,79.7,Email
101076,Pooja,Nair,M,Delhi,2020-03-16,32,963876.0,671.0,85,0,14,73.7,SMS
101077,Aisha,Malhotra,F,Jaipur,2022-08-31,22,726196.0,632.0,52,1,14,96.2,Call Center
101078,Priya,Saxena,M,Pune,2022-09-25,32,771429.0,655.0,23,1,11,73.1,SMS
101079,Isha,Yadav,F,Kolkata,2020-07-22,50,704394.0,620.0,49,1,23,66.2,App
101080,Arjun,Patel,M,Bengaluru,2021-02-27,44,650372.0,784.0,38,1,13,83.4,Call Center
101081,Meera,Joshi,M,Delhi,2020-07-11,33,1346567.0,784.0,47,1,6,81.0,Email
101082,Aisha,Yadav,F,Mumbai,2023-08-09,33,1186418.0,716.0,72,0,9,70.2,Email
101083,Sneha,Gupta,M,Chennai,2022-06-15,33,1337505.0,751.0,7,1,11,69.7,App
101084,Vivaan,Joshi,F,Pune,2022-02-19,55,630727.0,711.0,66,1,16,89.0,SMS
101085,Arjun,Saxena,M,Kolkata,2023-12-07,39,985034.0,700.0,94,0,23,73.8,Email
101086,Aisha,Gupta,M,Lucknow,2020-10-27,40,613231.0,687.0,77,1,11,61.8,Email
101087,Vivaan,Patel,F,,2020-09-16,45,719711.0,670.0,62,0,21,77.2,Email
101088,Meera,Reddy,F,Kolkata,2023-04-30,38,684093.0,621.0,87,1,23,86.5,App
101089,Aisha,Kapoor,M,Ahmedabad,2023-07-18,34,1236671.0,711.0,29,1,14,72.4,Email
101090,Rohan,Das,F,Bengaluru,2022-09-30,34,797848.0,686.0,38,0,14,80.5,Email
101091,Kabir,Mehta,M,Hyderabad,2021-09-07,35,1209797.0,756.0,84,1,21,66.1,App
101092,Kabir,Verma,M,,2021-03-07,36,1071895.0,715.0,33,1,14,79.5,SMS
101093,Meera,Patel,M,Chennai,2021-12-16,43,1441539.0,694.0,29,1,17,64.4,App
101094,Vivaan,Das,M,Hyderabad,2021-11-26,36,531135.0,654.0,79,1,12,76.0,Call Center
101095,Anaya,Malhotra,M,Bengaluru,2023-05-25,43,1239988.0,715.0,23,0,14,83.4,SMS
101096,Pooja,Saxena,F,Ahmedabad,2023-01-19,35,1200657.0,735.0,3,1,23,73.9,Email
101097,Aditya,Das,M,,2020-07-16,37,689383.0,655.0,93,1,17,61.0,Email
101098,Aisha,Iyer,M,Delhi,2022-09-09,21,1232575.0,,45,1,17,62.6,Email
101099,Rahul,Gupta,F,Lucknow,2023-11-23,44,962682.0,719.0,8,1,12,97.6,Email
101100,Vivaan,Gupta,M,Kolkata,2020-02-08,39,892468.0,663.0,86,1,14,66.3,App
101101,Kabir,Kapoor,M,,2021-12-09,45,711804.0,658.0,29,1,11,89.6,Call Center
101102,Riya,Bose,M,Ahmedabad,2021-04-15,21,745517.0,711.0,2,1,21,75.8,App
101103,Anaya,Sharma,M,Delhi,2020-03-19,55,1404208.0,648.0,50,1,15,65.5,App
101104,Isha,Das,M,Ahmedabad,2021-12-29,35,930946.0,711.0,65,1,12,72.6,App
101105,Kabir,Nair,M,Mumbai,2023-01-22,46,1071705.0,660.0,20,0,9,95.1,Email
101106,Pooja,Verma,M,Jaipur,2021-11-14,27,771869.0,761.0,52,1,17,100.0,Email
101107,Karan,Jain,F,Chennai,2020-02-12,42,703421.0,817.0,85,1,14,65.5,App
101108,Riya,Gupta,F,Delhi,2020-05-11,27,1152555.0,651.0,37,1,16,73.8,Email
101109,Isha,Yadav,F,Jaipur,2020-03-17,30,622396.0,727.0,72,1,12,53.8,App
101110,Aisha,Kapoor,M,Bengaluru,2023-06-09,53,838611.0,650.0,27,0,20,59.6,SMS
101111,Pooja,Mishra,M,,2020-02-08,34,908334.0,757.0,47,1,9,65.1,Email
101112,Aditya,Malhotra,F,Pune,2020-05-30,38,953565.0,617.0,6,1,17,72.7,App
101113,Rahul,Mishra,M,Jaipur,2022-09-02,44,841141.0,731.0,60,1,22,73.7,App
101114,Anaya,Verma,M,Bengaluru,2023-12-13,40,979888.0,643.0,45,1,14,91.8,Email
101115,Sahil,Reddy,F,Pune,2023-04-24,37,1061648.0,684.0,44,1,19,78.7,App
101116,Sneha,Mehta,M,Bengaluru,2020-11-13,39,1125723.0,641.0,83,1,16,89.9,Email
101117,Kabir,Patel,F,Chennai,2023-12-26,58,637440.0,755.0,18,1,13,68.1,Email
101118,Karan,Reddy,M,Pune,2023-03-04,35,863412.0,642.0,65,1,10,73.9,App
101119,Rohan,Malhotra,F,Bengaluru,2023-07-16,38,1177541.0,724.0,25,1,15,72.8,App
101120,Neha,Mehta,F,Mumbai,2021-03-12,45,1139607.0,680.0,27,1,9,63.4,Email
101121,Sahil,Sharma,M,Delhi,2021-09-18,46,595927.0,691.0,7,1,12,54.1,Email
101122,Riya,Mishra,M,,2021-07-04,47,991492.0,707.0,44,1,22,68.9,Email
101123,Aisha,Kulkarni,F,Lucknow,2020-12-05,42,434424.0,654.0,29,1,15,45.9,Email
101124,Isha,Joshi,F,Lucknow,2023-06-19,26,903337.0,712.0,95,1,9,64.1,Call Center
101125,Sneha,Yadav,M,Pune,2023-05-29,51,1344311.0,766.0,44,1,10,83.1,App
101126,Pooja,Joshi,M,Pune,2021-10-19,26,655077.0,666.0,36,0,9,77.4,App
101127,Priya,Gupta,M,Bengaluru,2022-07-06,39,714889.0,761.0,19,1,13,75.4,App
101128,Varun,Reddy,M,Hyderabad,2020-12-26,29,1067797.0,802.0,6,1,17,93.3,App
101129,Vivaan,Khan,F,Lucknow,2022-09-22,35,539233.0,650.0,25,0,15,63.5,App
101130,Isha,Kulkarni,M,Mumbai,2022-02-09,39,756159.0,626.0,31,0,16,85.9,Email
101131,Meera,Joshi,M,Hyderabad,2020-07-08,39,1071988.0,709.0,9,1,23,67.8,SMS
101132,Aisha,Bose,M,Chennai,2021-02-16,40,786580.0,668.0,84,1,25,84.4,App
101133,Riya,Kapoor,F,Jaipur,2020-11-24,51,886820.0,793.0,74,1,14,69.4,SMS
101134,Diya,Nair,F,Mumbai,2023-05-30,40,1097169.0,697.0,37,1,13,74.2,App
101135,Sneha,Das,F,Bengaluru,2020-04-01,34,997711.0,648.0,27,1,10,68.7,Call Center
101136,Aisha,Mehta,F,Mumbai,2021-03-15,45,936656.0,639.0,13,1,12,77.7,App
101137,Meera,Gupta,F,Chennai,2023-02-03,47,886450.0,771.0,41,1,23,82.7,Email
101138,Aditya,Reddy,F,Bengaluru,2020-09-01,25,1046376.0,671.0,66,1,15,55.0,App
101139,Sneha,Verma,M,Chennai,2023-08-21,41,902390.0,723.0,85,1,10,85.0,App
101140,Vivaan,Yadav,M,Delhi,2022-06-27,42,1036036.0,757.0,24,1,15,59.0,Email
101141,Sneha,Nair,F,Lucknow,2022-04-12,33,784656.0,664.0,44,1,11,64.3,Email
101142,Aarav,Khan,M,Mumbai,2020-04-06,48,869693.0,714.0,60,1,13,81.9,SMS
101143,Diya,Khan,F,Bengaluru,2022-07-26,35,693925.0,704.0,9,1,12,84.1,App
101144,Arjun,Kulkarni,M,Hyderabad,2022-08-11,37,853478.0,725.0,2,1,14,76.6,App
101145,Sneha,Das,F,Mumbai,2023-07-13,34,706257.0,730.0,56,1,22,75.9,App
101146,Rohan,Khan,M,Jaipur,2021-07-28,36,647446.0,692.0,30,1,21,63.2,Email
101147,Aarav,Khan,M,Mumbai,2020-04-12,26,918066.0,707.0,22,1,14,67.6,Email
101148,Rahul,Gupta,F,Mumbai,2023-07-01,23,919559.0,684.0,75,1,13,50.2,Email
101149,Rahul,Joshi,M,Bengaluru,2022-04-08,50,1073603.0,625.0,81,1,12,63.9,App
101150,Diya,Sharma,F,Mumbai,2021-05-27,28,809961.0,707.0,13,1,17,62.2,Email
101151,Meera,Kulkarni,F,Kolkata,2021-10-27,27,1048136.0,806.0,71,0,15,74.8,Email
101152,Aarav,Saxena,F,Jaipur,2023-07-08,21,1026128.0,651.0,16,1,13,100.0,Email
101153,Rohan,Mehta,F,Lucknow,2020-02-04,30,1067690.0,653.0,45,1,13,82.3,Email
101154,Rahul,Das,M,Chennai,2023-11-05,24,700559.0,657.0,65,1,13,46.7,Email
101155,Diya,Malhotra,F,Pune,2021-01-31,51,,740.0,11,1,19,59.6,App
101156,Riya,Iyer,M,Ahmedabad,2020-01-27,45,953894.0,732.0,70,1,11,59.9,Email
101157,Rohan,Jain,M,Ahmedabad,2020-11-01,30,900053.0,691.0,20,1,13,53.9,Email
101158,Varun,Khan,F,Bengaluru,2021-11-29,56,,645.0,63,1,15,68.8,App
101159,Aditya,Saxena,F,Delhi,2021-08-03,45,1037203.0,704.0,90,1,18,75.6,SMS
101160,Arjun,Das,M,Jaipur,2020-06-13,33,1388420.0,617.0,12,1,14,61.3,SMS
101161,Arjun,Verma,M,Mumbai,2023-07-05,21,833048.0,706.0,62,1,17,72.3,Email
101162,Arjun,Reddy,F,Kolkata,2020-04-11,57,728240.0,742.0,94,1,18,77.6,Email
101163,Varun,Nair,M,Lucknow,2021-03-30,23,990809.0,630.0,92,0,17,84.8,App
101164,Sahil,Malhotra,F,Jaipur,2020-07-11,21,980927.0,625.0,91,1,16,79.0,Email
101165,Priya,Singh,F,Lucknow,2022-07-04,45,1221956.0,790.0,42,1,13,81.2,Email
101166,Riya,Mehta,M,Lucknow,2022-06-16,58,622138.0,667.0,83,1,11,74.4,SMS
101167,Neha,Singh,M,Chennai,2022-03-20,48,1089000.0,758.0,69,1,17,63.0,Email
101168,Meera,Sharma,M,Bengaluru,2020-10-25,41,1065526.0,692.0,58,1,10,67.3,App
101169,Rohan,Mishra,F,Hyderabad,2020-01-21,41,885154.0,681.0,5,1,18,54.0,Email
101170,Diya,Khan,F,Mumbai,2020-02-14,44,953832.0,721.0,27,1,9,93.9,Email
101171,Varun,Gupta,F,Lucknow,2021-05-10,43,1143820.0,653.0,28,1,6,59.7,SMS
101172,Aarav,Iyer,M,Ahmedabad,2021-11-13,39,1136217.0,706.0,26,1,12,85.2,SMS
101173,Rahul,Joshi,F,Delhi,2020-08-10,37,629746.0,674.0,91,1,24,54.8,App
101174,Sahil,Kapoor,M,Pune,2020-10-25,35,,686.0,49,1,14,88.3,Email
101175,Neha,Patel,F,Jaipur,2022-11-13,29,921913.0,716.0,21,0,24,85.2,Email
101176,Pooja,Reddy,M,,2023-09-23,33,908625.0,678.0,1,1,15,89.2,Email
101177,Riya,Gupta,F,,2023-01-12,21,953187.0,689.0,92,1,12,63.8,App
101178,Neha,Verma,F,Mumbai,2022-12-19,35,871537.0,633.0,58,1,16,75.2,Email
101179,Kabir,Khan,M,,2020-10-14,27,1192472.0,798.0,79,1,14,64.4,App
101180,Neha,Iyer,F,,2021-05-31,26,910910.0,753.0,55,0,15,65.6,SMS
101181,Aditya,Gupta,M,Chennai,2022-06-16,38,656704.0,753.0,81,1,28,72.5,SMS
101182,Aisha,Kapoor,M,Ahmedabad,2020-06-02,49,754592.0,698.0,26,1,14,87.0,Email
101183,Aditya,Jain,M,Hyderabad,2020-10-07,44,902612.0,606.0,84,1,9,68.0,Email
101184,Rahul,Bose,F,Bengaluru,2021-03-09,22,1216730.0,799.0,25,1,17,84.9,Email
101185,Aisha,Verma,F,,2020-12-07,27,1047308.0,693.0,77,1,8,65.0,Email
101186,Kabir,Nair,F,Kolkata,2020-03-26,44,677404.0,678.0,33,1,19,61.2,Email
101187,Aditya,Kapoor,F,,2022-02-17,27,891769.0,715.0,89,0,17,73.6,Call Center
101188,Anaya,Joshi,M,Lucknow,2020-07-09,34,925616.0,760.0,72,1,20,75.0,Call Center
101189,Rahul,Reddy,M,Hyderabad,2023-06-29,41,1206153.0,705.0,69,1,20,80.1,Email
101190,Aisha,Mishra,M,Delhi,2022-12-27,27,904612.0,761.0,6,1,24,61.6,Email
101191,Meera,Verma,F,Ahmedabad,2023-03-15,37,1014305.0,766.0,23,1,21,100.0,Email
101192,Diya,Joshi,F,Bengaluru,2022-09-17,24,1114738.0,648.0,30,1,10,56.4,App
101193,Rahul,Patel,M,Ahmedabad,2022-05-25,31,1192761.0,663.0,78,1,10,75.6,App
101194,Varun,Verma,F,Kolkata,2021-10-23,39,1210408.0,764.0,54,1,16,73.9,SMS
101195,Aarav,Khan,F,Jaipur,2021-07-27,22,1154455.0,548.0,87,0,17,68.7,SMS
101196,Isha,Verma,M,Kolkata,2023-07-02,40,798115.0,698.0,11,0,16,72.8,SMS
101197,Pooja,Das,F,Chennai,2020-05-10,36,770753.0,600.0,31,0,9,90.3,Email
101198,Anaya,Bose,F,Kolkata,2022-04-18,41,963265.0,677.0,6,1,19,82.4,Email
101199,Sneha,Gupta,M,Chennai,2022-08-16,38,1110134.0,693.0,11,0,13,72.3,App
101200,Riya,Joshi,F,Delhi,2023-11-01,48,928569.0,684.0,77,1,13,77.3,App
101201,Rahul,Singh,M,Pune,2023-05-07,37,1166523.0,665.0,12,1,17,60.3,App
101202,Diya,Bose,M,Ahmedabad,2022-04-18,32,1278517.0,,66,1,9,77.6,Call Center
101203,Varun,Yadav,M,Kolkata,2020-08-08,37,649229.0,833.0,53,1,19,83.8,App
101204,Meera,Saxena,F,,2023-12-04,41,731075.0,794.0,36,1,23,41.5,Email
101205,Sahil,Verma,M,Delhi,2021-10-04,36,886975.0,628.0,17,0,22,80.4,Email
101206,Aditya,Yadav,F,Lucknow,2023-04-09,36,1026152.0,783.0,28,1,25,72.3,SMS
101207,Sneha,Kulkarni,F,Pune,2023-03-14,30,772556.0,681.0,92,1,8,89.0,Email
101208,Pooja,Das,M,Kolkata,2021-05-02,30,1264854.0,715.0,22,1,20,77.9,App
101209,Karan,Khan,F,Ahmedabad,2022-05-01,23,1017590.0,711.0,7,1,20,80.6,Email
101210,Arjun,Kapoor,M,Lucknow,2020-12-19,52,922213.0,663.0,15,1,12,71.4,Call Center
101211,Isha,Singh,F,Kolkata,2023-04-19,25,563670.0,755.0,96,1,12,81.3,Call Center
101212,Meera,Joshi,M,Lucknow,2022-08-05,30,598167.0,709.0,11,1,15,83.0,Email
101213,Aarav,Das,F,Ahmedabad,2020-06-09,30,948861.0,669.0,24,1,10,62.8,SMS
101214,Diya,Das,F,Chennai,2021-04-08,44,402943.0,632.0,67,1,18,79.6,App
101215,Karan,Jain,F,Chennai,2022-12-19,33,1128862.0,645.0,30,1,18,89.5,Email
101216,Pooja,Sharma,M,Jaipur,2020-08-02,47,865272.0,617.0,70,1,18,88.8,App
101217,Aisha,Kulkarni,F,Ahmedabad,2021-08-02,30,1664400.0,692.0,66,1,19,79.0,App
101218,Neha,Jain,M,Bengaluru,2023-04-30,39,1446403.0,639.0,61,1,13,79.7,Email
101219,Isha,Iyer,M,Chennai,2021-05-02,28,866596.0,691.0,78,0,17,86.1,Email
101220,Diya,Verma,M,,2020-08-12,55,884033.0,761.0,41,1,17,63.4,App
101221,Sneha,Saxena,M,Delhi,2023-11-16,25,1147326.0,699.0,82,1,11,79.5,App
101222,Riya,Mishra,F,Hyderabad,2021-12-09,39,1309324.0,709.0,51,0,18,46.7,App
101223,Aditya,Yadav,F,Ahmedabad,2020-06-09,42,519935.0,695.0,44,0,11,87.3,Email
101224,Isha,Gupta,M,Kolkata,2021-03-30,40,494886.0,802.0,95,1,12,69.9,App
101225,Kabir,Patel,F,Delhi,2023-02-08,34,789011.0,724.0,13,1,17,73.2,SMS
101226,Vivaan,Jain,M,Mumbai,2022-12-18,35,1036828.0,685.0,90,1,15,64.0,SMS
101227,Varun,Yadav,F,Lucknow,2021-06-28,36,1011067.0,618.0,12,1,17,73.1,App
101228,Priya,Bose,F,Pune,2020-01-29,35,1173586.0,724.0,82,1,8,77.7,SMS
101229,Sneha,Khan,F,Jaipur,2022-02-05,45,628987.0,751.0,9,1,21,88.2,Email
101230,Priya,Nair,M,Kolkata,2020-07-03,56,354405.0,666.0,85,1,13,95.5,SMS
101231,Riya,Saxena,F,Mumbai,2023-06-01,31,1088065.0,724.0,48,1,12,75.6,Call Center
101232,Riya,Yadav,M,Bengaluru,2020-12-22,24,702631.0,682.0,49,1,10,57.0,Email
101233,Aditya,Nair,F,Kolkata,2021-05-06,35,,686.0,53,1,11,88.3,SMS
101234,Anaya,Joshi,F,Kolkata,2022-01-02,59,955244.0,547.0,56,1,14,58.1,Email
101235,Aditya,Khan,F,Ahmedabad,2021-07-31,29,1119718.0,683.0,40,1,11,69.4,App
101236,Priya,Khan,M,Ahmedabad,2020-04-23,51,860728.0,750.0,24,1,6,65.7,Email
101237,Pooja,Mishra,F,Kolkata,2021-01-12,51,771142.0,668.0,72,1,15,78.4,App
101238,Isha,Jain,F,Bengaluru,2023-08-01,31,876207.0,687.0,33,1,11,60.8,Email
101239,Isha,Patel,F,Chennai,2020-04-06,41,822976.0,642.0,23,1,13,61.5,Email
101240,Aditya,Kapoor,F,Pune,2022-04-21,51,630388.0,703.0,77,1,13,74.2,Email
101241,Kabir,Das,F,Delhi,2020-05-03,33,755137.0,686.0,54,1,13,60.1,App
101242,Anaya,Jain,F,Lucknow,2020-06-04,34,999586.0,636.0,53,1,17,88.1,Email
101243,Aisha,Malhotra,M,Lucknow,2020-04-19,31,958936.0,775.0,49,1,22,71.2,Email
101244,Neha,Bose,F,Jaipur,2020-02-22,27,957452.0,747.0,78,1,19,62.6,SMS
101245,Neha,Patel,M,Pune,2023-04-12,30,,653.0,78,1,18,97.1,Email
101246,Aisha,Singh,F,Delhi,2021-08-10,25,864091.0,734.0,80,1,19,80.0,Email
101247,Isha,Malhotra,F,Jaipur,2023-08-30,36,,728.0,49,1,18,100.0,App
101248,Arjun,Iyer,M,Jaipur,2021-12-26,29,972198.0,742.0,60,1,18,52.4,App
101249,Sahil,Iyer,F,Delhi,2023-11-14,38,1310617.0,606.0,90,1,17,75.7,Email
101250,Sahil,Nair,F,Mumbai,2020-02-14,22,583455.0,766.0,90,0,20,82.0,Email
101251,Priya,Verma,M,Chennai,2022-07-24,39,749626.0,673.0,65,1,16,79.7,Email
101252,Meera,Khan,M,Mumbai,2023-02-14,44,972178.0,668.0,32,0,17,70.0,Call Center
101253,Aditya,Iyer,M,Chennai,2020-05-01,21,1124939.0,834.0,79,1,6,86.2,App
101254,Aisha,Das,F,Mumbai,2021-04-26,39,808743.0,710.0,21,0,14,82.9,App
101255,Vivaan,Bose,M,Lucknow,2023-04-08,47,735554.0,660.0,18,1,19,51.8,App
101256,Meera,Gupta,F,Lucknow,2021-11-08,25,,585.0,94,0,3,62.6,Call Center
101257,Rahul,Mishra,M,Bengaluru,2023-11-24,51,912304.0,778.0,60,1,18,60.8,Call Center
101258,Rohan,Sharma,M,Delhi,2021-05-14,40,,636.0,13,1,15,75.6,Email
101259,Sneha,Yadav,F,Ahmedabad,2020-03-14,30,932691.0,,24,0,21,88.1,Email
101260,Neha,Saxena,M,,2022-08-28,35,896163.0,672.0,30,1,12,70.1,SMS
101261,Meera,Mishra,F,Chennai,2020-05-28,41,1001035.0,769.0,2,1,16,69.2,Email
101262,Karan,Khan,M,Lucknow,2022-06-10,37,889753.0,754.0,83,1,13,70.5,SMS
101263,Sneha,Iyer,M,Jaipur,2022-12-20,41,731237.0,701.0,25,1,9,85.1,Email
101264,Vivaan,Singh,M,,2022-12-13,28,1081916.0,705.0,50,1,21,92.4,Call Center
101265,Rahul,Sharma,F,Pune,2023-05-31,38,962663.0,669.0,14,1,22,76.3,App
101266,Anaya,Yadav,M,Kolkata,2021-04-17,23,948371.0,712.0,6,1,12,98.3,SMS
101267,Anaya,Jain,F,Kolkata,2023-09-01,35,670599.0,702.0,76,1,14,66.3,SMS
101268,Sahil,Iyer,M,Delhi,2020-06-18,28,1224022.0,768.0,84,1,13,59.6,SMS
101269,Rohan,Das,M,Bengaluru,2021-12-01,29,1073734.0,732.0,87,1,14,84.4,App
101270,Isha,Khan,F,Hyderabad,2020-02-01,47,785303.0,710.0,30,1,21,71.6,SMS
101271,Aditya,Joshi,F,Pune,2020-02-22,46,1162354.0,680.0,30,0,13,71.8,SMS
101272,Aarav,Das,M,Pune,2022-07-28,41,797843.0,730.0,38,1,15,74.0,App
101273,Pooja,Malhotra,M,Hyderabad,2020-05-18,26,704529.0,701.0,58,1,11,57.7,App
101274,Varun,Verma,F,Jaipur,2023-10-29,33,722195.0,626.0,94,1,32,58.7,App
101275,Karan,Gupta,M,Hyderabad,2022-12-06,47,500540.0,682.0,41,0,14,80.8,SMS
101276,Karan,Yadav,M,,2020-03-30,37,1040661.0,703.0,94,1,10,78.4,SMS
101277,Meera,Kulkarni,M,Mumbai,2022-04-07,57,468484.0,763.0,57,1,21,94.6,Email
101278,Riya,Verma,M,Pune,2020-02-05,40,637239.0,682.0,36,1,12,87.6,SMS
101279,Varun,Verma,M,Delhi,2022-10-12,38,415275.0,644.0,64,1,21,80.2,App
101280,Rahul,Kapoor,M,Pune,2022-07-17,33,897531.0,708.0,16,1,18,86.1,Email
101281,Isha,Sharma,F,,2023-06-02,37,878898.0,697.0,88,0,18,81.4,Email
101282,Pooja,Das,M,Lucknow,2021-07-07,35,811281.0,701.0,78,1,30,74.4,App
101283,Pooja,Nair,F,,2022-01-09,42,658971.0,758.0,90,1,11,93.7,SMS
101284,Karan,Kapoor,F,Chennai,2020-09-25,45,597251.0,756.0,72,1,19,84.5,App
101285,Vivaan,Mehta,F,Lucknow,2022-06-28,29,1007568.0,664.0,14,1,14,75.9,Email
101286,Rohan,Gupta,F,,2020-07-04,24,806875.0,678.0,31,0,14,58.5,SMS
101287,Kabir,Sharma,M,Bengaluru,2023-10-26,21,931419.0,648.0,66,0,22,58.1,App
101288,Karan,Jain,M,Delhi,2022-05-18,41,684033.0,730.0,68,1,13,86.4,App
101289,Karan,Gupta,F,Hyderabad,2023-06-12,26,939806.0,774.0,65,1,18,82.3,Call Center
101290,Isha,Malhotra,M,Pune,2023-02-19,21,1143487.0,685.0,55,1,15,83.2,App
101291,Pooja,Kapoor,M,Mumbai,2021-02-27,39,988480.0,687.0,84,1,15,84.0,Email
101292,Varun,Gupta,F,Kolkata,2022-04-12,58,859346.0,785.0,78,0,16,67.0,Email
101293,Anaya,Saxena,M,Chennai,2023-11-13,36,986006.0,733.0,40,1,22,55.6,App
101294,Rohan,Kulkarni,F,Delhi,2022-07-14,44,876749.0,735.0,25,1,13,84.9,SMS
101295,Meera,Reddy,F,Bengaluru,2023-02-14,37,920306.0,629.0,25,1,16,92.5,SMS
101296,Meera,Patel,F,Jaipur,2023-12-23,35,846385.0,754.0,3,1,19,77.3,App
101297,Anaya,Iyer,F,Bengaluru,2022-05-18,44,863042.0,655.0,69,1,13,57.2,App
101298,Anaya,Gupta,M,Hyderabad,2022-10-12,33,987480.0,638.0,26,1,10,79.5,App
101299,Sahil,Reddy,F,Bengaluru,2021-03-17,38,702829.0,678.0,40,1,12,60.4,Email
101300,Priya,Mishra,M,Kolkata,2020-02-08,39,657648.0,669.0,38,1,11,54.1,Email
101301,Karan,Reddy,F,Pune,2022-06-26,30,578589.0,672.0,38,1,12,74.7,Email
101302,Aarav,Iyer,M,Hyderabad,2023-03-31,45,524128.0,618.0,68,1,14,77.8,App
101303,Aisha,Singh,F,Ahmedabad,2020-06-14,34,621458.0,762.0,7,0,16,82.7,Email
101304,Anaya,Mishra,F,Kolkata,2021-03-18,29,966709.0,757.0,94,1,14,84.0,Email
101305,Priya,Kulkarni,M,,2020-11-26,41,695833.0,576.0,30,1,9,64.2,App
101306,Kabir,Joshi,M,,2022-09-19,28,979938.0,741.0,19,1,14,74.7,Email
101307,Sneha,Jain,M,Chennai,2023-09-20,36,942622.0,651.0,35,1,13,67.0,Call Center
101308,Meera,Malhotra,M,Bengaluru,2023-02-09,36,436555.0,748.0,33,1,17,74.4,App
101309,Aisha,Malhotra,M,Kolkata,2021-12-14,46,1075787.0,687.0,33,1,13,77.7,Call Center
101310,Kabir,Das,F,Delhi,2022-04-14,40,1115896.0,689.0,78,1,14,87.9,App
101311,Arjun,Patel,M,Mumbai,2020-05-18,36,667444.0,682.0,38,0,18,77.8,Email
101312,Rohan,Sharma,M,Ahmedabad,2023-04-04,43,982529.0,780.0,10,1,19,88.7,SMS
101313,Priya,Jain,F,Mumbai,2023-12-08,49,698388.0,651.0,57,1,11,78.9,Call Center
101314,Arjun,Jain,M,Pune,2023-04-07,41,974233.0,735.0,28,0,22,78.9,Email
101315,Karan,Iyer,M,Mumbai,2022-02-07,36,595562.0,761.0,78,1,14,85.0,Email
101316,Rohan,Singh,F,Ahmedabad,2020-05-03,24,472357.0,746.0,38,1,14,100.0,SMS
101317,Kabir,Patel,F,Delhi,2022-05-31,26,823766.0,815.0,16,1,8,87.6,SMS
101318,Kabir,Reddy,M,Lucknow,2022-01-30,33,875116.0,665.0,21,0,22,78.1,Call Center
101319,Aisha,Kulkarni,M,Lucknow,2023-01-26,31,806509.0,734.0,92,1,20,91.0,SMS
101320,Vivaan,Joshi,M,Jaipur,2022-12-19,34,885567.0,696.0,6,1,14,79.8,Email
101321,Aisha,Kulkarni,M,Lucknow,2022-11-08,37,814887.0,766.0,41,1,24,69.8,SMS
101322,Kabir,Mehta,M,Hyderabad,2023-02-21,41,968489.0,692.0,15,1,20,83.3,SMS
101323,Aarav,Iyer,F,Ahmedabad,2020-08-13,35,932627.0,,3,0,16,58.0,App
101324,Neha,Kulkarni,F,Bengaluru,2021-09-03,40,,780.0,43,1,12,82.3,Call Center
101325,Arjun,Saxena,M,Kolkata,2020-11-19,37,741503.0,671.0,47,1,13,95.6,SMS
101326,Vivaan,Yadav,F,Pune,2022-11-06,21,1228005.0,614.0,14,1,10,86.3,SMS
101327,Karan,Kapoor,M,Kolkata,2023-01-08,28,623450.0,672.0,66,0,10,89.5,SMS
101328,Anaya,Mishra,M,Kolkata,2021-08-19,35,1003545.0,733.0,29,1,17,71.9,Call Center
101329,Aisha,Gupta,F,Pune,2021-06-24,25,1202593.0,,4,0,14,79.8,App
101330,Arjun,Iyer,F,Pune,2021-10-07,41,1027250.0,696.0,26,1,12,83.6,Email
101331,Pooja,Iyer,M,Mumbai,2022-09-16,50,854354.0,773.0,12,1,15,68.5,Call Center
101332,Varun,Kulkarni,M,Ahmedabad,2021-12-06,47,786803.0,625.0,2,1,17,82.7,SMS
101333,Varun,Das,F,Delhi,2021-09-22,34,1168737.0,665.0,17,1,23,79.9,Email
101334,Vivaan,Mishra,M,Bengaluru,2023-11-02,49,577122.0,666.0,35,1,14,80.2,Email
101335,Sahil,Mishra,M,,2022-05-28,37,692152.0,689.0,10,1,18,63.3,Email
101336,Kabir,Malhotra,M,,2020-07-09,33,811611.0,692.0,86,1,14,94.8,Call Center
101337,Meera,Mishra,F,Jaipur,2022-05-04,30,1166173.0,730.0,43,1,17,79.1,Email
101338,Priya,Saxena,M,Chennai,2021-05-05,33,1014762.0,670.0,21,1,12,77.0,App
101339,Varun,Patel,F,Jaipur,2021-02-08,33,676443.0,710.0,15,1,22,75.1,Email
101340,Isha,Mishra,M,Mumbai,2023-07-19,38,829489.0,692.0,35,1,16,70.1,Email
101341,Priya,Joshi,M,Lucknow,2022-05-24,37,780887.0,,85,0,14,71.8,SMS
101342,Diya,Bose,F,Kolkata,2021-03-05,36,776973.0,685.0,85,1,12,87.5,Email
101343,Priya,Kapoor,M,Jaipur,2021-06-03,40,1086230.0,693.0,85,1,18,87.2,App
101344,Rohan,Kulkarni,M,Jaipur,2022-06-11,47,581401.0,686.0,60,1,17,88.9,SMS
101345,Karan,Nair,M,Ahmedabad,2023-11-08,45,1285433.0,702.0,44,1,11,93.6,SMS
101346,Pooja,Patel,M,Lucknow,2022-03-31,23,1107849.0,712.0,96,0,13,79.8,App
101347,Varun,Khan,F,Bengaluru,2022-06-05,21,1160333.0,672.0,5,1,21,58.7,SMS
101348,Aarav,Iyer,M,Kolkata,2023-04-30,44,798536.0,767.0,73,1,17,80.7,SMS
101349,Sneha,Joshi,F,Ahmedabad,2021-03-10,24,883198.0,638.0,18,1,19,82.0,App
101350,Isha,Sharma,F,Pune,2020-03-03,34,569009.0,662.0,21,0,13,92.4,App
101351,Varun,Das,M,Delhi,2023-05-24,25,774255.0,819.0,72,0,17,86.8,App
101352,Rohan,Iyer,M,Lucknow,2020-05-13,21,1009541.0,632.0,74,0,16,77.4,App
101353,Vivaan,Das,M,Hyderabad,2022-08-15,41,1259824.0,626.0,51,1,15,76.3,Email
101354,Aarav,Gupta,M,Pune,2021-09-10,43,684958.0,751.0,41,1,19,83.5,Email
101355,Sahil,Khan,F,Kolkata,2023-03-30,31,815652.0,572.0,24,0,21,43.2,App
101356,Diya,Mishra,M,Pune,2023-07-05,21,866118.0,680.0,24,1,20,76.3,Email
101357,Anaya,Reddy,F,Lucknow,2021-02-28,31,587315.0,818.0,96,1,20,88.4,Email
101358,Arjun,Saxena,M,Pune,2020-12-23,40,1052629.0,605.0,38,1,14,75.3,Email
101359,Isha,Das,M,Pune,2023-10-30,23,736019.0,593.0,44,1,15,73.4,App
101360,Aarav,Malhotra,M,Lucknow,2022-10-29,38,833241.0,622.0,57,1,19,75.9,App
101361,Arjun,Jain,M,Jaipur,2022-10-07,36,784750.0,751.0,59,1,14,92.6,Call Center
101362,Aisha,Malhotra,F,Hyderabad,2020-07-15,41,737729.0,762.0,34,0,24,80.7,App
101363,Anaya,Reddy,F,Ahmedabad,2023-02-14,37,900742.0,662.0,75,1,21,63.2,SMS
101364,Arjun,Patel,M,Chennai,2022-10-30,27,906088.0,734.0,95,1,20,86.3,Email
101365,Priya,Khan,F,Pune,2022-05-11,47,866291.0,784.0,82,1,17,91.3,App
101366,Riya,Reddy,F,Bengaluru,2021-06-02,35,719033.0,799.0,23,0,12,65.8,SMS
101367,Aarav,Kulkarni,F,Chennai,2020-12-14,36,1021206.0,665.0,86,1,16,100.0,App
101368,Neha,Bose,F,,2023-11-28,28,1293903.0,578.0,43,1,10,74.7,App
101369,Diya,Mehta,F,,2021-07-28,32,946262.0,656.0,82,1,20,87.8,Email
101370,Anaya,Patel,M,Ahmedabad,2022-10-24,28,1166529.0,672.0,40,1,14,84.4,Email
101371,Karan,Mishra,M,,2020-11-23,34,598608.0,682.0,47,1,14,64.8,Call Center
101372,Neha,Patel,M,Bengaluru,2021-05-26,51,927498.0,683.0,41,0,15,68.9,SMS
101373,Priya,Kulkarni,F,Kolkata,2022-07-19,24,691152.0,761.0,47,1,13,76.4,App
101374,Vivaan,Sharma,F,Jaipur,2020-05-09,21,566235.0,768.0,20,1,7,50.0,Email
101375,Meera,Khan,F,Bengaluru,2021-08-09,49,694693.0,687.0,77,1,7,86.8,App
101376,Pooja,Kapoor,F,Mumbai,2021-04-28,34,1181338.0,760.0,65,1,16,56.4,Email
101377,Riya,Saxena,M,Ahmedabad,2020-12-23,30,1200342.0,717.0,68,1,23,79.7,App
101378,Karan,Saxena,F,Hyderabad,2021-01-19,45,950674.0,710.0,24,1,15,69.1,Call Center
101379,Karan,Verma,F,Delhi,2020-09-10,31,583926.0,755.0,36,0,8,83.2,App
101380,Sahil,Kapoor,F,Kolkata,2022-04-14,52,866294.0,691.0,45,1,21,44.4,Email
101381,Rahul,Malhotra,F,Kolkata,2023-04-05,42,980408.0,699.0,2,1,10,53.1,SMS
101382,Aarav,Singh,M,Lucknow,2022-03-06,32,922855.0,617.0,28,0,17,64.9,App
101383,Varun,Mishra,M,Lucknow,2021-04-13,55,483695.0,662.0,26,1,13,80.5,Email
101384,Isha,Kapoor,F,Kolkata,2021-05-07,31,693497.0,694.0,23,0,18,80.1,Email
101385,Isha,Saxena,M,Delhi,2022-07-08,43,893921.0,725.0,79,1,18,88.8,App
101386,Aisha,Singh,M,Delhi,2023-09-23,39,1029595.0,790.0,36,1,16,77.7,Call Center
101387,Aisha,Saxena,M,Chennai,2020-02-20,48,401801.0,679.0,91,1,16,76.5,Email
101388,Kabir,Yadav,M,Hyderabad,2022-12-15,50,866335.0,616.0,6,1,11,60.7,Email
101389,Anaya,Kulkarni,F,Mumbai,2020-03-13,36,876825.0,764.0,35,0,14,72.2,Call Center
101390,Aditya,Gupta,F,Jaipur,2021-08-22,29,1083150.0,734.0,38,1,19,75.8,Email
101391,Meera,Jain,F,Pune,2020-02-21,40,1032934.0,594.0,35,1,19,53.6,App
101392,Rohan,Singh,M,Mumbai,2020-05-04,30,1090139.0,700.0,74,1,22,64.5,Email
101393,Rohan,Iyer,F,Delhi,2020-09-18,54,923786.0,612.0,94,1,15,80.5,Call Center
101394,Meera,Nair,F,Delhi,2022-08-12,37,460976.0,656.0,53,1,13,74.2,SMS
101395,Meera,Kulkarni,F,Pune,2020-11-25,33,812497.0,644.0,38,0,22,70.5,SMS
101396,Kabir,Mehta,F,Pune,2023-09-08,38,1099846.0,746.0,93,1,18,68.8,Email
101397,Anaya,Mehta,F,Kolkata,2020-08-28,24,1229687.0,702.0,59,1,20,54.2,Email
101398,Diya,Yadav,M,Mumbai,2023-08-01,27,1105527.0,629.0,43,1,15,45.7,App
101399,Priya,Sharma,M,,2023-07-11,47,1033762.0,750.0,4,0,18,68.1,Email
101400,Riya,Patel,F,Jaipur,2023-08-15,30,1010867.0,627.0,5,1,17,90.7,Email
101401,Kabir,Sharma,F,Pune,2023-05-13,27,748215.0,725.0,68,0,24,75.2,Email
101402,Pooja,Das,F,Ahmedabad,2020-10-17,41,860835.0,654.0,45,1,11,90.2,Email
101403,Aditya,Jain,M,Mumbai,2020-07-29,47,,669.0,80,1,20,62.1,App
101404,Isha,Kulkarni,F,Jaipur,2023-10-21,42,665489.0,736.0,25,0,19,76.5,Call Center
101405,Meera,Kulkarni,M,Kolkata,2021-12-19,45,1315716.0,730.0,78,0,10,65.3,Email
101406,Sahil,Nair,M,Kolkata,2020-11-17,29,802571.0,779.0,11,1,11,67.8,App
101407,Neha,Mishra,M,Lucknow,2020-12-23,23,1183741.0,697.0,29,1,18,85.2,Email
101408,Rahul,Kulkarni,F,Lucknow,2022-07-05,50,556857.0,713.0,34,0,20,72.4,Call Center
101409,Meera,Malhotra,M,Chennai,2020-04-03,33,1032906.0,672.0,86,1,29,53.1,SMS
101410,Anaya,Yadav,F,Jaipur,2021-12-11,34,704676.0,721.0,14,1,15,77.5,App
101411,Rahul,Gupta,M,Kolkata,2020-06-17,48,568489.0,723.0,24,1,12,66.0,Email
101412,Arjun,Das,F,Chennai,2023-08-13,41,936393.0,693.0,59,0,14,62.5,App
101413,Kabir,Kulkarni,F,Lucknow,2021-05-30,40,1125106.0,593.0,39,0,13,62.7,Email
101414,Diya,Khan,F,Bengaluru,2020-04-07,55,723932.0,714.0,26,1,15,100.0,Email
101415,Kabir,Gupta,M,Mumbai,2020-12-15,30,556466.0,726.0,43,1,13,89.5,App
101416,Sahil,Malhotra,M,Pune,2022-01-05,44,904515.0,662.0,36,1,10,52.4,Email
101417,Varun,Jain,F,Kolkata,2021-08-01,37,944236.0,707.0,39,1,16,74.2,App
101418,Riya,Yadav,M,Delhi,2022-04-20,38,989422.0,782.0,61,1,19,71.3,App
101419,Pooja,Malhotra,M,,2021-02-04,50,1115722.0,726.0,16,0,14,69.0,Email
101420,Anaya,Verma,M,Mumbai,2022-01-20,41,869672.0,682.0,59,1,14,70.3,Email
101421,Kabir,Das,F,Jaipur,2022-03-31,41,1320037.0,636.0,96,1,16,83.3,Email
101422,Varun,Bose,M,Delhi,2023-12-13,46,972446.0,647.0,6,1,20,88.2,App
101423,Karan,Verma,M,Chennai,2022-10-24,33,869037.0,775.0,56,1,14,87.2,Call Center
101424,Sneha,Patel,F,Delhi,2023-09-09,28,539715.0,706.0,8,1,12,74.8,App
101425,Aditya,Iyer,F,Pune,2021-01-03,27,859202.0,666.0,94,1,19,86.3,App
101426,Neha,Gupta,M,Mumbai,2023-11-19,21,854537.0,724.0,27,1,19,73.4,Email
101427,Priya,Verma,M,Delhi,2021-07-09,55,1183055.0,659.0,71,1,15,58.0,App
101428,Varun,Verma,F,Jaipur,2023-02-16,26,1069672.0,776.0,27,1,10,53.9,Call Center
101429,Karan,Das,M,Chennai,2022-10-01,34,640506.0,781.0,89,1,21,67.1,Email
101430,Vivaan,Verma,F,Bengaluru,2022-08-23,34,924417.0,669.0,46,1,16,73.8,SMS
101431,Rohan,Gupta,F,Hyderabad,2022-10-11,39,1057418.0,,41,1,19,58.3,Email
101432,Sneha,Das,M,Kolkata,2023-04-28,43,856338.0,551.0,79,1,14,61.2,App
101433,Vivaan,Sharma,F,Pune,2023-12-10,44,1142449.0,613.0,25,1,15,70.8,Email
101434,Karan,Mehta,M,,2022-03-24,31,1062610.0,636.0,86,1,17,84.4,SMS
101435,Neha,Iyer,M,Hyderabad,2020-04-15,34,905088.0,711.0,18,1,15,80.3,SMS
101436,Pooja,Yadav,F,Lucknow,2020-06-13,39,1010833.0,681.0,12,1,16,67.3,Email
101437,Arjun,Bose,F,Kolkata,2021-09-29,34,1137898.0,612.0,87,1,16,74.9,Email
101438,Isha,Khan,M,Lucknow,2023-10-01,50,613000.0,687.0,51,1,23,59.3,App
101439,Priya,Gupta,M,Jaipur,2023-01-26,40,840123.0,734.0,39,1,10,64.8,Email
101440,Pooja,Kulkarni,M,Ahmedabad,2022-10-20,43,718801.0,729.0,89,0,17,57.7,App
101441,Rahul,Das,M,Lucknow,2020-11-26,42,997377.0,594.0,10,1,23,81.1,App
101442,Isha,Reddy,F,Bengaluru,2023-10-25,47,1176539.0,693.0,94,1,23,74.7,SMS
101443,Meera,Mishra,F,Hyderabad,2023-02-17,38,825124.0,626.0,74,0,16,72.0,Email
101444,Priya,Nair,M,Jaipur,2020-10-25,24,337906.0,743.0,77,0,21,85.2,Email
101445,Sneha,Joshi,M,Lucknow,2022-05-05,40,819817.0,741.0,54,0,8,64.9,SMS
101446,Sahil,Nair,M,Ahmedabad,2023-03-12,30,1116239.0,650.0,29,1,12,82.9,Email
101447,Sneha,Verma,M,Chennai,2021-12-07,31,1037625.0,664.0,41,1,13,98.4,App
101448,Diya,Jain,M,Mumbai,2023-01-21,41,1024815.0,656.0,9,0,10,63.6,SMS
101449,Priya,Nair,M,Bengaluru,2023-08-13,47,856634.0,582.0,63,1,11,54.6,App
101450,Rahul,Malhotra,M,Lucknow,2021-03-22,36,602327.0,704.0,77,1,18,55.6,SMS
101451,Aarav,Saxena,F,Chennai,2021-04-24,39,,678.0,37,1,14,79.4,App
101452,Vivaan,Gupta,F,Pune,2022-01-03,51,698473.0,751.0,14,1,8,95.7,App
101453,Diya,Iyer,M,Pune,2022-05-23,38,1405250.0,644.0,73,1,15,95.0,App
101454,Riya,Mehta,F,Ahmedabad,2023-07-05,59,1026334.0,673.0,72,1,17,82.9,Email
101455,Priya,Kapoor,F,Mumbai,2021-06-05,41,750242.0,610.0,39,1,10,87.5,App
101456,Vivaan,Patel,F,Jaipur,2023-10-30,21,775198.0,648.0,40,1,14,82.8,SMS
101457,Kabir,Gupta,F,Ahmedabad,2023-12-21,43,853881.0,626.0,54,0,16,84.0,App
101458,Diya,Mehta,F,Hyderabad,2023-01-29,39,,744.0,3,1,18,77.1,Email
101459,Varun,Singh,F,Kolkata,2021-09-13,48,1118752.0,673.0,55,1,15,64.5,Email
101460,Anaya,Khan,M,Hyderabad,2022-01-28,42,982547.0,717.0,33,1,17,96.0,SMS
101461,Aarav,Bose,F,Ahmedabad,2020-08-31,35,724565.0,675.0,96,1,17,93.6,Email
101462,Isha,Jain,F,Mumbai,2020-01-23,25,1326878.0,617.0,71,0,15,62.9,App
101463,Sahil,Patel,M,Lucknow,2023-10-09,34,897978.0,680.0,19,1,17,81.9,App
101464,Rohan,Singh,F,Delhi,2021-04-10,28,1142621.0,740.0,34,1,19,93.4,Email
101465,Neha,Malhotra,M,Pune,2023-06-02,31,794845.0,635.0,78,1,12,82.4,SMS
101466,Neha,Kulkarni,F,Mumbai,2022-05-14,41,996493.0,734.0,50,1,13,69.7,SMS
101467,Meera,Malhotra,M,Mumbai,2020-09-25,51,968904.0,652.0,47,1,15,90.9,App
101468,Rohan,Malhotra,F,Ahmedabad,2021-06-16,40,491718.0,665.0,46,1,12,72.8,Call Center
101469,Aisha,Jain,F,Pune,2020-11-09,25,1403207.0,715.0,56,0,15,71.3,Email
101470,Isha,Gupta,F,Mumbai,2020-04-29,40,,654.0,57,1,20,58.9,SMS
101471,Rohan,Verma,F,Pune,2022-09-07,47,803164.0,709.0,83,1,15,41.5,App
101472,Kabir,Singh,M,,2023-02-17,31,664930.0,668.0,51,0,8,100.0,App
101473,Varun,Das,F,Kolkata,2021-12-10,35,985186.0,704.0,54,1,22,69.0,SMS
101474,Vivaan,Nair,M,Mumbai,2020-05-15,36,895000.0,558.0,90,1,14,82.6,Email
101475,Aisha,Patel,F,Jaipur,2023-01-05,29,998011.0,606.0,81,1,17,67.0,SMS
101476,Diya,Jain,M,Mumbai,2023-10-09,42,960987.0,730.0,28,1,13,79.5,SMS
101477,Rohan,Joshi,M,Kolkata,2022-12-17,35,1029948.0,763.0,19,1,16,83.3,SMS
101478,Aisha,Bose,F,Chennai,2022-07-24,40,1267903.0,642.0,27,0,12,55.1,Email
101479,Karan,Bose,F,Ahmedabad,2023-01-14,28,,687.0,48,1,20,85.5,Email
101480,Sneha,Bose,M,Bengaluru,2020-01-01,32,662542.0,709.0,19,1,13,68.9,App
101481,Aarav,Yadav,F,Mumbai,2020-03-17,43,1229903.0,,51,0,15,80.9,App
101482,Neha,Singh,F,Hyderabad,2022-08-18,33,1247062.0,579.0,7,1,18,95.0,SMS
101483,Arjun,Malhotra,M,Kolkata,2021-08-03,52,1684035.0,646.0,29,1,17,89.3,Email
101484,Pooja,Reddy,F,Delhi,2020-05-27,32,922579.0,670.0,43,1,12,76.5,App
101485,Aditya,Sharma,M,Mumbai,2021-07-27,38,993485.0,743.0,69,1,17,99.8,Email
101486,Kabir,Iyer,F,Chennai,2020-07-04,44,407508.0,828.0,94,1,10,73.7,SMS
101487,Rohan,Jain,M,Bengaluru,2021-06-05,23,1027391.0,693.0,58,0,22,75.2,App
101488,Neha,Gupta,F,Lucknow,2020-06-10,21,804723.0,615.0,8,1,9,74.6,App
101489,Riya,Malhotra,M,Lucknow,2023-08-06,22,1340273.0,717.0,42,1,12,60.5,App
101490,Priya,Joshi,M,Lucknow,2023-12-15,47,763781.0,764.0,76,1,16,60.9,Email
101491,Isha,Malhotra,M,Lucknow,2020-07-14,31,489487.0,704.0,42,1,12,68.5,Email
101492,Vivaan,Malhotra,F,Kolkata,2020-02-03,59,785908.0,642.0,13,1,18,66.9,Email
101493,Sneha,Reddy,F,Mumbai,2021-02-11,31,438677.0,744.0,26,1,22,74.7,SMS
101494,Pooja,Jain,F,Jaipur,2023-08-13,38,1109570.0,746.0,18,1,20,83.3,Email
101495,Kabir,Kapoor,F,Ahmedabad,2021-06-20,50,443149.0,651.0,42,0,18,72.5,Email
101496,Arjun,Gupta,M,,2020-02-05,54,924006.0,735.0,51,0,16,78.7,Email
101497,Arjun,Verma,M,Bengaluru,2023-07-11,55,389493.0,752.0,84,1,19,67.6,App
101498,Sneha,Mishra,M,,2023-11-06,47,832207.0,748.0,16,1,22,100.0,App
101499,Sahil,Verma,M,Ahmedabad,2020-04-23,45,1300826.0,693.0,3,1,20,94.4,App
101500,Varun,Das,F,Jaipur,2021-08-27,41,1005357.0,672.0,91,0,13,73.4,SMS
101501,Anaya,Mehta,M,Hyderabad,2021-03-18,43,704677.0,762.0,79,1,22,80.8,Email
101502,Priya,Kapoor,M,Ahmedabad,2023-04-01,31,935198.0,631.0,45,1,19,60.8,SMS
101503,Kabir,Verma,M,Hyderabad,2020-02-07,29,890985.0,736.0,22,1,21,75.4,App
101504,Riya,Das,M,Lucknow,2020-04-01,36,991258.0,624.0,23,1,15,65.2,App
101505,Meera,Gupta,M,Lucknow,2021-09-22,34,577650.0,774.0,59,0,13,87.9,App
101506,Kabir,Mehta,F,Hyderabad,2021-11-02,32,1125514.0,679.0,62,1,19,65.3,Call Center
101507,Sneha,Malhotra,M,Mumbai,2020-04-10,42,271510.0,780.0,68,0,18,96.0,App
101508,Arjun,Mishra,F,Jaipur,2021-05-21,45,785743.0,726.0,54,1,14,72.8,App
101509,Pooja,Kapoor,F,Jaipur,2020-06-27,37,,614.0,57,1,17,62.8,App
101510,Aditya,Reddy,F,Lucknow,2020-10-10,49,1007569.0,777.0,23,1,20,73.6,SMS
101511,Sneha,Mehta,F,Bengaluru,2020-12-20,26,913377.0,789.0,60,1,21,83.1,Email
101512,Aditya,Verma,F,Ahmedabad,2023-08-13,34,,734.0,73,1,19,81.8,App
101513,Meera,Bose,M,Lucknow,2021-05-02,30,732003.0,654.0,88,1,17,74.0,SMS
101514,Neha,Nair,M,Lucknow,2022-10-02,21,985182.0,677.0,85,1,15,90.4,App
101515,Aisha,Kulkarni,F,Chennai,2020-10-05,35,882334.0,714.0,55,1,11,86.6,SMS
101516,Aditya,Nair,M,,2021-06-27,35,804829.0,655.0,80,1,14,82.8,SMS
101517,Arjun,Jain,M,Lucknow,2021-10-11,50,786685.0,788.0,63,0,19,74.6,App
101518,Sahil,Yadav,M,Bengaluru,2022-07-19,42,1039326.0,699.0,56,1,20,70.8,App
101519,Priya,Kulkarni,F,Hyderabad,2020-12-20,27,803090.0,541.0,55,1,14,71.1,Email
101520,Sahil,Jain,M,Delhi,2023-09-04,53,852578.0,709.0,25,0,15,72.8,Email
101521,Riya,Kulkarni,F,Lucknow,2020-07-13,47,1396591.0,669.0,26,1,14,75.2,Email
101522,Pooja,Singh,F,Hyderabad,2022-03-14,41,598307.0,684.0,49,1,16,75.5,Email
101523,Sneha,Sharma,M,Hyderabad,2020-04-02,34,483035.0,690.0,63,1,16,97.7,App
101524,Rahul,Sharma,M,Pune,2021-03-08,27,1067458.0,,45,1,10,72.4,Email
101525,Pooja,Nair,M,Chennai,2021-07-11,33,752698.0,769.0,73,1,12,64.3,App
101526,Kabir,Mehta,M,Kolkata,2022-11-16,46,832362.0,715.0,79,0,14,78.9,Email
101527,Kabir,Joshi,M,Kolkata,2023-12-09,53,744075.0,676.0,39,1,20,73.7,App
101528,Sneha,Iyer,M,Delhi,2020-06-10,50,857381.0,700.0,65,1,14,70.9,Call Center
101529,Karan,Saxena,F,Pune,2020-04-10,32,1291375.0,711.0,69,1,17,87.1,Email
101530,Sahil,Mishra,F,Ahmedabad,2021-11-29,26,1097195.0,656.0,56,1,17,73.8,App
101531,Sneha,Saxena,M,Jaipur,2020-06-06,37,1078163.0,727.0,9,1,7,92.0,Email
101532,Aditya,Kapoor,F,Hyderabad,2021-05-06,21,598414.0,728.0,70,0,15,61.6,Email
101533,Riya,Malhotra,F,Delhi,2022-07-07,39,646016.0,810.0,28,1,21,65.0,Email
101534,Meera,Saxena,M,Ahmedabad,2022-10-29,35,265036.0,761.0,45,0,13,75.7,Email
101535,Rohan,Malhotra,M,Bengaluru,2023-05-20,32,713814.0,652.0,26,0,22,92.7,SMS
101536,Arjun,Iyer,F,,2022-04-03,22,1131459.0,753.0,28,1,21,70.5,App
101537,Priya,Khan,F,Kolkata,2021-11-09,41,1007415.0,654.0,40,1,17,79.7,SMS
101538,Rohan,Bose,F,,2022-02-24,31,843707.0,728.0,15,1,15,61.4,App
101539,Aisha,Joshi,M,Hyderabad,2022-09-18,25,929177.0,672.0,6,0,13,88.8,Email
101540,Aisha,Saxena,F,Hyderabad,2020-04-20,21,714549.0,639.0,27,0,12,66.5,App
101541,Neha,Kulkarni,F,Pune,2022-04-20,36,1007602.0,703.0,38,1,12,82.5,SMS
101542,Kabir,Iyer,M,Mumbai,2020-07-21,52,1089904.0,541.0,68,1,10,83.7,App
101543,Riya,Kulkarni,F,Mumbai,2022-12-24,51,517379.0,597.0,75,0,12,52.4,SMS
101544,Karan,Verma,M,Hyderabad,2023-03-30,32,970531.0,689.0,85,1,20,79.2,SMS
101545,Aisha,Khan,M,Ahmedabad,2021-02-17,31,1142322.0,709.0,64,1,12,69.7,SMS
101546,Aisha,Joshi,M,Kolkata,2021-11-20,40,800835.0,675.0,30,1,11,82.0,Email
101547,Aditya,Jain,F,Hyderabad,2020-09-22,27,1094311.0,609.0,82,0,11,62.5,Email
101548,Vivaan,Singh,F,Pune,2021-07-25,39,1525248.0,658.0,3,1,20,70.5,SMS
101549,Rahul,Singh,F,Chennai,2020-07-23,43,865151.0,718.0,62,1,16,94.1,SMS
101550,Priya,Kapoor,F,,2021-08-06,47,1008951.0,728.0,12,0,12,90.9,SMS
101551,Varun,Singh,M,Mumbai,2023-03-25,35,722970.0,706.0,91,0,18,61.7,Email
101552,Aditya,Das,F,Delhi,2020-06-21,34,1004469.0,759.0,30,1,16,93.2,SMS
101553,Anaya,Verma,F,Hyderabad,2020-11-03,28,1041517.0,715.0,85,1,11,44.2,Email
101554,Diya,Iyer,F,Lucknow,2021-03-25,29,969084.0,652.0,38,1,11,79.6,SMS
101555,Neha,Reddy,M,Delhi,2020-03-02,34,671555.0,682.0,85,1,21,58.4,Email
101556,Isha,Malhotra,F,Jaipur,2023-10-28,39,948763.0,631.0,60,1,11,79.2,Call Center
101557,Vivaan,Jain,M,Kolkata,2021-04-19,44,1244702.0,695.0,38,1,19,75.2,Email
101558,Karan,Gupta,F,Bengaluru,2023-11-05,29,991344.0,758.0,15,0,11,59.3,App
101559,Pooja,Nair,F,Jaipur,2020-03-26,49,1142704.0,735.0,18,1,8,67.5,Email
101560,Sneha,Iyer,F,Lucknow,2023-03-12,34,823886.0,781.0,52,1,13,63.4,Email
101561,Karan,Nair,M,Hyderabad,2022-10-27,36,1130432.0,680.0,29,0,16,78.5,Email
101562,Pooja,Iyer,M,Bengaluru,2020-10-21,29,976908.0,771.0,60,1,18,89.1,Email
101563,Rahul,Reddy,M,Delhi,2022-01-08,21,711988.0,690.0,21,1,15,98.9,App
101564,Neha,Sharma,F,Bengaluru,2021-06-09,44,1009136.0,773.0,17,1,8,74.1,App
101565,Meera,Gupta,F,Delhi,2020-02-03,43,674741.0,713.0,18,0,12,76.8,SMS
101566,Vivaan,Verma,F,Hyderabad,2022-01-21,33,770029.0,752.0,57,1,15,91.8,Email
101567,Rohan,Reddy,M,,2023-09-14,37,942668.0,780.0,37,1,22,71.1,Email
101568,Pooja,Patel,M,,2022-02-18,41,976828.0,686.0,60,1,15,66.0,App
101569,Aisha,Saxena,M,Pune,2021-09-29,22,615856.0,703.0,38,1,15,97.0,App
101570,Varun,Joshi,M,Hyderabad,2022-11-23,31,1211669.0,770.0,12,0,11,73.5,App
101571,Anaya,Patel,F,Ahmedabad,2022-03-05,43,1049656.0,683.0,75,1,15,77.2,SMS
101572,Sneha,Das,F,Bengaluru,2021-02-09,25,761251.0,624.0,84,1,22,58.3,Call Center
101573,Sahil,Kapoor,F,Hyderabad,2022-11-07,39,540830.0,822.0,73,0,18,73.3,Email
101574,Vivaan,Kapoor,M,Hyderabad,2023-12-24,24,914114.0,680.0,1,0,16,99.8,Call Center
101575,Vivaan,Kulkarni,M,Bengaluru,2021-03-03,40,788180.0,719.0,58,0,9,80.2,Email
101576,Pooja,Singh,M,Jaipur,2022-07-02,36,933116.0,766.0,3,1,15,78.8,SMS
101577,Arjun,Jain,F,Delhi,2020-10-19,21,813139.0,658.0,63,1,24,91.2,App
101578,Anaya,Nair,F,Chennai,2021-08-02,46,440312.0,655.0,21,1,5,56.5,Email
101579,Sahil,Khan,M,Delhi,2023-01-08,29,802237.0,720.0,23,1,14,69.5,App
101580,Aditya,Mehta,M,Ahmedabad,2023-01-14,29,923607.0,596.0,9,1,20,100.0,Email
101581,Rahul,Reddy,F,Chennai,2020-02-17,38,1066474.0,674.0,83,1,15,70.6,Call Center
101582,Aditya,Bose,F,Pune,2020-03-24,46,,713.0,55,0,14,71.8,Email
101583,Vivaan,Das,M,Lucknow,2021-08-29,27,1265684.0,693.0,19,1,20,89.4,Call Center
101584,Sahil,Mehta,F,Bengaluru,2020-11-03,37,458458.0,610.0,62,0,16,91.2,App
101585,Varun,Yadav,M,Delhi,2020-09-08,40,1214551.0,787.0,87,1,22,59.6,Email
101586,Vivaan,Saxena,F,Delhi,2020-06-28,42,878227.0,709.0,91,1,11,82.8,SMS
101587,Kabir,Sharma,M,Jaipur,2023-08-26,38,1102825.0,765.0,91,1,13,91.3,Email
101588,Varun,Khan,M,Hyderabad,2021-03-01,33,902795.0,679.0,39,1,12,69.0,SMS
101589,Rahul,Reddy,M,Mumbai,2020-02-08,29,,663.0,76,1,17,74.3,Call Center
101590,Neha,Jain,M,Mumbai,2023-07-26,37,844680.0,698.0,27,1,18,77.7,Email
101591,Aisha,Mehta,F,Ahmedabad,2022-03-26,26,647628.0,696.0,46,1,11,85.5,Email
101592,Arjun,Malhotra,F,Mumbai,2021-09-16,21,1255355.0,643.0,34,1,18,60.9,App
101593,Varun,Das,M,Lucknow,2021-01-10,40,870027.0,782.0,33,1,19,35.1,SMS
101594,Aditya,Iyer,F,,2020-02-10,44,945508.0,665.0,92,1,14,75.1,Email
101595,Kabir,Malhotra,M,Lucknow,2020-02-16,21,1196938.0,584.0,95,1,14,88.7,App
101596,Pooja,Kapoor,M,Hyderabad,2020-07-03,27,650964.0,775.0,96,0,17,71.5,Email
101597,Aisha,Mehta,F,Kolkata,2020-03-12,42,1038860.0,667.0,50,1,6,68.7,Email
101598,Neha,Malhotra,F,Mumbai,2021-07-22,55,786076.0,675.0,20,1,16,70.5,App
101599,Neha,Saxena,M,Pune,2021-07-27,36,895672.0,604.0,40,1,19,94.0,SMS
101600,Rahul,Gupta,M,Jaipur,2020-12-07,29,913455.0,782.0,95,1,16,69.9,App
101601,Aarav,Mishra,F,Hyderabad,2021-07-22,34,552771.0,621.0,58,1,19,81.4,Email
101602,Anaya,Saxena,M,Chennai,2022-08-21,48,686967.0,689.0,31,1,14,57.7,SMS
101603,Arjun,Verma,F,Kolkata,2023-06-20,30,1170057.0,737.0,38,1,20,58.3,SMS
101604,Arjun,Reddy,F,Pune,2020-11-23,29,1101982.0,728.0,86,1,19,88.1,Email
101605,Aisha,Saxena,M,Jaipur,2020-06-01,32,895852.0,693.0,45,1,23,98.8,SMS
101606,Vivaan,Patel,M,Lucknow,2023-07-02,27,932286.0,598.0,41,1,18,84.3,App
101607,Varun,Sharma,F,Lucknow,2021-12-29,37,856817.0,653.0,9,1,10,53.0,Email
101608,Neha,Kulkarni,M,,2023-12-18,51,1258167.0,705.0,9,1,17,72.1,SMS
101609,Diya,Nair,M,Lucknow,2020-08-19,39,887086.0,656.0,63,1,14,74.8,Email
101610,Karan,Kapoor,F,Jaipur,2020-06-24,34,,726.0,79,1,9,77.5,SMS
101611,Priya,Kapoor,F,Lucknow,2021-07-04,33,1192881.0,735.0,77,1,20,54.2,Email
101612,Arjun,Mishra,M,,2020-05-22,22,760505.0,760.0,22,1,22,59.2,App
101613,Rohan,Joshi,F,Bengaluru,2020-01-17,44,1261496.0,616.0,16,1,9,64.9,App
101614,Diya,Mishra,F,Delhi,2020-09-05,35,563649.0,693.0,32,1,16,75.3,SMS
101615,Isha,Mishra,M,Lucknow,2022-11-24,34,1292158.0,730.0,66,0,21,50.3,Email
101616,Neha,Joshi,M,Delhi,2022-03-11,65,823181.0,700.0,90,1,23,85.6,App
101617,Rahul,Das,F,Kolkata,2022-09-26,39,847880.0,764.0,14,1,15,74.4,Email
101618,Rahul,Das,M,Ahmedabad,2022-09-25,29,476789.0,835.0,38,1,16,61.9,SMS
101619,Rahul,Patel,M,Ahmedabad,2020-05-25,32,847026.0,618.0,8,1,25,77.4,SMS
101620,Aditya,Kulkarni,F,Hyderabad,2022-07-14,46,,696.0,21,1,15,60.7,Email
101621,Sneha,Gupta,F,Pune,2021-12-27,37,741112.0,570.0,56,1,17,74.5,Call Center
101622,Anaya,Joshi,F,Bengaluru,2020-06-13,23,870925.0,714.0,46,1,15,52.8,App
101623,Neha,Mishra,F,Ahmedabad,2023-02-08,44,1073004.0,714.0,43,1,14,51.6,SMS
101624,Priya,Khan,M,Pune,2021-10-08,30,1013596.0,692.0,92,1,17,70.5,SMS
101625,Priya,Singh,M,Jaipur,2023-01-02,53,991619.0,660.0,46,1,16,66.2,Email
101626,Rohan,Jain,F,Delhi,2021-10-29,46,636955.0,595.0,48,1,17,77.1,App
101627,Varun,Jain,F,Delhi,2020-12-19,32,707336.0,715.0,70,1,17,76.4,Email
101628,Arjun,Singh,F,Jaipur,2023-07-21,48,1403380.0,766.0,84,1,21,98.0,Email
101629,Meera,Malhotra,M,Kolkata,2022-07-31,37,719169.0,663.0,31,0,17,70.7,Email
101630,Rahul,Yadav,F,Delhi,2023-07-26,44,1278597.0,717.0,33,1,25,37.1,Email
101631,Meera,Jain,M,Delhi,2022-11-20,40,824242.0,620.0,44,1,12,52.3,App
101632,Neha,Yadav,M,Delhi,2021-06-09,28,924509.0,724.0,71,1,7,61.3,Call Center
101633,Karan,Iyer,M,Pune,2021-05-24,30,1156920.0,680.0,8,0,9,100.0,App
101634,Rohan,Khan,M,Mumbai,2020-06-26,45,1135751.0,665.0,73,1,14,73.9,App
101635,Rohan,Mehta,F,Chennai,2020-11-24,33,891773.0,658.0,2,1,17,86.6,App
101636,Pooja,Patel,M,,2022-03-11,32,839888.0,668.0,17,1,16,86.9,App
101637,Aisha,Verma,M,,2021-11-18,27,882950.0,722.0,52,1,15,62.9,App
101638,Priya,Yadav,M,Ahmedabad,2023-04-10,40,987796.0,636.0,45,1,13,51.2,Email
101639,Aisha,Das,F,Bengaluru,2023-11-20,55,1112978.0,676.0,37,1,17,76.7,Email
101640,Sahil,Das,F,Lucknow,2022-07-26,26,928045.0,697.0,42,1,14,47.0,Email
101641,Kabir,Kapoor,F,Ahmedabad,2022-09-06,36,1006188.0,634.0,44,1,22,91.0,SMS
101642,Kabir,Mehta,M,Hyderabad,2022-01-04,49,1271321.0,799.0,81,1,25,73.1,Call Center
101643,Anaya,Iyer,F,Mumbai,2022-11-24,35,990684.0,655.0,38,1,15,82.9,App
101644,Karan,Jain,M,Bengaluru,2020-10-23,40,1004101.0,670.0,94,1,21,79.3,App
101645,Kabir,Kapoor,M,Mumbai,2021-09-13,26,551983.0,658.0,6,1,15,78.1,SMS
101646,Rohan,Nair,F,Pune,2023-06-12,40,279573.0,801.0,68,1,12,80.2,App
101647,Priya,Malhotra,M,Bengaluru,2022-06-27,34,984765.0,740.0,51,1,13,78.3,Email
101648,Pooja,Saxena,M,Bengaluru,2022-11-28,45,918514.0,649.0,35,1,14,78.8,SMS
101649,Aisha,Reddy,M,Ahmedabad,2023-05-27,47,759076.0,764.0,58,1,12,59.1,App
101650,Kabir,Iyer,M,Chennai,2023-05-25,59,994682.0,730.0,57,1,18,71.0,Email
101651,Vivaan,Khan,M,Lucknow,2021-12-06,41,918771.0,711.0,73,0,10,98.9,App
101652,Aarav,Mishra,M,Jaipur,2021-09-19,39,1215134.0,687.0,6,1,12,81.9,App
101653,Rahul,Kulkarni,M,Jaipur,2021-11-03,38,,675.0,13,1,21,88.7,SMS
101654,Sneha,Saxena,F,Lucknow,2021-02-23,33,,722.0,59,1,17,64.0,Email
101655,Karan,Kulkarni,F,Jaipur,2021-10-14,39,1085075.0,659.0,86,1,14,67.7,App
101656,Diya,Mishra,F,Bengaluru,2022-04-03,33,889889.0,797.0,92,1,16,61.8,SMS
101657,Karan,Verma,F,Pune,2023-04-12,38,1047792.0,632.0,30,1,11,59.9,App
101658,Priya,Mehta,F,,2021-12-13,48,784333.0,776.0,2,0,17,58.5,Email
101659,Aditya,Khan,M,Bengaluru,2022-05-16,27,731490.0,682.0,58,1,13,80.0,SMS
101660,Rahul,Malhotra,M,Jaipur,2022-03-24,46,930102.0,721.0,36,1,13,70.0,SMS
101661,Diya,Bose,F,Mumbai,2022-05-17,48,973439.0,729.0,72,1,13,84.6,SMS
101662,Meera,Mishra,M,Bengaluru,2020-04-22,35,1037402.0,659.0,45,1,14,72.9,SMS
101663,Anaya,Singh,M,Chennai,2022-07-28,21,834737.0,742.0,9,1,16,45.3,Email
101664,Rohan,Kulkarni,M,Ahmedabad,2020-06-22,31,508915.0,541.0,65,1,17,80.9,Call Center
101665,Vivaan,Kapoor,F,Hyderabad,2022-10-07,48,822241.0,655.0,77,1,19,48.0,App
101666,Neha,Malhotra,F,Pune,2020-03-14,36,1117193.0,645.0,50,1,13,82.3,Email
101667,Aisha,Singh,M,Hyderabad,2021-09-28,27,846324.0,605.0,79,1,18,64.6,Email
101668,Anaya,Yadav,F,Jaipur,2020-02-01,31,863783.0,688.0,32,1,20,79.8,Email
101669,Priya,Singh,F,Jaipur,2023-07-01,44,1062754.0,726.0,43,1,18,59.8,Email
101670,Aarav,Joshi,M,Ahmedabad,2021-05-11,41,745089.0,749.0,95,1,8,89.2,SMS
101671,Riya,Iyer,M,,2023-02-10,34,558516.0,711.0,78,0,11,76.8,SMS
101672,Kabir,Gupta,M,Hyderabad,2020-07-13,33,910312.0,644.0,54,1,12,70.4,Email
101673,Varun,Saxena,F,Lucknow,2021-06-11,32,846701.0,725.0,47,1,13,55.1,Call Center
101674,Pooja,Mehta,M,Kolkata,2021-03-16,28,703169.0,706.0,14,1,8,95.0,App
101675,Vivaan,Saxena,M,Bengaluru,2021-12-24,51,873388.0,755.0,48,0,17,67.9,App
101676,Anaya,Das,M,Kolkata,2020-01-24,33,1027224.0,742.0,55,1,11,77.9,Email
101677,Varun,Khan,F,,2020-10-16,47,890779.0,704.0,29,1,14,68.5,Call Center
101678,Rahul,Mehta,F,Pune,2022-06-14,50,996798.0,642.0,47,1,21,99.9,Email
101679,Varun,Iyer,M,Lucknow,2020-11-03,45,1410572.0,653.0,63,1,17,83.7,Email
101680,Aisha,Nair,F,,2020-10-30,32,820208.0,667.0,19,0,22,66.4,Email
101681,Varun,Patel,M,Chennai,2021-09-22,40,980103.0,681.0,91,1,20,81.0,Email
101682,Aarav,Patel,M,Lucknow,2022-08-08,36,773953.0,707.0,9,1,13,82.9,Email
101683,Aisha,Reddy,F,Hyderabad,2020-02-07,28,730942.0,731.0,37,1,12,78.5,SMS
101684,Anaya,Das,M,Pune,2021-01-20,39,798819.0,688.0,92,1,17,72.5,App
101685,Priya,Mishra,M,Chennai,2022-01-14,25,781326.0,708.0,52,1,10,78.7,Call Center
101686,Aarav,Verma,M,Mumbai,2020-03-22,47,1010407.0,698.0,57,1,14,70.7,App
101687,Diya,Nair,F,Ahmedabad,2023-02-15,32,1354494.0,674.0,88,1,18,72.9,SMS
101688,Kabir,Yadav,F,Jaipur,2020-02-19,38,735296.0,641.0,28,1,18,71.2,Email
101689,Aditya,Reddy,F,,2021-10-30,39,840658.0,605.0,36,0,10,55.1,Email
101690,Riya,Patel,F,Kolkata,2020-03-14,34,882893.0,671.0,64,1,17,82.8,SMS
101691,Kabir,Yadav,F,Hyderabad,2022-09-28,41,966114.0,733.0,18,0,13,80.5,SMS
101692,Meera,Kulkarni,M,Delhi,2021-11-25,32,990345.0,657.0,89,1,10,92.3,SMS
101693,Aditya,Nair,F,Kolkata,2023-02-03,44,1208051.0,687.0,35,1,22,76.5,Email
101694,Vivaan,Verma,F,Jaipur,2023-09-11,24,340192.0,720.0,68,1,17,77.1,SMS
101695,Anaya,Mehta,M,Pune,2021-11-14,37,350912.0,735.0,78,1,19,57.5,App
101696,Kabir,Verma,M,Pune,2020-12-21,53,812991.0,638.0,39,1,15,76.1,App
101697,Pooja,Das,M,Ahmedabad,2023-07-31,27,1203226.0,764.0,90,1,23,82.4,App
101698,Neha,Singh,F,Pune,2022-10-10,30,546819.0,752.0,8,1,11,52.8,Email
101699,Meera,Gupta,M,Mumbai,2020-07-03,41,276334.0,630.0,88,1,19,88.8,Email
101700,Isha,Sharma,M,Hyderabad,2020-06-02,38,1043400.0,658.0,80,1,16,63.2,Email
101701,Arjun,Sharma,M,Hyderabad,2022-05-03,39,975527.0,767.0,84,1,7,74.2,Email
101702,Riya,Malhotra,M,Lucknow,2020-04-27,40,653471.0,705.0,15,1,21,83.2,Email
101703,Rohan,Gupta,F,Mumbai,2020-09-23,42,655223.0,574.0,7,1,12,73.5,Email
101704,Kabir,Yadav,M,Lucknow,2023-11-09,46,709671.0,617.0,17,1,13,89.2,SMS
101705,Karan,Kapoor,M,Lucknow,2022-04-16,40,937097.0,679.0,86,1,12,82.3,Call Center
101706,Kabir,Singh,F,Hyderabad,2020-09-11,34,796238.0,632.0,86,0,16,70.7,SMS
101707,Sneha,Khan,F,Delhi,2023-06-18,42,1039177.0,678.0,64,1,15,38.3,App
101708,Pooja,Saxena,M,Delhi,2020-06-19,53,270701.0,687.0,12,1,19,89.0,SMS
101709,Anaya,Singh,M,Kolkata,2021-09-08,35,726660.0,768.0,82,1,11,56.9,SMS
101710,Pooja,Singh,F,Bengaluru,2022-09-28,27,649821.0,684.0,56,1,15,83.6,Email
101711,Pooja,Khan,M,Ahmedabad,2021-07-01,46,834546.0,760.0,46,1,19,85.4,Email
101712,Anaya,Patel,F,Ahmedabad,2023-04-23,35,779904.0,774.0,47,1,13,74.6,Call Center
101713,Kabir,Singh,M,Jaipur,2021-12-02,21,1133494.0,781.0,79,1,14,83.4,SMS
101714,Sahil,Malhotra,M,Pune,2021-10-28,44,481380.0,702.0,16,1,13,80.6,Email
101715,Aditya,Bose,M,Ahmedabad,2022-06-11,31,898342.0,584.0,69,1,14,74.9,App
101716,Isha,Joshi,M,Delhi,2021-02-13,35,1049906.0,690.0,2,0,15,57.8,SMS
101717,Varun,Das,F,Pune,2022-01-08,39,1309750.0,749.0,92,0,17,76.0,App
101718,Meera,Bose,F,Lucknow,2020-05-25,38,798313.0,701.0,54,0,13,60.9,Email
101719,Sneha,Reddy,F,Kolkata,2022-11-27,42,1014072.0,802.0,27,1,18,65.3,SMS
101720,Aditya,Malhotra,F,Chennai,2021-05-04,32,476733.0,727.0,31,1,8,70.6,App
101721,Rohan,Kulkarni,F,Kolkata,2020-09-18,41,345512.0,713.0,41,1,26,93.8,App
101722,Sneha,Sharma,F,Mumbai,2023-02-23,34,1079360.0,759.0,36,1,21,82.6,SMS
101723,Diya,Nair,F,Pune,2020-12-10,43,923747.0,711.0,47,1,19,78.7,App
101724,Riya,Malhotra,M,Chennai,2023-07-08,42,1191801.0,560.0,43,1,18,81.6,Call Center
101725,Varun,Joshi,M,Lucknow,2022-05-28,28,575682.0,674.0,65,1,19,69.5,App
101726,Rahul,Iyer,F,Ahmedabad,2023-02-05,46,1044062.0,778.0,50,1,16,54.8,App
101727,Aditya,Iyer,F,Ahmedabad,2021-05-28,31,1348527.0,653.0,93,1,13,48.6,SMS
101728,Aditya,Das,F,Delhi,2022-08-02,43,1022495.0,693.0,1,1,14,76.5,App
101729,Riya,Mishra,F,Chennai,2021-12-13,39,949367.0,638.0,72,1,19,85.6,Call Center
101730,Sneha,Malhotra,M,Jaipur,2023-01-18,53,,800.0,57,1,14,91.5,App
101731,Sneha,Gupta,F,Hyderabad,2020-08-02,34,541788.0,796.0,16,1,9,66.9,Email
101732,Rohan,Malhotra,F,Chennai,2023-09-04,33,1252335.0,645.0,28,0,20,91.3,Email
101733,Anaya,Patel,M,Bengaluru,2021-08-26,36,744756.0,701.0,86,1,18,98.3,App
101734,Meera,Mehta,F,,2022-04-17,33,911483.0,657.0,82,1,14,84.5,Email
101735,Sahil,Das,F,Hyderabad,2022-02-10,43,556626.0,739.0,22,1,12,95.9,App
101736,Aisha,Nair,F,Lucknow,2021-10-31,21,632950.0,732.0,41,1,23,87.2,Email
101737,Diya,Kulkarni,F,Kolkata,2022-12-16,27,1236225.0,723.0,76,1,18,75.0,Call Center
101738,Isha,Joshi,M,Jaipur,2021-07-12,26,815257.0,713.0,19,1,11,71.4,App
101739,Karan,Verma,M,Hyderabad,2023-11-26,45,1233306.0,841.0,89,1,14,56.3,App
101740,Aditya,Mehta,F,Delhi,2020-08-09,51,896691.0,653.0,50,1,11,68.9,Email
101741,Aarav,Khan,M,Bengaluru,2021-04-19,35,449424.0,603.0,59,1,12,71.6,App
101742,Arjun,Das,M,Kolkata,2023-02-05,34,1102315.0,679.0,69,1,15,76.0,SMS
101743,Sahil,Bose,M,Mumbai,2022-05-12,37,,613.0,34,0,10,75.9,Email
101744,Vivaan,Saxena,F,Jaipur,2022-03-22,46,1096420.0,612.0,39,1,14,48.4,Call Center
101745,Aarav,Gupta,M,,2020-06-28,28,891415.0,632.0,74,0,22,83.4,Email
101746,Isha,Kapoor,M,Hyderabad,2020-06-25,38,536632.0,637.0,7,1,17,84.2,Email
101747,Karan,Mehta,F,Ahmedabad,2021-05-01,45,950153.0,651.0,52,1,21,80.0,App
101748,Aisha,Verma,F,Ahmedabad,2021-02-17,41,1451335.0,728.0,60,1,15,59.0,SMS
101749,Rohan,Patel,F,Lucknow,2021-11-22,38,1014907.0,664.0,52,1,20,79.3,Call Center
101750,Aditya,Nair,F,Mumbai,2022-11-26,45,892792.0,677.0,79,1,10,78.8,Email
101751,Rahul,Mishra,M,Ahmedabad,2021-07-28,21,1173682.0,753.0,24,1,24,80.9,Email
101752,Arjun,Reddy,M,,2020-09-24,42,879174.0,648.0,26,1,20,93.5,Call Center
101753,Neha,Gupta,M,Jaipur,2022-02-23,30,1002510.0,688.0,90,1,9,73.8,Email
101754,Varun,Yadav,F,Chennai,2022-07-12,21,654044.0,717.0,90,1,17,80.1,Email
101755,Sneha,Malhotra,M,Pune,2021-01-22,41,955076.0,591.0,10,1,17,69.6,Call Center
101756,Sahil,Mehta,F,Jaipur,2020-12-19,48,1190123.0,581.0,17,1,15,83.7,SMS
101757,Aditya,Kapoor,M,Lucknow,2022-03-24,35,715234.0,700.0,78,1,11,86.9,Email
101758,Priya,Patel,M,Kolkata,2023-07-17,45,1238745.0,718.0,2,1,11,80.1,App
101759,Diya,Singh,F,Lucknow,2022-10-20,51,897173.0,825.0,77,0,15,59.8,Call Center
101760,Varun,Jain,F,Delhi,2020-09-25,48,701338.0,714.0,27,1,25,64.9,App
101761,Diya,Mehta,M,Chennai,2023-08-21,51,,741.0,73,1,19,55.9,Email
101762,Vivaan,Saxena,M,Jaipur,2023-06-23,43,867183.0,702.0,71,1,23,68.6,Email
101763,Riya,Nair,M,Jaipur,2023-04-16,37,1042592.0,722.0,48,0,19,79.7,Email
101764,Pooja,Patel,M,Delhi,2022-12-26,22,831272.0,786.0,74,1,20,78.1,Email
101765,Kabir,Nair,F,Hyderabad,2020-10-03,34,941970.0,572.0,9,1,8,78.7,SMS
101766,Aditya,Jain,M,,2023-05-16,28,1028720.0,732.0,86,1,21,95.6,App
101767,Varun,Singh,M,Jaipur,2020-11-02,56,934502.0,808.0,23,0,14,80.2,Email
101768,Neha,Gupta,F,Jaipur,2021-09-22,34,453677.0,716.0,71,1,12,63.3,App
101769,Aarav,Iyer,F,Chennai,2021-06-21,37,640416.0,801.0,73,1,18,65.3,Call Center
101770,Neha,Reddy,M,Hyderabad,2021-06-01,41,1094761.0,664.0,27,1,15,70.3,SMS
101771,Karan,Kulkarni,M,Mumbai,2023-07-21,36,904342.0,696.0,88,1,15,71.8,SMS
101772,Aditya,Yadav,M,Lucknow,2023-06-10,51,810401.0,687.0,93,1,22,85.7,App
101773,Isha,Iyer,M,Ahmedabad,2023-02-11,30,613288.0,584.0,81,0,7,81.9,Email
101774,Aarav,Kapoor,F,Chennai,2020-05-13,38,637528.0,619.0,84,0,20,72.1,App
101775,Vivaan,Gupta,F,Pune,2023-12-19,29,431867.0,649.0,71,1,12,69.2,Email
101776,Riya,Gupta,M,Lucknow,2022-04-04,24,878387.0,730.0,43,1,20,86.1,Email
101777,Arjun,Saxena,F,Hyderabad,2022-11-14,30,748525.0,739.0,7,1,12,90.5,App
101778,Aisha,Kapoor,M,Lucknow,2023-07-27,36,692904.0,725.0,92,1,11,55.7,Email
101779,Arjun,Khan,M,Hyderabad,2023-09-28,32,920851.0,755.0,83,0,8,73.9,App
101780,Meera,Das,F,Ahmedabad,2022-03-23,30,982455.0,690.0,63,1,11,76.4,App
101781,Sneha,Joshi,M,Hyderabad,2020-03-12,23,1408348.0,761.0,84,1,14,80.6,Email
101782,Aditya,Mehta,M,Bengaluru,2022-10-14,35,555842.0,699.0,44,1,13,80.1,App
101783,Meera,Sharma,F,Pune,2022-08-09,22,1218353.0,685.0,39,1,11,84.4,App
101784,Rahul,Verma,M,Delhi,2023-05-09,43,1138813.0,692.0,40,1,21,71.1,App
101785,Sahil,Kapoor,M,Lucknow,2023-09-11,37,726769.0,731.0,7,1,19,63.1,Email
101786,Rohan,Singh,F,Lucknow,2020-02-02,23,981915.0,673.0,70,1,15,82.3,Email
101787,Aisha,Kapoor,F,Pune,2020-04-06,33,804551.0,753.0,25,0,13,82.9,Email
101788,Anaya,Das,F,Bengaluru,2020-09-19,29,938004.0,638.0,59,1,14,84.1,Email
101789,Meera,Iyer,M,Bengaluru,2022-05-23,39,1225966.0,642.0,13,0,14,82.2,SMS
101790,Meera,Jain,M,Jaipur,2022-07-02,48,1033806.0,746.0,86,1,16,62.4,Call Center
101791,Arjun,Kapoor,M,Bengaluru,2022-12-29,21,1036227.0,703.0,81,1,11,68.1,App
101792,Meera,Verma,F,Ahmedabad,2020-10-19,37,778754.0,673.0,86,0,20,89.3,Email
101793,Neha,Mehta,M,Ahmedabad,2022-07-05,35,564445.0,753.0,62,0,9,79.3,Call Center
101794,Kabir,Verma,F,Bengaluru,2021-12-30,42,823953.0,672.0,8,1,12,77.3,App
101795,Rohan,Reddy,M,Bengaluru,2023-05-15,38,1160193.0,673.0,45,0,13,72.2,SMS
101796,Rahul,Khan,M,Delhi,2020-06-20,29,560061.0,771.0,18,1,10,91.2,SMS
101797,Arjun,Iyer,M,Kolkata,2022-01-27,33,652883.0,776.0,88,1,13,59.1,Call Center
101798,Rohan,Malhotra,F,Ahmedabad,2022-07-14,29,945284.0,784.0,60,1,15,79.3,SMS
101799,Arjun,Jain,F,Delhi,2023-11-19,46,676663.0,692.0,60,1,17,75.4,SMS
101800,Neha,Nair,F,Lucknow,2023-07-03,36,754514.0,772.0,2,0,23,66.6,App
101801,Varun,Sharma,M,Chennai,2023-07-11,53,812871.0,653.0,66,1,11,94.5,SMS
101802,Aisha,Das,M,Ahmedabad,2022-06-19,35,571170.0,645.0,91,1,13,46.9,Email
101803,Aarav,Iyer,M,Delhi,2023-07-11,30,691792.0,566.0,14,1,13,80.1,Call Center
101804,Karan,Patel,F,Kolkata,2021-05-31,22,1043342.0,785.0,48,1,19,79.5,Email
101805,Karan,Mishra,M,Pune,2022-10-30,21,618483.0,643.0,56,0,15,64.2,App
101806,Meera,Joshi,M,Jaipur,2020-09-27,22,545226.0,696.0,12,0,11,80.4,SMS
101807,Sahil,Saxena,M,Bengaluru,2022-01-11,38,767515.0,644.0,96,1,17,75.2,Email
101808,Kabir,Yadav,M,Ahmedabad,2023-08-28,41,1104702.0,726.0,92,0,22,85.4,Call Center
101809,Aisha,Kapoor,M,Jaipur,2023-10-25,22,891541.0,679.0,55,1,14,99.5,Email
101810,Arjun,Gupta,M,Lucknow,2021-07-20,44,799526.0,627.0,28,1,17,81.8,App
101811,Varun,Kapoor,M,Bengaluru,2021-07-06,32,924345.0,724.0,89,1,21,80.2,App
101812,Sahil,Singh,M,Lucknow,2021-10-11,37,501946.0,631.0,4,1,14,63.0,SMS
101813,Rahul,Bose,F,Chennai,2021-01-25,51,1004873.0,652.0,90,1,16,74.5,Email
101814,Anaya,Kulkarni,F,Ahmedabad,2022-08-16,44,983610.0,577.0,36,1,23,68.9,Email
101815,Kabir,Mishra,M,Jaipur,2023-02-12,34,814465.0,615.0,50,0,14,84.2,Call Center
101816,Aisha,Jain,F,Bengaluru,2021-07-28,28,1146102.0,700.0,3,1,18,58.0,SMS
101817,Isha,Reddy,M,Delhi,2020-12-09,21,648679.0,584.0,1,1,13,63.0,App
101818,Priya,Verma,M,Hyderabad,2023-12-04,30,1158751.0,607.0,17,0,13,89.4,SMS
101819,Rohan,Gupta,F,Mumbai,2023-11-02,34,906822.0,699.0,71,1,16,80.3,Email
101820,Varun,Das,F,Ahmedabad,2021-03-31,27,864494.0,663.0,62,1,25,94.5,Call Center
101821,Aisha,Gupta,F,Ahmedabad,2023-12-17,35,,809.0,48,1,13,78.2,Call Center
101822,Diya,Nair,M,Lucknow,2021-03-19,37,904421.0,796.0,62,1,16,77.4,App
101823,Varun,Kulkarni,M,Ahmedabad,2020-07-15,34,1186550.0,649.0,69,1,11,72.8,Call Center
101824,Isha,Kulkarni,M,Pune,2022-05-17,30,659725.0,743.0,19,1,11,75.8,SMS
101825,Neha,Malhotra,M,Delhi,2020-12-28,38,743562.0,748.0,34,1,14,85.2,Email
101826,Priya,Patel,M,Lucknow,2023-12-04,40,1138688.0,653.0,49,1,24,73.0,Email
101827,Aditya,Khan,M,Delhi,2023-11-18,26,739810.0,611.0,80,1,14,92.1,Call Center
101828,Aditya,Khan,M,Ahmedabad,2022-05-17,49,,682.0,47,1,17,77.0,Call Center
101829,Aditya,Saxena,F,Jaipur,2021-07-19,35,1334098.0,685.0,91,1,15,62.5,SMS
101830,Aditya,Saxena,F,Delhi,2021-11-01,36,,677.0,50,1,23,60.4,App
101831,Vivaan,Kapoor,M,Lucknow,2023-08-10,42,1094638.0,731.0,89,0,7,72.2,App
101832,Anaya,Mishra,F,Bengaluru,2020-01-25,38,643790.0,665.0,26,1,13,87.1,App
101833,Aarav,Mishra,F,Kolkata,2020-08-24,45,1085492.0,638.0,56,1,12,67.7,App
101834,Priya,Joshi,M,Hyderabad,2021-04-05,39,951066.0,697.0,78,1,11,86.0,App
101835,Rahul,Gupta,M,Chennai,2023-09-06,30,959318.0,726.0,14,1,13,77.7,SMS
101836,Riya,Gupta,F,Mumbai,2020-04-09,39,763215.0,633.0,78,1,19,79.3,Email
101837,Anaya,Reddy,M,,2022-01-09,26,503713.0,751.0,25,0,21,71.6,Email
101838,Pooja,Khan,F,,2021-02-11,37,1040639.0,617.0,4,0,14,81.0,Email
101839,Pooja,Reddy,M,Pune,2023-03-24,36,420314.0,658.0,79,1,26,80.8,Email
101840,Aisha,Kulkarni,M,Chennai,2022-09-04,34,794354.0,701.0,32,1,21,71.9,Email
101841,Priya,Bose,F,,2023-12-28,35,1129055.0,677.0,82,1,15,66.7,SMS
101842,Varun,Kulkarni,F,Pune,2022-01-20,21,942643.0,668.0,78,1,14,55.4,SMS
101843,Priya,Patel,M,Jaipur,2023-12-28,31,1421009.0,803.0,65,1,12,80.8,Email
101844,Kabir,Reddy,F,Jaipur,2020-05-22,37,1086202.0,645.0,61,1,23,66.5,Email
101845,Meera,Malhotra,M,,2021-06-12,37,737992.0,834.0,20,1,11,70.5,SMS
101846,Aarav,Saxena,F,Chennai,2023-08-01,27,885677.0,723.0,74,0,8,63.8,SMS
101847,Karan,Malhotra,F,Kolkata,2022-10-25,47,918242.0,697.0,10,1,14,71.0,Email
101848,Varun,Kapoor,M,Bengaluru,2021-06-06,28,540255.0,718.0,88,1,17,99.9,App
101849,Riya,Kulkarni,M,Delhi,2021-12-20,45,702542.0,835.0,34,1,11,79.2,Email
101850,Aarav,Malhotra,M,Delhi,2023-12-30,40,753198.0,643.0,61,0,15,71.9,SMS
101851,Karan,Nair,M,Jaipur,2021-02-21,30,418553.0,622.0,92,1,16,69.5,Email
101852,Neha,Khan,M,Hyderabad,2023-01-09,52,922183.0,665.0,27,1,20,59.7,Email
101853,Aditya,Das,F,Kolkata,2021-06-28,25,892256.0,696.0,40,1,10,63.7,Email
101854,Anaya,Patel,M,Ahmedabad,2022-10-06,44,523561.0,601.0,65,1,13,62.7,SMS
101855,Aditya,Iyer,M,Hyderabad,2022-03-27,45,979939.0,700.0,33,1,16,80.9,App
101856,Isha,Mishra,F,Bengaluru,2023-11-01,30,1084603.0,789.0,68,1,16,81.0,Email
101857,Aisha,Kulkarni,M,Pune,2020-06-07,49,979032.0,715.0,71,1,21,77.6,App
101858,Aisha,Sharma,M,Hyderabad,2021-09-18,34,801455.0,680.0,9,0,19,86.1,App
101859,Meera,Das,M,Chennai,2023-05-25,39,1041225.0,659.0,16,1,13,64.5,Email
101860,Neha,Das,F,,2022-02-11,38,1064206.0,752.0,5,1,16,60.4,SMS
101861,Rahul,Patel,M,Jaipur,2022-12-04,35,954305.0,,23,1,15,58.7,SMS
101862,Isha,Bose,F,Pune,2023-05-23,43,717316.0,820.0,43,1,17,61.6,Email
101863,Neha,Reddy,M,Bengaluru,2020-05-07,43,1020074.0,789.0,89,1,18,78.6,SMS
101864,Karan,Khan,F,Kolkata,2023-07-01,21,1165935.0,713.0,57,0,27,97.0,Email
101865,Vivaan,Saxena,F,Pune,2022-05-26,48,780866.0,702.0,51,0,12,62.9,App
101866,Meera,Verma,F,Lucknow,2023-10-07,21,1348788.0,748.0,13,1,7,68.0,App
101867,Kabir,Patel,M,Kolkata,2021-08-28,45,799329.0,769.0,24,1,15,81.0,App
101868,Sahil,Reddy,M,Kolkata,2021-06-24,46,907180.0,649.0,11,0,14,74.8,Email
101869,Diya,Joshi,F,Jaipur,2020-06-12,26,744356.0,670.0,52,1,19,83.9,SMS
101870,Diya,Patel,M,Lucknow,2021-10-10,32,981285.0,634.0,17,1,14,75.2,App
101871,Karan,Sharma,M,Ahmedabad,2020-05-10,26,510770.0,711.0,37,1,17,63.2,App
101872,Isha,Kapoor,F,Pune,2021-11-26,34,787640.0,734.0,13,1,16,72.9,SMS
101873,Aditya,Bose,F,Hyderabad,2021-05-18,33,685481.0,630.0,62,1,24,82.6,App
101874,Diya,Patel,M,Delhi,2023-12-18,43,943168.0,674.0,91,1,16,94.1,App
101875,Rohan,Mishra,F,Pune,2020-07-02,48,1154081.0,629.0,84,1,13,82.1,SMS
101876,Sahil,Malhotra,F,Delhi,2022-04-05,49,1069446.0,655.0,96,1,19,69.9,App
101877,Anaya,Joshi,M,Kolkata,2021-11-01,31,358117.0,724.0,8,0,16,86.2,App
101878,Aisha,Yadav,F,Chennai,2022-09-08,34,1391144.0,671.0,56,1,22,90.1,SMS
101879,Neha,Singh,F,Bengaluru,2022-10-19,21,950935.0,,93,0,21,71.0,Call Center
101880,Sneha,Yadav,F,Mumbai,2021-07-07,29,734428.0,619.0,83,1,11,71.8,Call Center
101881,Anaya,Verma,M,Chennai,2023-06-12,45,905736.0,711.0,70,0,18,69.7,Call Center
101882,Rahul,Reddy,F,Delhi,2020-05-10,51,973824.0,691.0,44,1,13,84.0,Email
101883,Kabir,Saxena,M,Chennai,2021-11-27,25,777260.0,651.0,60,1,21,77.1,Email
101884,Neha,Saxena,M,Bengaluru,2022-11-03,31,943074.0,690.0,41,1,10,55.0,App
101885,Priya,Nair,F,Jaipur,2022-03-24,36,755340.0,706.0,21,0,12,84.5,App
101886,Riya,Gupta,M,Mumbai,2021-10-20,39,769741.0,657.0,86,1,18,92.0,Email
101887,Arjun,Yadav,M,Hyderabad,2021-01-14,29,746821.0,615.0,42,0,11,91.8,SMS
101888,Karan,Yadav,M,Hyderabad,2022-12-19,40,,798.0,74,0,7,68.8,App
101889,Sneha,Das,M,Jaipur,2022-07-15,32,952628.0,667.0,74,1,11,67.8,SMS
101890,Anaya,Saxena,M,Bengaluru,2023-08-08,36,1055184.0,692.0,29,1,7,94.4,SMS
101891,Sahil,Das,M,Lucknow,2023-03-29,41,1023066.0,752.0,80,0,14,92.9,Email
101892,Vivaan,Mishra,F,Chennai,2021-06-21,36,1130669.0,841.0,65,1,22,80.9,Call Center
101893,Aarav,Gupta,M,,2021-07-30,32,959143.0,627.0,17,1,22,53.3,Email
101894,Kabir,Patel,F,Ahmedabad,2023-11-10,35,763409.0,728.0,30,1,26,65.8,Email
101895,Kabir,Jain,F,Bengaluru,2022-12-29,35,1065269.0,663.0,26,1,14,64.8,SMS
101896,Aditya,Bose,M,Hyderabad,2023-11-06,33,579079.0,674.0,53,1,16,99.5,Email
101897,Arjun,Yadav,M,Delhi,2021-11-15,34,,664.0,19,1,14,59.5,SMS
101898,Aarav,Sharma,F,Jaipur,2023-06-02,50,638730.0,634.0,53,1,15,98.5,SMS
101899,Meera,Joshi,F,Jaipur,2020-02-09,41,1140189.0,680.0,85,1,23,71.2,Email
101900,Riya,Yadav,M,Kolkata,2023-03-15,33,1157180.0,616.0,17,1,11,61.0,App
101901,Arjun,Malhotra,F,Chennai,2020-12-31,42,1032531.0,752.0,46,1,10,90.7,SMS
101902,Rohan,Jain,M,Hyderabad,2020-09-04,33,1182321.0,700.0,85,1,14,80.1,Email
101903,Varun,Gupta,M,Bengaluru,2020-01-12,47,712917.0,715.0,53,1,11,57.8,App
101904,Sneha,Sharma,F,Jaipur,2022-01-06,39,982576.0,682.0,64,1,17,75.9,SMS
101905,Isha,Verma,M,Mumbai,2021-05-24,35,874396.0,672.0,45,1,14,93.9,Call Center
101906,Sneha,Das,M,Chennai,2023-06-22,40,1086538.0,709.0,49,1,17,72.3,SMS
101907,Vivaan,Nair,F,Lucknow,2020-06-19,22,888506.0,630.0,19,1,15,96.5,SMS
101908,Pooja,Patel,F,Lucknow,2022-11-21,26,884517.0,676.0,71,0,17,64.1,App
101909,Sneha,Saxena,M,Mumbai,2021-12-21,25,998931.0,646.0,81,1,6,57.2,SMS
101910,Sahil,Bose,F,Chennai,2022-09-21,37,1146963.0,649.0,65,1,17,74.5,App
101911,Rahul,Bose,F,Jaipur,2022-03-25,52,740931.0,583.0,37,1,11,58.9,Email
101912,Aisha,Mishra,M,Bengaluru,2021-03-04,56,931600.0,764.0,70,1,28,76.7,Email
101913,Priya,Patel,M,Bengaluru,2022-11-24,42,667156.0,651.0,26,1,20,74.8,SMS
101914,Anaya,Yadav,F,Chennai,2020-07-23,41,316287.0,768.0,2,1,18,72.2,App
101915,Meera,Singh,F,Delhi,2022-06-08,21,950362.0,757.0,59,1,11,95.0,App
101916,Meera,Iyer,F,Hyderabad,2023-11-08,31,1073991.0,635.0,96,0,14,73.7,App
101917,Anaya,Yadav,F,Bengaluru,2022-06-23,29,1017203.0,643.0,5,0,9,88.6,Call Center
101918,Priya,Bose,M,Kolkata,2023-07-13,30,460762.0,836.0,37,1,12,91.0,Email
101919,Pooja,Reddy,M,Lucknow,2021-11-27,34,816610.0,797.0,31,1,18,98.3,App
101920,Varun,Iyer,M,Jaipur,2022-01-19,32,392596.0,702.0,76,1,15,60.4,SMS
101921,Meera,Sharma,F,Lucknow,2022-09-11,21,1287093.0,706.0,94,1,19,52.4,Email
101922,Diya,Reddy,M,Bengaluru,2023-07-13,43,662367.0,651.0,48,1,17,98.4,SMS
101923,Sneha,Nair,M,Chennai,2022-09-12,26,1200654.0,714.0,6,1,11,82.5,App
101924,Riya,Sharma,M,Mumbai,2023-02-06,38,1087286.0,664.0,15,1,15,75.7,Email
101925,Meera,Kulkarni,F,Ahmedabad,2023-04-16,55,721546.0,600.0,15,1,10,76.6,App
101926,Karan,Reddy,F,Lucknow,2020-09-05,28,640515.0,625.0,61,1,22,71.4,SMS
101927,Aisha,Malhotra,M,Pune,2022-10-25,21,972280.0,709.0,16,1,12,82.5,App
101928,Rohan,Mishra,F,Delhi,2023-03-26,33,927224.0,643.0,20,1,20,58.5,App
101929,Karan,Iyer,M,Bengaluru,2020-08-17,46,953834.0,688.0,77,1,27,80.3,SMS
101930,Anaya,Kulkarni,M,Pune,2021-09-19,54,775246.0,638.0,44,1,17,85.4,Email
101931,Meera,Nair,M,Kolkata,2023-07-08,25,479846.0,660.0,42,0,16,85.2,Email
101932,Rohan,Singh,M,Mumbai,2022-04-07,40,390516.0,736.0,46,1,19,75.7,Email
101933,Pooja,Mishra,M,Kolkata,2020-11-16,32,995499.0,,95,0,11,69.2,Email
101934,Arjun,Joshi,F,Bengaluru,2023-02-24,35,770125.0,706.0,34,1,10,93.6,App
101935,Aarav,Jain,F,Lucknow,2020-01-28,60,903288.0,752.0,64,1,15,85.0,SMS
101936,Sahil,Iyer,F,,2022-04-30,22,1052526.0,723.0,29,1,19,96.3,SMS
101937,Aditya,Gupta,F,Pune,2021-05-24,38,1226674.0,782.0,3,1,15,52.6,Email
101938,Anaya,Saxena,F,,2020-08-15,40,860908.0,681.0,9,1,17,87.8,Email
101939,Rohan,Mehta,M,Kolkata,2021-10-02,46,803398.0,662.0,75,1,24,65.8,Email
101940,Isha,Verma,F,Kolkata,2021-06-24,37,1075068.0,607.0,75,1,25,73.3,App
101941,Aisha,Bose,F,,2023-04-17,39,647164.0,678.0,25,1,20,90.7,Call Center
101942,Meera,Bose,F,Chennai,2021-11-02,32,913490.0,746.0,86,1,11,63.9,App
101943,Kabir,Reddy,M,Lucknow,2022-06-28,38,1049582.0,770.0,42,1,18,100.0,Email
101944,Rahul,Gupta,M,Jaipur,2023-08-04,33,1023250.0,,46,1,26,85.5,App
101945,Priya,Mehta,F,,2023-07-12,42,449817.0,609.0,73,1,18,83.3,App
101946,Rahul,Mishra,F,,2023-11-19,33,700240.0,759.0,84,1,14,62.1,App
101947,Rohan,Das,M,Mumbai,2023-12-26,39,731727.0,601.0,59,0,11,74.1,App
101948,Varun,Kulkarni,F,Ahmedabad,2023-12-29,36,923386.0,751.0,21,1,13,72.6,SMS
101949,Isha,Malhotra,M,Pune,2023-11-12,46,1051652.0,684.0,74,1,17,57.6,Email
101950,Rohan,Kapoor,F,Kolkata,2022-03-19,36,1267920.0,732.0,22,0,15,90.0,Email
101951,Aisha,Verma,M,Pune,2023-03-14,21,830874.0,627.0,29,1,9,71.2,Email
101952,Diya,Saxena,M,Mumbai,2023-04-13,47,765485.0,743.0,63,1,9,76.7,Email
101953,Neha,Das,M,Bengaluru,2021-06-03,28,1107557.0,612.0,73,1,18,74.1,Call Center
101954,Neha,Singh,M,Lucknow,2023-08-30,30,963427.0,669.0,61,1,20,73.6,App
101955,Priya,Bose,M,Kolkata,2023-02-26,31,1195248.0,632.0,64,1,17,83.0,SMS
101956,Anaya,Malhotra,F,Ahmedabad,2021-05-28,48,933814.0,592.0,69,1,16,71.5,Email
101957,Rohan,Reddy,F,,2022-10-30,21,644782.0,708.0,40,1,19,83.2,App
101958,Rohan,Jain,M,Delhi,2020-12-12,64,918288.0,792.0,75,1,12,64.4,Email
101959,Diya,Patel,F,Bengaluru,2020-04-26,46,564620.0,848.0,1,1,16,74.9,App
101960,Isha,Malhotra,M,Kolkata,2021-02-14,38,1096256.0,704.0,65,1,17,60.7,Email
101961,Rahul,Saxena,M,Jaipur,2023-11-21,36,1172654.0,771.0,62,0,16,84.3,App
101962,Meera,Yadav,M,Mumbai,2022-10-31,39,1301207.0,725.0,54,0,15,91.2,App
101963,Karan,Malhotra,M,Lucknow,2023-11-22,41,1054711.0,735.0,60,1,21,82.2,Email
101964,Kabir,Bose,F,,2023-01-21,42,1176683.0,692.0,46,1,14,74.3,Call Center
101965,Sneha,Yadav,M,Lucknow,2023-01-30,41,768309.0,,5,1,23,74.7,SMS
101966,Meera,Saxena,F,Pune,2020-04-07,37,644163.0,738.0,22,1,21,58.6,Email
101967,Sahil,Reddy,F,Delhi,2020-10-08,34,1058868.0,666.0,90,0,16,63.8,App
101968,Aditya,Kulkarni,F,Hyderabad,2022-03-17,35,1011789.0,696.0,53,1,12,89.8,App
101969,Rohan,Reddy,F,Pune,2022-05-09,34,948621.0,704.0,70,1,16,76.4,Call Center
101970,Riya,Singh,F,Mumbai,2021-10-18,46,982500.0,734.0,32,0,11,60.0,Email
101971,Arjun,Kulkarni,F,Jaipur,2023-12-15,41,1001157.0,644.0,11,1,15,58.3,SMS
101972,Aisha,Malhotra,M,Jaipur,2023-10-19,21,1203537.0,691.0,10,1,22,83.5,SMS
101973,Rahul,Gupta,M,Kolkata,2020-07-29,42,1254685.0,809.0,39,1,11,86.4,Email
101974,Isha,Das,F,Pune,2021-05-22,38,,765.0,31,0,17,59.9,App
101975,Aisha,Jain,F,Delhi,2023-01-04,36,1109457.0,779.0,12,1,18,81.3,Email
101976,Rahul,Das,F,Ahmedabad,2023-09-08,33,1055347.0,696.0,80,1,17,77.3,Email
101977,Aarav,Mishra,M,Bengaluru,2021-03-27,46,770587.0,710.0,38,1,12,67.8,App
101978,Isha,Patel,M,Bengaluru,2021-11-17,45,1073112.0,753.0,67,1,20,92.8,SMS
101979,Kabir,Kulkarni,M,Pune,2021-09-14,29,587217.0,779.0,66,1,19,71.1,Email
101980,Aisha,Khan,F,Chennai,2022-08-28,40,1143074.0,586.0,52,1,21,53.9,App
101981,Isha,Bose,M,Lucknow,2022-07-18,27,623421.0,620.0,5,1,29,76.1,App
101982,Varun,Kapoor,M,Pune,2020-01-18,24,950098.0,775.0,11,1,13,90.6,SMS
101983,Arjun,Bose,M,Jaipur,2023-08-07,30,745063.0,699.0,25,1,14,73.0,App
101984,Aditya,Reddy,M,Hyderabad,2022-02-24,44,1011897.0,667.0,35,0,20,62.1,App
101985,Rahul,Mehta,M,Pune,2020-07-16,45,921007.0,635.0,35,1,14,88.5,SMS
101986,Sneha,Yadav,M,,2023-03-31,41,526532.0,672.0,22,0,13,81.7,App
101987,Vivaan,Verma,M,Hyderabad,2021-02-20,43,1026101.0,614.0,37,0,18,74.7,App
101988,Isha,Gupta,M,Kolkata,2021-01-18,41,759827.0,819.0,86,1,27,81.9,Email
101989,Meera,Kulkarni,F,Lucknow,2020-07-18,30,,683.0,55,0,18,68.7,Email
101990,Karan,Singh,F,Pune,2022-06-13,40,920104.0,698.0,75,1,23,67.3,Email
101991,Meera,Iyer,F,Jaipur,2022-09-06,43,1019636.0,736.0,96,1,12,83.4,Email
101992,Rahul,Verma,M,Bengaluru,2022-12-02,43,700934.0,758.0,95,1,13,66.0,Email
101993,Aarav,Yadav,M,Ahmedabad,2020-03-22,47,,755.0,72,1,16,94.9,Email
101994,Sneha,Singh,F,Bengaluru,2023-08-20,42,825690.0,747.0,64,1,13,86.8,SMS
101995,Arjun,Joshi,M,,2023-05-07,39,1118410.0,658.0,20,1,20,63.2,App
101996,Priya,Jain,M,,2023-11-30,46,1298864.0,691.0,4,1,16,95.6,Call Center
101997,Neha,Bose,M,Lucknow,2023-12-21,36,737026.0,743.0,18,0,11,76.5,App
101998,Neha,Gupta,M,Lucknow,2022-06-02,28,1166491.0,672.0,51,1,16,90.2,Email
101999,Riya,Yadav,M,,2021-04-24,35,401419.0,694.0,68,1,28,80.4,SMS
102000,Varun,Kapoor,F,Chennai,2021-12-28,29,883407.0,711.0,20,1,17,73.8,App
102001,Sahil,Joshi,F,Ahmedabad,2020-05-03,30,671486.0,,9,0,14,71.9,Email
102002,Riya,Yadav,F,Bengaluru,2021-06-11,35,,589.0,80,1,10,45.9,Email
102003,Varun,Das,M,Mumbai,2021-06-09,29,523440.0,741.0,26,1,17,90.2,App
102004,Anaya,Kulkarni,F,Delhi,2020-02-08,33,1007525.0,662.0,25,1,14,67.7,Email
102005,Neha,Singh,M,,2023-05-07,21,813407.0,731.0,68,1,12,88.1,SMS
102006,Pooja,Mishra,M,Delhi,2020-04-17,38,1052167.0,757.0,41,1,19,95.2,App
102007,Varun,Gupta,F,Pune,2020-09-24,36,1092305.0,784.0,59,1,28,68.6,App
102008,Anaya,Gupta,F,Delhi,2023-10-08,29,959780.0,766.0,45,0,22,67.1,Email
102009,Aditya,Reddy,M,Delhi,2020-11-06,42,1109329.0,790.0,41,1,17,88.8,App
102010,Rahul,Bose,F,Pune,2023-11-14,44,870797.0,774.0,38,1,14,67.1,Email
102011,Aisha,Khan,F,Bengaluru,2020-02-09,22,620169.0,730.0,19,0,22,91.9,Call Center
102012,Karan,Iyer,F,Chennai,2022-02-19,29,1174994.0,698.0,14,1,12,66.3,Email
102013,Sneha,Bose,M,Lucknow,2021-08-03,29,790951.0,753.0,21,1,27,91.5,Email
102014,Meera,Patel,M,Ahmedabad,2020-05-31,28,678199.0,756.0,15,0,19,72.9,Email
102015,Rahul,Iyer,M,Hyderabad,2020-07-05,43,878777.0,682.0,3,1,19,79.5,Email
102016,Sahil,Singh,M,Pune,2021-03-05,34,701179.0,717.0,37,1,18,84.8,Email
102017,Aisha,Das,M,Delhi,2021-04-01,34,810666.0,702.0,46,1,12,79.4,SMS
102018,Varun,Verma,F,Mumbai,2022-01-22,21,975421.0,643.0,16,1,13,88.8,App
102019,Aisha,Malhotra,M,,2023-06-04,42,1014916.0,779.0,14,0,15,56.0,SMS
102020,Neha,Sharma,F,Mumbai,2023-12-22,25,658708.0,696.0,9,1,20,66.5,Call Center
102021,Aisha,Sharma,M,Jaipur,2020-07-22,37,797794.0,799.0,7,1,15,78.4,Email
102022,Kabir,Iyer,F,Hyderabad,2022-02-17,38,1140121.0,608.0,14,1,18,63.2,Email
102023,Sneha,Bose,F,Pune,2020-04-27,48,1022849.0,664.0,6,1,19,86.2,App
102024,Aditya,Mehta,M,Bengaluru,2023-11-18,24,1370769.0,680.0,85,1,14,67.1,Email
102025,Arjun,Patel,F,Ahmedabad,2020-08-09,21,1147129.0,761.0,15,1,16,63.9,Email
102026,Aditya,Bose,M,Bengaluru,2022-06-15,38,1157533.0,711.0,52,0,18,87.7,App
102027,Arjun,Reddy,M,Delhi,2020-03-03,52,573732.0,,72,1,16,61.4,Email
102028,Diya,Yadav,M,Lucknow,2021-01-30,47,1082243.0,627.0,34,1,13,62.9,App
102029,Sahil,Das,M,Lucknow,2020-01-05,38,896701.0,639.0,1,1,19,77.1,Email
102030,Varun,Singh,F,Jaipur,2023-09-19,32,793506.0,716.0,96,1,25,96.0,Call Center
102031,Sahil,Verma,F,Hyderabad,2023-08-08,43,988483.0,611.0,69,1,14,78.3,Email
102032,Sneha,Iyer,M,Bengaluru,2021-05-22,27,1134154.0,680.0,94,1,10,59.6,App
102033,Riya,Nair,F,Lucknow,2020-05-24,40,997325.0,729.0,86,1,18,86.9,App
102034,Aditya,Sharma,F,Chennai,2022-08-11,41,717990.0,640.0,20,1,19,71.4,Email
102035,Sneha,Iyer,M,Delhi,2021-10-23,46,1092331.0,780.0,80,1,17,88.3,Email
102036,Aisha,Saxena,M,Ahmedabad,2023-03-28,61,738174.0,765.0,7,1,20,71.0,SMS
102037,Aarav,Verma,M,Kolkata,2022-02-19,40,910486.0,602.0,7,0,18,86.7,App
102038,Diya,Nair,F,Pune,2022-08-16,31,853976.0,658.0,50,1,9,70.7,App
102039,Meera,Das,M,Kolkata,2022-08-20,36,837644.0,581.0,2,1,10,64.1,SMS
102040,Diya,Mishra,M,Ahmedabad,2020-01-11,21,1072629.0,652.0,47,1,11,56.0,Call Center
102041,Meera,Gupta,F,Kolkata,2020-03-09,30,666050.0,737.0,14,0,17,69.8,App
102042,Pooja,Kulkarni,F,Mumbai,2022-08-21,32,1356252.0,668.0,31,1,13,79.2,Email
102043,Aarav,Khan,M,Lucknow,2020-07-20,31,459955.0,725.0,50,1,8,75.3,App
102044,Aditya,Gupta,F,Ahmedabad,2020-09-22,37,819356.0,616.0,61,1,13,85.7,Email
102045,Sneha,Iyer,F,Pune,2020-04-17,29,,748.0,41,1,15,86.4,App
102046,Varun,Jain,M,Bengaluru,2022-12-13,46,1026482.0,669.0,14,1,19,75.5,Email
102047,Sahil,Reddy,F,Chennai,2022-08-08,36,876468.0,692.0,5,1,13,76.7,App
102048,Pooja,Sharma,M,Lucknow,2023-09-23,36,893181.0,687.0,75,0,15,93.0,SMS
102049,Rahul,Kapoor,M,Jaipur,2020-07-08,33,1014905.0,629.0,5,1,12,75.1,App
102050,Vivaan,Yadav,M,Pune,2020-08-26,37,829215.0,629.0,64,0,12,67.8,SMS
102051,Meera,Joshi,M,Mumbai,2022-08-08,43,1280700.0,762.0,29,1,14,72.1,App
102052,Neha,Nair,M,Chennai,2020-12-08,28,1062576.0,720.0,75,1,9,52.9,Call Center
102053,Priya,Khan,M,Delhi,2020-10-17,30,1100684.0,744.0,5,1,19,62.9,App
102054,Meera,Nair,F,Pune,2023-09-08,33,696477.0,715.0,96,1,20,56.3,App
102055,Diya,Das,F,Mumbai,2020-11-16,24,908090.0,704.0,36,1,13,82.0,Email
102056,Rahul,Sharma,M,Ahmedabad,2020-02-11,29,772991.0,614.0,79,1,14,90.7,Email
102057,Aditya,Khan,M,Ahmedabad,2022-08-12,32,671425.0,683.0,19,1,13,65.1,Email
102058,Arjun,Yadav,F,Jaipur,2023-05-06,44,995491.0,701.0,64,1,10,65.9,SMS
102059,Aarav,Sharma,M,Hyderabad,2022-06-07,38,787860.0,804.0,22,0,16,85.2,SMS
102060,Meera,Malhotra,M,Pune,2021-09-24,38,1045468.0,744.0,34,1,16,68.5,Email
102061,Rahul,Yadav,M,Kolkata,2022-04-25,44,652720.0,793.0,56,1,16,80.5,Email
102062,Isha,Kulkarni,F,Pune,2020-10-10,35,,724.0,17,1,10,82.9,Call Center
102063,Meera,Gupta,F,Chennai,2022-03-17,40,712942.0,654.0,76,1,16,67.8,App
102064,Sneha,Singh,F,Lucknow,2020-06-30,35,922188.0,702.0,89,1,15,64.0,Email
102065,Neha,Patel,M,Delhi,2022-10-31,38,1109934.0,718.0,56,1,17,68.9,Email
102066,Vivaan,Mehta,F,Chennai,2022-01-14,31,782602.0,641.0,17,1,27,60.7,SMS
102067,Diya,Kapoor,M,Hyderabad,2021-03-17,21,1136232.0,659.0,74,1,16,81.8,App
102068,Sahil,Yadav,M,Jaipur,2021-09-20,35,604981.0,693.0,92,1,11,85.7,Email
102069,Arjun,Saxena,F,Chennai,2023-12-18,49,1266622.0,780.0,82,1,18,80.7,App
102070,Rohan,Yadav,F,Bengaluru,2021-01-22,44,864835.0,581.0,18,1,16,94.1,Email
102071,Pooja,Khan,M,Jaipur,2021-07-29,45,761022.0,761.0,45,1,22,73.5,App
102072,Neha,Saxena,M,Mumbai,2021-03-29,47,831372.0,629.0,96,0,17,82.6,App
102073,Rohan,Kulkarni,F,Ahmedabad,2022-07-15,37,1102341.0,614.0,78,1,16,80.8,App
102074,Rohan,Verma,F,Hyderabad,2022-10-22,38,,770.0,56,1,7,65.1,App
102075,Karan,Malhotra,F,Bengaluru,2022-03-21,30,710589.0,738.0,80,1,8,92.2,App
102076,Sneha,Malhotra,M,Delhi,2023-06-19,33,886211.0,775.0,50,0,15,77.5,Email
102077,Anaya,Khan,F,Mumbai,2022-03-19,42,590797.0,755.0,58,1,15,89.3,Call Center
102078,Rohan,Verma,F,Lucknow,2022-12-19,47,1274707.0,798.0,18,1,15,64.0,Email
102079,Isha,Malhotra,F,Delhi,2021-01-02,35,796641.0,726.0,80,1,17,81.6,SMS
102080,Aisha,Yadav,M,Hyderabad,2022-07-30,32,911210.0,688.0,81,1,21,71.7,SMS
102081,Rohan,Mehta,M,,2020-02-09,36,1004689.0,729.0,7,0,15,67.0,Email
102082,Priya,Singh,M,,2023-08-31,41,692296.0,757.0,76,1,23,91.9,App
102083,Priya,Kapoor,M,Kolkata,2021-07-10,23,908413.0,658.0,10,1,14,80.2,Email
102084,Riya,Nair,M,Ahmedabad,2023-08-14,21,1078959.0,672.0,69,1,15,55.7,SMS
102085,Vivaan,Malhotra,M,Ahmedabad,2022-07-05,31,849964.0,688.0,85,1,20,69.8,Email
102086,Karan,Gupta,M,Delhi,2022-10-17,25,1202612.0,586.0,3,0,14,84.3,App
102087,Sahil,Das,F,Lucknow,2021-10-04,31,1131212.0,700.0,83,1,15,62.1,Email
102088,Rahul,Mehta,M,Mumbai,2021-03-25,35,1133687.0,603.0,44,0,19,64.8,Email
102089,Rohan,Mishra,M,Jaipur,2021-01-29,32,786115.0,688.0,70,1,20,71.3,Email
102090,Riya,Verma,F,Chennai,2022-03-02,49,659026.0,750.0,14,1,13,79.8,App
102091,Kabir,Saxena,M,Jaipur,2020-03-28,39,798085.0,658.0,4,1,15,67.9,Email
102092,Sahil,Verma,M,Mumbai,2021-06-16,39,970553.0,804.0,18,1,20,82.6,SMS
102093,Diya,Nair,M,Kolkata,2023-11-12,42,1024342.0,609.0,93,1,16,80.8,App
102094,Sneha,Verma,F,Chennai,2022-01-13,26,402229.0,760.0,52,1,7,72.7,Email
102095,Priya,Khan,F,Ahmedabad,2021-01-15,45,914626.0,748.0,38,1,17,44.5,Call Center
102096,Priya,Yadav,F,,2021-03-06,35,952202.0,608.0,80,1,22,71.0,Email
102097,Rahul,Kapoor,F,Pune,2023-05-24,42,853254.0,832.0,20,0,19,69.3,App
102098,Aarav,Patel,M,Mumbai,2020-10-03,26,1244336.0,695.0,88,1,27,81.5,App
102099,Meera,Mishra,F,Pune,2020-07-12,22,1039186.0,652.0,44,1,15,67.6,Email
102100,Karan,Bose,F,Jaipur,2020-06-27,43,1217994.0,624.0,51,1,16,67.0,SMS
102101,Diya,Nair,F,,2023-03-12,39,825489.0,684.0,19,1,16,82.7,App
102102,Sahil,Sharma,F,Delhi,2020-08-05,28,1132869.0,688.0,68,1,14,96.7,SMS
102103,Neha,Patel,M,Delhi,2022-09-14,28,1288675.0,710.0,66,1,13,57.0,Email
102104,Meera,Das,M,Lucknow,2022-12-18,46,1237088.0,694.0,13,1,23,82.8,App
102105,Meera,Kulkarni,F,Ahmedabad,2023-10-01,25,877719.0,724.0,62,1,21,94.1,Email
102106,Priya,Malhotra,F,Mumbai,2021-07-10,51,861708.0,674.0,61,0,24,81.6,App
102107,Neha,Kulkarni,F,Lucknow,2023-12-13,28,831213.0,592.0,30,1,16,89.1,Email
102108,Rahul,Kulkarni,F,Chennai,2023-06-01,42,996683.0,693.0,30,0,18,65.3,App
102109,Anaya,Mehta,F,Chennai,2023-10-05,33,1008788.0,570.0,51,1,12,93.7,Email
102110,Rahul,Iyer,F,Ahmedabad,2022-02-06,41,729378.0,706.0,88,1,19,67.8,Call Center
102111,Vivaan,Iyer,M,Lucknow,2020-03-17,31,899803.0,648.0,48,1,8,74.7,App
102112,Riya,Patel,M,Bengaluru,2021-08-21,35,416001.0,705.0,33,1,14,69.0,SMS
102113,Rahul,Kulkarni,F,Pune,2023-05-16,36,1229164.0,766.0,74,1,9,72.3,Email
102114,Sahil,Verma,F,Lucknow,2023-03-28,27,814795.0,653.0,82,0,20,50.8,SMS
102115,Aisha,Verma,F,Kolkata,2021-06-07,43,927703.0,750.0,19,0,14,49.8,Email
102116,Isha,Yadav,F,Pune,2023-06-02,31,847039.0,688.0,71,1,12,90.2,Email
102117,Vivaan,Verma,F,Bengaluru,2023-10-13,34,1177692.0,808.0,57,1,14,56.1,Email
102118,Kabir,Mehta,M,Mumbai,2022-03-23,27,269762.0,686.0,19,0,24,79.6,Call Center
102119,Kabir,Iyer,M,Bengaluru,2021-01-18,21,900406.0,647.0,88,1,16,56.3,SMS
102120,Pooja,Jain,F,Jaipur,2021-05-18,34,872913.0,741.0,79,1,17,67.8,SMS
102121,Rohan,Iyer,M,Kolkata,2020-08-29,58,788300.0,676.0,41,1,10,86.7,App
102122,Riya,Yadav,F,Ahmedabad,2021-01-03,43,1304548.0,646.0,42,0,14,79.9,App
102123,Aditya,Sharma,F,Mumbai,2020-10-14,36,748032.0,681.0,87,1,17,74.1,App
102124,Priya,Malhotra,M,Pune,2021-02-02,34,1108631.0,696.0,52,1,14,87.8,App
102125,Meera,Singh,F,Ahmedabad,2020-04-13,36,969473.0,752.0,4,1,12,75.6,Email
102126,Aarav,Joshi,M,Chennai,2023-08-27,41,1161456.0,604.0,4,1,17,89.1,SMS
102127,Arjun,Bose,M,Kolkata,2020-05-06,25,750540.0,711.0,5,1,18,63.0,Call Center
102128,Vivaan,Bose,M,Mumbai,2020-02-09,46,701641.0,731.0,41,1,26,63.5,Call Center
102129,Vivaan,Saxena,F,Mumbai,2022-12-31,42,1197176.0,714.0,87,1,13,77.0,SMS
102130,Kabir,Bose,M,Bengaluru,2022-05-31,42,937357.0,773.0,61,1,17,73.7,Email
102131,Varun,Das,M,Lucknow,2022-08-02,40,541047.0,690.0,75,1,17,68.5,SMS
102132,Pooja,Yadav,M,Kolkata,2020-09-03,36,743054.0,709.0,55,1,12,70.8,Email
102133,Priya,Sharma,M,Ahmedabad,2023-06-24,42,1013018.0,726.0,75,0,9,93.9,Email
102134,Rahul,Kulkarni,F,Bengaluru,2020-11-07,41,1083190.0,703.0,13,0,19,72.5,Email
102135,Meera,Kapoor,M,Pune,2020-02-03,33,764418.0,668.0,14,1,15,52.5,Email
102136,Vivaan,Kapoor,F,Pune,2020-05-08,31,251271.0,733.0,60,1,7,51.2,Email
102137,Riya,Joshi,M,Jaipur,2020-01-10,37,1065372.0,668.0,72,0,14,98.0,SMS
102138,Neha,Singh,F,Lucknow,2023-04-06,50,628361.0,671.0,25,1,15,95.4,Email
102139,Rahul,Verma,M,Hyderabad,2023-05-24,25,434194.0,659.0,82,1,13,71.5,Email
102140,Vivaan,Kapoor,F,Pune,2022-07-30,23,261182.0,774.0,44,0,25,86.6,Email
102141,Rahul,Mishra,M,Lucknow,2023-12-02,37,1091549.0,531.0,82,1,12,77.9,SMS
102142,Riya,Kulkarni,F,Chennai,2022-07-23,36,958672.0,709.0,10,0,13,89.8,App
102143,Karan,Bose,F,Lucknow,2022-11-07,38,836319.0,703.0,71,0,13,63.8,App
102144,Aisha,Khan,F,Mumbai,2020-12-05,38,1232603.0,,50,1,21,62.2,Call Center
102145,Priya,Sharma,F,Ahmedabad,2021-11-11,34,1050595.0,713.0,44,0,19,92.4,Call Center
102146,Sneha,Kapoor,M,Mumbai,2023-01-18,49,1296546.0,729.0,14,1,17,54.7,SMS
102147,Sneha,Mishra,F,Mumbai,2023-08-01,22,873050.0,732.0,15,1,6,76.5,App
102148,Sahil,Saxena,M,Pune,2021-06-17,29,938062.0,546.0,16,1,23,73.2,Email
102149,Varun,Khan,F,Jaipur,2023-07-14,35,542814.0,764.0,2,1,16,85.5,Email
102150,Kabir,Khan,F,Delhi,2022-03-19,21,812983.0,656.0,30,1,16,74.5,App
102151,Pooja,Das,F,Lucknow,2021-03-08,34,,738.0,30,0,20,77.1,Email
102152,Rohan,Kapoor,M,Delhi,2022-01-27,51,1098669.0,739.0,82,1,13,66.8,SMS
102153,Rahul,Kapoor,M,Delhi,2021-10-12,36,921939.0,649.0,31,1,11,66.2,Email
102154,Sahil,Gupta,M,Delhi,2022-12-11,38,1002888.0,732.0,77,1,17,72.7,Email
102155,Aisha,Mishra,M,Bengaluru,2022-12-26,25,1060186.0,688.0,20,0,15,91.1,Email
102156,Arjun,Mishra,M,Delhi,2021-08-19,30,1405258.0,586.0,49,1,15,73.3,App
102157,Aditya,Reddy,M,Pune,2020-09-06,33,850246.0,764.0,35,1,25,91.1,Email
102158,Diya,Patel,F,Hyderabad,2023-09-16,33,706211.0,653.0,23,1,17,83.3,App
102159,Aarav,Patel,F,Delhi,2022-06-22,48,970829.0,648.0,61,1,24,83.8,App
102160,Aisha,Saxena,F,Bengaluru,2021-02-18,41,717158.0,691.0,84,1,18,74.0,Email
102161,Aditya,Mehta,M,Bengaluru,2023-02-20,26,1241613.0,718.0,55,1,10,67.3,SMS
102162,Rohan,Mishra,F,Mumbai,2023-05-10,38,876100.0,701.0,67,1,13,94.7,SMS
102163,Karan,Yadav,F,Delhi,2020-01-06,40,767171.0,722.0,8,1,15,84.4,App
102164,Isha,Saxena,F,Hyderabad,2022-04-28,46,810125.0,632.0,40,0,18,77.9,SMS
102165,Sahil,Verma,M,Lucknow,2023-05-07,50,1046150.0,649.0,59,1,14,99.7,App
102166,Riya,Nair,M,,2020-01-13,27,841382.0,695.0,32,1,21,87.2,App
102167,Kabir,Das,F,Pune,2020-01-06,29,762509.0,803.0,93,1,13,62.6,Call Center
102168,Rohan,Mishra,M,Pune,2023-12-05,25,1287675.0,703.0,7,0,17,68.6,SMS
102169,Pooja,Reddy,F,Lucknow,2023-02-18,34,680668.0,754.0,2,1,16,84.4,SMS
102170,Aditya,Mishra,M,Mumbai,2023-10-17,40,909589.0,704.0,85,1,18,92.1,Email
102171,Rahul,Malhotra,M,Lucknow,2021-06-21,45,1137200.0,674.0,6,0,17,100.0,Email
102172,Vivaan,Malhotra,F,Pune,2020-01-04,35,524932.0,678.0,92,1,22,75.4,Call Center
102173,Anaya,Saxena,M,Mumbai,2020-10-10,33,1013956.0,693.0,36,1,17,81.8,Email
102174,Sneha,Yadav,M,Lucknow,2021-12-22,37,655600.0,730.0,32,1,10,67.2,Email
102175,Pooja,Saxena,M,Chennai,2022-10-12,28,1140258.0,774.0,45,1,11,63.1,SMS
102176,Pooja,Mishra,F,Kolkata,2023-10-14,55,680112.0,715.0,42,1,24,57.1,App
102177,Isha,Khan,M,Delhi,2021-11-23,22,1080045.0,763.0,53,1,19,81.5,App
102178,Riya,Mishra,F,Kolkata,2023-07-29,38,1193321.0,645.0,9,0,28,88.9,App
102179,Neha,Bose,M,Mumbai,2021-10-18,54,1152953.0,679.0,75,0,27,87.1,App
102180,Neha,Jain,F,Ahmedabad,2022-08-09,36,948902.0,661.0,87,1,13,77.3,App
102181,Aarav,Yadav,F,Lucknow,2021-09-19,34,831981.0,722.0,75,1,8,87.8,SMS
102182,Arjun,Verma,M,Ahmedabad,2023-10-04,33,758321.0,685.0,49,0,21,98.9,SMS
102183,Karan,Joshi,M,Delhi,2022-09-06,34,,750.0,2,1,17,63.2,App
102184,Pooja,Verma,M,Lucknow,2022-11-19,48,760870.0,652.0,67,0,9,48.7,App
102185,Aditya,Gupta,F,Pune,2021-01-08,21,669030.0,701.0,11,1,18,83.3,Email
102186,Meera,Iyer,M,Delhi,2023-02-21,50,1095395.0,745.0,50,1,19,81.6,Email
102187,Kabir,Kapoor,M,Jaipur,2022-10-07,23,737652.0,585.0,35,1,10,53.9,Email
102188,Meera,Bose,M,,2023-11-18,34,673898.0,817.0,15,0,19,88.7,SMS
102189,Aisha,Joshi,M,Delhi,2021-10-11,32,545724.0,662.0,75,1,16,70.8,SMS
102190,Isha,Kapoor,M,Delhi,2021-12-25,41,786022.0,580.0,31,1,16,82.1,Email
102191,Isha,Khan,F,Chennai,2022-03-22,22,903438.0,713.0,92,0,18,64.7,Call Center
102192,Priya,Nair,F,Pune,2022-12-15,40,980107.0,711.0,62,1,12,64.5,SMS
102193,Anaya,Iyer,M,Chennai,2020-05-11,54,1076135.0,697.0,28,1,11,64.9,Email
102194,Arjun,Joshi,F,Chennai,2022-02-19,24,965113.0,758.0,96,1,14,83.4,Email
102195,Rahul,Patel,F,Lucknow,2020-05-01,38,881307.0,744.0,25,1,13,65.9,Email
102196,Sahil,Das,F,Pune,2020-07-20,30,880141.0,714.0,84,1,19,80.1,Email
102197,Arjun,Khan,F,Pune,2021-12-02,40,1039968.0,715.0,92,1,14,74.9,Email
102198,Diya,Saxena,M,Delhi,2023-07-12,36,1239755.0,697.0,25,1,19,67.0,Email
102199,Vivaan,Khan,F,Pune,2021-07-11,30,944772.0,786.0,75,1,23,76.0,App
102200,Kabir,Bose,F,,2022-11-29,40,769296.0,621.0,83,1,23,79.6,App
102201,Rahul,Sharma,M,Hyderabad,2021-08-01,52,669896.0,717.0,92,1,17,90.6,SMS
102202,Meera,Nair,M,Pune,2023-02-10,34,568066.0,704.0,1,1,13,96.4,SMS
102203,Aditya,Khan,M,Hyderabad,2023-09-24,42,1049294.0,747.0,59,1,13,66.2,Email
102204,Arjun,Mishra,F,Kolkata,2022-12-21,24,1028328.0,661.0,69,0,16,82.7,Email
102205,Neha,Saxena,M,Jaipur,2020-08-14,27,1042697.0,601.0,74,1,17,48.7,Call Center
102206,Riya,Bose,F,Ahmedabad,2020-06-22,40,858792.0,719.0,42,1,13,87.7,Email
102207,Kabir,Jain,M,Delhi,2022-10-16,49,1166561.0,721.0,34,1,15,84.0,App
102208,Rahul,Saxena,F,Kolkata,2023-03-03,39,797926.0,781.0,66,0,24,45.0,App
102209,Vivaan,Patel,M,Pune,2023-08-01,33,1173971.0,610.0,18,0,20,73.1,Email
102210,Karan,Joshi,F,Lucknow,2023-02-05,36,844720.0,761.0,77,1,21,66.8,Email
102211,Priya,Singh,F,Hyderabad,2020-05-22,25,769859.0,827.0,5,1,11,73.6,SMS
102212,Kabir,Das,M,Pune,2021-07-22,41,1019247.0,680.0,20,1,14,71.3,Email
102213,Aarav,Kapoor,M,Mumbai,2023-08-10,44,1025106.0,639.0,66,1,26,74.2,SMS
102214,Diya,Kapoor,F,Jaipur,2020-10-03,32,1004142.0,684.0,75,0,12,86.7,Email
102215,Karan,Nair,M,Mumbai,2020-10-02,32,956041.0,701.0,62,0,15,73.5,App
102216,Varun,Iyer,F,Jaipur,2020-08-21,38,879263.0,727.0,94,1,18,59.3,Email
102217,Karan,Singh,F,Jaipur,2023-06-19,32,1474435.0,650.0,96,0,11,69.5,Email
102218,Aarav,Jain,F,Kolkata,2023-07-05,35,1271218.0,790.0,32,1,18,71.0,Email
102219,Priya,Kapoor,F,Mumbai,2020-02-01,55,1085796.0,640.0,58,0,19,73.5,App
102220,Aditya,Verma,F,Hyderabad,2023-10-22,34,954430.0,610.0,50,1,14,68.8,App
102221,Arjun,Singh,F,Mumbai,2023-10-03,33,1191694.0,762.0,38,1,19,85.2,App
102222,Anaya,Bose,F,Bengaluru,2022-01-29,30,1005913.0,569.0,55,1,13,89.9,SMS
102223,Varun,Kapoor,M,Kolkata,2023-03-01,43,863840.0,691.0,28,1,7,61.5,App
102224,Pooja,Verma,M,Hyderabad,2022-03-03,34,798185.0,841.0,74,1,13,76.9,SMS
102225,Pooja,Iyer,M,Ahmedabad,2023-10-23,30,861496.0,705.0,86,1,12,85.9,Email
102226,Aditya,Mehta,F,Hyderabad,2022-01-31,48,897886.0,634.0,81,1,13,72.1,SMS
102227,Aditya,Mehta,M,Mumbai,2020-09-21,49,972429.0,690.0,22,1,15,89.6,SMS
102228,Sahil,Singh,F,Lucknow,2020-08-02,31,815746.0,697.0,43,1,10,73.3,Email
102229,Rahul,Mishra,M,Ahmedabad,2023-05-23,21,1245686.0,707.0,83,1,26,56.8,App
102230,Rohan,Yadav,F,Delhi,2020-10-08,45,969019.0,692.0,81,1,8,58.3,App
102231,Neha,Das,M,Mumbai,2021-06-13,30,652567.0,637.0,88,1,17,87.7,Email
102232,Priya,Khan,M,Delhi,2020-01-02,43,885024.0,801.0,36,1,28,82.7,App
102233,Vivaan,Das,M,Hyderabad,2021-05-27,21,707522.0,711.0,96,1,22,94.5,SMS
102234,Isha,Joshi,M,Lucknow,2022-03-26,44,1037931.0,747.0,52,1,13,81.6,Email
102235,Meera,Mishra,M,Bengaluru,2021-04-08,25,976157.0,680.0,36,0,13,73.6,Email
102236,Isha,Gupta,F,Bengaluru,2023-10-18,43,1105158.0,768.0,28,1,18,84.3,Call Center
102237,Pooja,Kapoor,M,Kolkata,2023-05-24,36,700714.0,679.0,78,1,22,75.3,Email
102238,Sneha,Khan,F,Chennai,2020-06-12,27,941617.0,705.0,58,1,18,69.7,Email
102239,Riya,Khan,M,Chennai,2021-06-21,32,589762.0,656.0,36,1,22,72.0,Email
102240,Riya,Kapoor,M,,2021-05-25,42,1087422.0,643.0,70,1,19,54.7,App
102241,Kabir,Mishra,M,Delhi,2023-05-29,37,998764.0,738.0,9,0,20,65.9,App
102242,Rahul,Verma,M,Pune,2021-07-08,41,1041872.0,672.0,21,1,31,75.7,Email
102243,Sneha,Khan,F,Pune,2021-10-02,54,911776.0,651.0,64,1,17,45.7,App
102244,Priya,Joshi,F,Ahmedabad,2023-07-30,22,976496.0,685.0,76,1,8,69.6,App
102245,Karan,Bose,M,,2022-12-30,51,1235830.0,732.0,61,0,12,84.8,Call Center
102246,Riya,Kapoor,F,Hyderabad,2023-10-29,37,843300.0,647.0,94,1,18,91.9,SMS
102247,Karan,Das,M,Jaipur,2020-09-15,28,960224.0,692.0,95,1,14,65.3,SMS
102248,Varun,Saxena,F,Hyderabad,2021-03-20,24,673278.0,695.0,40,1,21,66.4,Email
102249,Aarav,Malhotra,F,,2023-05-09,34,709716.0,599.0,56,1,14,67.7,Email
102250,Anaya,Bose,F,Pune,2023-11-04,44,911442.0,618.0,4,1,18,68.9,App
102251,Rohan,Joshi,M,Lucknow,2022-02-04,35,1170043.0,726.0,31,1,10,90.2,Email
102252,Karan,Kulkarni,M,Bengaluru,2023-12-09,50,857630.0,641.0,27,1,29,96.2,App
102253,Meera,Das,F,Bengaluru,2020-03-05,23,835665.0,761.0,58,0,10,57.3,App
102254,Isha,Singh,F,Jaipur,2023-11-02,36,802964.0,763.0,25,1,21,66.1,Call Center
102255,Aisha,Mehta,F,Pune,2021-10-19,25,784254.0,736.0,69,1,13,55.6,SMS
102256,Sneha,Verma,M,Bengaluru,2023-01-30,39,985025.0,795.0,70,1,14,76.3,Email
102257,Karan,Patel,F,Chennai,2022-09-27,44,537398.0,690.0,5,1,17,70.9,Email
102258,Vivaan,Iyer,F,Chennai,2020-02-11,32,1192299.0,730.0,91,1,14,77.7,Email
102259,Karan,Malhotra,M,Ahmedabad,2022-05-28,21,755818.0,675.0,8,1,16,81.7,Call Center
102260,Varun,Verma,F,Delhi,2020-07-14,38,1094472.0,826.0,9,0,21,80.8,App
102261,Neha,Kulkarni,M,Kolkata,2023-10-15,40,612932.0,813.0,15,0,20,60.5,SMS
102262,Aditya,Malhotra,M,,2023-01-27,40,1075679.0,,7,1,15,78.6,Email
102263,Aarav,Nair,M,Bengaluru,2021-01-22,47,1075353.0,710.0,96,1,14,53.0,App
102264,Aarav,Mishra,M,Chennai,2020-03-05,26,976900.0,774.0,72,1,19,96.2,App
102265,Vivaan,Nair,F,Jaipur,2023-08-13,42,701507.0,682.0,15,0,17,69.2,Email
102266,Karan,Sharma,F,Pune,2023-12-21,47,,654.0,37,1,18,57.2,App
102267,Anaya,Joshi,M,Chennai,2020-08-10,21,617653.0,756.0,83,1,9,71.5,Email
102268,Karan,Sharma,M,Mumbai,2022-07-03,39,815248.0,706.0,39,1,10,74.3,Email
102269,Isha,Singh,F,Kolkata,2023-03-18,31,1135136.0,709.0,6,1,10,85.5,Email
102270,Riya,Patel,F,Bengaluru,2021-03-17,35,1075685.0,658.0,83,1,23,90.9,App
102271,Sahil,Singh,F,Hyderabad,2023-12-08,39,903434.0,593.0,57,1,8,78.8,Email
102272,Aditya,Reddy,M,Ahmedabad,2023-02-13,32,686102.0,704.0,92,0,17,72.0,App
102273,Aditya,Mishra,F,Bengaluru,2022-06-21,30,1096875.0,750.0,81,0,22,87.4,Email
102274,Neha,Kulkarni,F,Mumbai,2021-03-28,36,934900.0,675.0,19,0,15,83.5,SMS
102275,Meera,Gupta,M,,2020-11-15,26,342789.0,766.0,63,1,14,79.3,Email
102276,Aisha,Jain,F,Kolkata,2022-02-08,26,1124649.0,657.0,31,0,12,85.7,App
102277,Anaya,Bose,F,Delhi,2022-06-01,42,917003.0,642.0,75,1,14,68.4,SMS
102278,Riya,Iyer,F,Chennai,2022-10-12,26,1252788.0,692.0,79,1,24,78.2,App
102279,Neha,Iyer,F,,2021-03-26,42,640020.0,686.0,10,1,19,51.3,SMS
102280,Pooja,Nair,F,Chennai,2022-06-14,40,259943.0,733.0,87,1,21,92.6,Email
102281,Karan,Kapoor,M,Mumbai,2023-01-07,21,998844.0,653.0,67,1,19,67.9,SMS
102282,Rohan,Nair,F,,2022-01-12,30,998805.0,779.0,62,0,12,92.3,Email
102283,Pooja,Yadav,F,Hyderabad,2020-12-22,47,501809.0,818.0,3,0,27,60.9,App
102284,Meera,Sharma,M,Lucknow,2023-02-16,27,674323.0,697.0,18,1,14,78.0,Email
102285,Diya,Khan,F,Pune,2023-07-26,32,1578992.0,752.0,25,1,25,77.0,Email
102286,Rahul,Nair,F,Hyderabad,2022-02-20,40,845749.0,647.0,20,0,14,67.9,App
102287,Anaya,Sharma,M,Ahmedabad,2021-07-19,43,1080469.0,762.0,58,1,21,80.8,Email
102288,Karan,Mehta,F,Chennai,2022-12-04,34,758293.0,752.0,93,1,15,92.2,Email
102289,Riya,Khan,M,Jaipur,2023-06-02,31,407865.0,743.0,86,1,20,100.0,SMS
102290,Priya,Reddy,F,,2021-06-11,49,864502.0,709.0,50,1,21,83.4,Email
102291,Meera,Nair,M,Bengaluru,2021-12-24,52,814082.0,549.0,79,1,17,63.2,Email
102292,Aisha,Kapoor,F,,2020-08-28,45,815244.0,657.0,10,1,25,58.6,App
102293,Kabir,Kapoor,M,Kolkata,2021-09-05,37,848619.0,682.0,21,1,16,90.5,Email
102294,Rahul,Verma,F,Ahmedabad,2020-04-04,29,941645.0,648.0,29,1,12,68.5,App
102295,Pooja,Das,F,Bengaluru,2020-12-30,29,952273.0,725.0,96,1,12,85.2,SMS
102296,Anaya,Nair,M,Chennai,2023-04-23,41,579360.0,664.0,10,1,17,80.2,App
102297,Riya,Das,F,,2023-03-05,40,1051937.0,692.0,13,1,19,90.3,App
102298,Karan,Kapoor,M,Chennai,2020-01-25,49,454057.0,623.0,47,1,17,81.4,Email
102299,Pooja,Yadav,F,Ahmedabad,2020-11-13,42,430439.0,658.0,23,1,14,72.4,Call Center
102300,Rohan,Mishra,F,Delhi,2020-11-28,22,1051090.0,767.0,50,1,12,98.7,App
102301,Aditya,Sharma,F,Hyderabad,2022-07-02,45,1049906.0,677.0,87,1,27,85.9,SMS
102302,Arjun,Bose,F,Mumbai,2021-07-15,27,850328.0,664.0,95,1,19,80.5,SMS
102303,Rahul,Das,M,Delhi,2021-11-11,33,572968.0,676.0,4,1,19,67.9,App
102304,Vivaan,Jain,M,Hyderabad,2020-04-09,38,743246.0,715.0,67,1,23,60.6,SMS
102305,Aarav,Yadav,F,Bengaluru,2021-01-04,54,887178.0,729.0,85,1,19,72.8,SMS
102306,Isha,Mehta,M,Pune,2022-11-01,64,543638.0,530.0,53,1,17,59.2,App
102307,Sahil,Bose,M,Pune,2021-12-20,41,726630.0,752.0,2,1,12,73.1,Email
102308,Pooja,Singh,M,Pune,2020-03-17,34,1054746.0,763.0,68,1,9,86.1,SMS
102309,Anaya,Yadav,F,Bengaluru,2021-08-09,41,1265510.0,642.0,65,0,15,90.6,Email
102310,Meera,Khan,M,Chennai,2022-08-31,44,783213.0,657.0,79,1,15,66.8,Email
102311,Rohan,Mishra,F,Ahmedabad,2021-11-12,33,1121422.0,663.0,57,1,20,100.0,App
102312,Sneha,Nair,F,,2023-10-03,52,457710.0,663.0,70,1,12,92.7,SMS
102313,Priya,Patel,F,Hyderabad,2021-11-21,38,1038608.0,711.0,7,1,14,70.0,SMS
102314,Rahul,Mishra,M,Kolkata,2020-03-28,40,692081.0,574.0,19,1,13,93.5,Email
102315,Pooja,Saxena,M,Bengaluru,2021-04-09,42,,634.0,44,1,13,67.7,Email
102316,Neha,Khan,F,Jaipur,2021-05-08,40,892985.0,781.0,63,1,9,76.8,SMS
102317,Arjun,Patel,F,Mumbai,2023-05-30,44,1155775.0,651.0,65,1,17,73.1,App
102318,Meera,Gupta,M,Hyderabad,2023-02-15,30,713118.0,770.0,39,0,15,59.1,App
102319,Anaya,Reddy,M,Pune,2020-05-15,31,1070097.0,719.0,83,1,19,85.3,Call Center
102320,Rahul,Singh,M,Chennai,2022-09-04,26,832427.0,604.0,26,1,15,75.5,App
102321,Meera,Mishra,F,Ahmedabad,2020-07-05,40,869463.0,726.0,44,1,10,79.8,Call Center
102322,Sneha,Verma,F,Delhi,2021-06-25,43,856486.0,691.0,12,1,11,78.3,SMS
102323,Aarav,Iyer,M,Jaipur,2021-08-01,40,714868.0,672.0,22,1,18,65.0,Email
102324,Pooja,Das,M,Pune,2023-08-27,51,896295.0,720.0,77,1,16,92.9,App
102325,Rahul,Bose,F,Chennai,2022-07-18,36,887497.0,,92,1,14,82.8,Call Center
102326,Isha,Singh,M,Ahmedabad,2023-11-03,42,964046.0,742.0,14,1,15,68.5,SMS
102327,Anaya,Mehta,F,Delhi,2022-03-21,26,,775.0,86,1,21,59.0,Email
102328,Pooja,Sharma,F,Mumbai,2021-02-15,33,1115789.0,721.0,30,1,20,94.5,Email
102329,Aditya,Das,F,Lucknow,2023-12-15,42,1122950.0,649.0,44,1,14,82.8,App
102330,Pooja,Bose,F,Ahmedabad,2020-08-04,44,657487.0,668.0,84,1,16,72.4,App
102331,Aditya,Das,F,Mumbai,2021-10-31,33,1131599.0,837.0,91,1,17,59.6,Email
102332,Rohan,Joshi,F,Jaipur,2022-12-30,35,615044.0,734.0,38,0,21,96.1,Call Center
102333,Karan,Sharma,M,Pune,2022-04-09,22,1013636.0,826.0,59,0,10,66.4,SMS
102334,Vivaan,Bose,M,Bengaluru,2023-02-07,33,,780.0,42,0,15,70.2,App
102335,Sneha,Iyer,F,Lucknow,2020-10-11,44,462658.0,708.0,52,1,23,74.5,SMS
102336,Riya,Mishra,M,Mumbai,2022-06-01,41,959963.0,708.0,63,1,14,81.8,Email
102337,Neha,Mishra,F,,2022-02-08,41,800804.0,683.0,61,0,16,71.6,Call Center
102338,Priya,Mehta,M,Bengaluru,2021-07-22,36,736300.0,601.0,34,0,11,33.9,Email
102339,Sneha,Sharma,F,Bengaluru,2022-08-10,36,1209614.0,699.0,39,1,21,79.3,App
102340,Rohan,Kapoor,F,Bengaluru,2023-08-14,30,761139.0,763.0,41,1,10,87.0,Email
102341,Karan,Das,F,Kolkata,2021-07-14,42,722441.0,683.0,37,0,17,66.5,Email
102342,Sneha,Yadav,M,Hyderabad,2021-11-27,40,,726.0,65,1,17,96.0,SMS
102343,Isha,Bose,F,Jaipur,2021-12-11,40,999102.0,741.0,79,1,16,83.1,Email
102344,Aditya,Yadav,M,Ahmedabad,2021-06-13,31,886682.0,654.0,32,1,21,81.6,App
102345,Karan,Verma,M,Chennai,2023-05-06,21,1205001.0,680.0,8,1,16,62.9,App
102346,Rohan,Verma,M,Jaipur,2021-05-03,46,1052097.0,642.0,18,1,12,79.8,App
102347,Neha,Mishra,F,Pune,2020-01-27,32,395401.0,650.0,45,1,18,79.0,App
102348,Riya,Nair,M,Ahmedabad,2023-02-15,28,823485.0,619.0,93,1,24,74.6,App
102349,Varun,Joshi,F,Chennai,2022-12-13,42,797671.0,659.0,96,0,17,91.1,SMS
102350,Aarav,Malhotra,F,Mumbai,2021-05-18,32,1063950.0,775.0,33,1,14,68.2,Call Center
102351,Kabir,Malhotra,F,Pune,2020-05-31,46,295325.0,646.0,5,1,20,71.1,Email
102352,Kabir,Gupta,F,Delhi,2022-01-06,42,1509586.0,714.0,82,1,13,61.7,Email
102353,Aarav,Sharma,F,Jaipur,2021-04-23,42,1051664.0,670.0,74,1,14,68.8,Email
102354,Kabir,Verma,F,Mumbai,2023-03-31,24,927967.0,783.0,36,1,12,70.9,Email
102355,Diya,Jain,F,Bengaluru,2023-05-24,47,1215221.0,766.0,23,1,17,78.2,Email
102356,Isha,Mehta,M,Mumbai,2022-04-10,38,1442597.0,743.0,40,1,12,71.9,SMS
102357,Varun,Jain,M,Mumbai,2023-12-14,33,1096063.0,709.0,5,1,20,85.6,App
102358,Aisha,Khan,M,,2023-10-03,37,1091044.0,678.0,34,1,15,95.1,App
102359,Pooja,Jain,M,Kolkata,2023-09-25,21,966786.0,635.0,24,1,14,57.4,App
102360,Aisha,Patel,M,Mumbai,2022-04-29,40,925665.0,811.0,17,0,17,95.2,App
102361,Priya,Khan,F,Mumbai,2021-07-07,27,828088.0,653.0,95,1,12,85.4,Call Center
102362,Anaya,Joshi,F,Hyderabad,2023-10-07,24,733096.0,735.0,71,1,13,68.7,App
102363,Riya,Reddy,M,Jaipur,2023-10-30,22,767260.0,758.0,81,1,19,72.9,Email
102364,Diya,Joshi,F,Pune,2023-08-19,46,606423.0,677.0,92,1,18,74.3,App
102365,Sahil,Jain,F,Ahmedabad,2023-06-19,30,888478.0,750.0,22,1,12,58.4,SMS
102366,Rahul,Khan,M,Lucknow,2023-11-02,50,507444.0,741.0,15,1,15,82.4,Email
102367,Anaya,Patel,F,Delhi,2023-11-13,31,928387.0,796.0,15,1,20,81.7,Email
102368,Anaya,Malhotra,F,Mumbai,2020-10-13,21,947981.0,675.0,25,0,18,66.6,Email
102369,Rahul,Bose,M,Mumbai,2023-03-28,26,938781.0,628.0,53,1,17,56.5,App
102370,Aarav,Mishra,M,Ahmedabad,2023-10-09,47,789732.0,678.0,21,1,19,73.8,Email
102371,Karan,Patel,M,Hyderabad,2021-03-30,35,1582341.0,703.0,66,1,15,100.0,SMS
102372,Sneha,Saxena,M,Jaipur,2021-09-18,31,1202986.0,700.0,91,0,14,65.5,App
102373,Sneha,Bose,F,Hyderabad,2023-06-18,37,599517.0,671.0,32,1,9,68.1,Call Center
102374,Isha,Reddy,F,Jaipur,2020-07-30,41,954604.0,588.0,21,1,7,74.0,SMS
102375,Sahil,Verma,F,Pune,2020-12-28,46,780078.0,725.0,68,1,21,99.0,SMS
102376,Aisha,Khan,M,Lucknow,2021-08-20,49,679460.0,814.0,44,1,13,54.7,Email
102377,Sneha,Kapoor,F,,2020-05-12,33,604071.0,718.0,83,0,17,81.6,SMS
102378,Aarav,Saxena,M,Delhi,2020-10-03,24,1010794.0,739.0,66,0,16,70.5,App
102379,Isha,Sharma,F,Bengaluru,2023-07-12,32,764830.0,726.0,90,0,19,70.7,Email
102380,Karan,Das,M,Mumbai,2021-08-27,38,1132625.0,712.0,14,1,16,68.1,Email
102381,Rohan,Kulkarni,F,Delhi,2021-10-18,27,1158058.0,744.0,15,0,14,74.6,App
102382,Meera,Verma,F,Jaipur,2023-10-15,27,1219345.0,728.0,20,1,20,63.4,Email
102383,Rahul,Mishra,F,Jaipur,2021-10-28,39,730794.0,673.0,34,1,11,71.6,Call Center
102384,Priya,Patel,M,Jaipur,2020-05-15,36,995770.0,670.0,36,1,10,48.7,Email
102385,Riya,Malhotra,F,Chennai,2022-02-03,36,1091809.0,685.0,83,1,18,52.3,Email
102386,Meera,Verma,F,Pune,2021-03-03,29,805975.0,701.0,9,1,23,80.6,SMS
102387,Meera,Patel,F,Kolkata,2022-04-09,34,758784.0,673.0,71,1,10,96.1,Email
102388,Priya,Reddy,M,Kolkata,2022-11-18,28,1264517.0,722.0,30,1,16,97.8,App
102389,Riya,Khan,M,Hyderabad,2021-08-17,44,956822.0,710.0,77,1,13,84.7,SMS
102390,Kabir,Kapoor,M,Kolkata,2023-09-15,45,1051535.0,749.0,91,1,16,68.8,Call Center
102391,Aarav,Nair,M,Ahmedabad,2022-07-08,21,698653.0,760.0,63,1,18,53.0,Call Center
102392,Kabir,Malhotra,F,Jaipur,2022-11-23,28,656909.0,705.0,35,1,11,82.8,App
102393,Varun,Singh,F,Mumbai,2021-05-18,23,759963.0,637.0,13,1,18,58.6,Email
102394,Rahul,Reddy,M,Hyderabad,2020-04-13,30,857489.0,682.0,79,1,11,65.3,Email
102395,Sneha,Malhotra,F,Mumbai,2021-05-08,35,685815.0,707.0,46,1,14,86.9,Email
102396,Vivaan,Singh,M,Hyderabad,2023-10-26,23,926673.0,603.0,56,0,12,82.5,App
102397,Sahil,Sharma,M,Mumbai,2021-01-22,28,509292.0,765.0,9,1,19,68.7,App
102398,Aditya,Yadav,M,Jaipur,2023-06-14,27,612297.0,696.0,87,1,13,57.7,Email
102399,Vivaan,Khan,F,Ahmedabad,2022-01-04,38,1118729.0,705.0,36,1,10,81.0,SMS
102400,Aditya,Mishra,F,Ahmedabad,2022-06-23,37,1109009.0,775.0,3,1,10,79.7,Call Center
102401,Karan,Bose,M,Bengaluru,2023-01-18,30,831238.0,662.0,19,0,12,100.0,App
102402,Anaya,Reddy,F,Jaipur,2020-11-28,38,679700.0,722.0,28,1,21,42.0,Call Center
102403,Aisha,Saxena,M,Delhi,2021-01-11,31,671476.0,,23,1,19,77.5,App
102404,Meera,Mehta,M,Ahmedabad,2020-08-27,34,811735.0,701.0,7,0,12,88.4,App
102405,Aisha,Nair,M,Hyderabad,2021-12-30,51,1097226.0,662.0,76,1,20,70.7,App
102406,Vivaan,Khan,M,Bengaluru,2020-06-30,48,1115883.0,801.0,14,1,13,59.1,App
102407,Pooja,Khan,F,Pune,2023-07-04,24,805014.0,674.0,46,0,18,64.0,SMS
102408,Arjun,Mishra,F,Jaipur,2022-01-13,43,641870.0,737.0,15,0,16,79.1,App
102409,Sahil,Kapoor,M,Jaipur,2023-04-27,43,972229.0,598.0,67,1,11,70.0,Email
102410,Kabir,Bose,M,Chennai,2022-04-20,26,698537.0,770.0,15,1,17,78.1,SMS
102411,Arjun,Das,M,Bengaluru,2023-12-09,43,761119.0,744.0,51,0,17,89.6,Call Center
102412,Meera,Malhotra,M,Hyderabad,2023-07-02,50,1238405.0,715.0,88,1,18,71.4,App
102413,Karan,Bose,F,Jaipur,2022-12-04,26,1090837.0,688.0,8,0,17,88.6,Call Center
102414,Vivaan,Joshi,M,Jaipur,2022-10-05,28,950522.0,730.0,69,1,14,67.0,Call Center
102415,Karan,Bose,F,Bengaluru,2022-04-07,45,613519.0,832.0,62,0,14,74.9,SMS
102416,Pooja,Gupta,M,Jaipur,2021-08-20,38,967589.0,584.0,51,1,15,72.9,Email
102417,Sneha,Verma,M,Bengaluru,2022-10-13,41,1155751.0,744.0,63,0,11,79.0,App
102418,Aisha,Sharma,F,Lucknow,2020-07-19,39,836002.0,652.0,68,1,22,85.1,Email
102419,Isha,Mehta,M,Pune,2023-10-14,40,1224739.0,695.0,78,1,14,84.1,Email
102420,Aarav,Verma,M,Mumbai,2020-12-08,24,1205636.0,684.0,16,1,11,75.8,Email
102421,Rahul,Jain,M,Kolkata,2023-05-20,45,1328092.0,667.0,84,0,15,33.7,Email
102422,Priya,Singh,M,Mumbai,2021-09-22,47,982088.0,696.0,24,1,16,89.7,App
102423,Anaya,Jain,M,Mumbai,2020-10-24,34,1054595.0,633.0,6,1,23,51.9,App
102424,Priya,Verma,M,Pune,2023-03-24,36,1275345.0,751.0,57,0,11,70.6,App
102425,Sahil,Das,F,Jaipur,2021-11-28,22,1026828.0,596.0,31,0,8,46.9,Email
102426,Sneha,Patel,F,Kolkata,2023-05-05,41,812189.0,,6,0,15,97.4,App
102427,Aarav,Joshi,F,Jaipur,2021-12-13,41,768278.0,676.0,79,1,11,76.9,App
102428,Isha,Malhotra,M,Ahmedabad,2022-07-18,35,1037217.0,627.0,29,1,8,72.6,Email
102429,Rahul,Bose,M,Ahmedabad,2022-02-16,46,617938.0,702.0,67,1,14,92.8,SMS
102430,Varun,Bose,M,Mumbai,2021-01-13,33,890480.0,601.0,75,1,14,82.2,App
102431,Sahil,Sharma,M,Lucknow,2022-01-17,41,1163110.0,698.0,3,1,13,79.7,SMS
102432,Sahil,Bose,M,Bengaluru,2021-12-06,27,377123.0,613.0,28,1,8,76.2,App
102433,Aditya,Kapoor,M,Delhi,2021-01-01,36,1296322.0,716.0,74,1,15,69.7,SMS
102434,Arjun,Mishra,M,Lucknow,2022-02-09,34,1210203.0,648.0,48,1,15,55.4,Email
102435,Rohan,Verma,M,Delhi,2022-12-30,38,762964.0,686.0,80,1,11,86.3,SMS
102436,Vivaan,Sharma,M,Lucknow,2022-11-17,33,1063181.0,715.0,10,0,12,77.3,SMS
102437,Arjun,Malhotra,M,Pune,2023-11-17,35,949645.0,665.0,33,1,18,56.9,Call Center
102438,Varun,Saxena,M,Hyderabad,2020-12-14,43,1249592.0,694.0,67,1,9,81.1,SMS
102439,Arjun,Yadav,M,Bengaluru,2023-02-15,32,1157815.0,635.0,69,1,20,76.5,App
102440,Kabir,Patel,M,Chennai,2023-11-04,22,578655.0,724.0,12,1,12,95.0,Email
102441,Sahil,Mishra,M,Jaipur,2023-05-16,52,1075587.0,779.0,57,1,14,78.8,SMS
102442,Priya,Iyer,M,Bengaluru,2023-12-17,48,871087.0,845.0,44,1,7,64.1,App
102443,Aisha,Kapoor,M,Mumbai,2020-04-02,24,938496.0,709.0,13,1,15,58.3,App
102444,Kabir,Das,M,Lucknow,2020-05-20,42,727185.0,727.0,24,1,18,92.5,App
102445,Vivaan,Gupta,F,Delhi,2020-12-20,31,1261264.0,599.0,44,1,25,74.5,Email
102446,Anaya,Gupta,M,Jaipur,2022-12-28,38,1182071.0,795.0,57,1,18,69.5,Email
102447,Vivaan,Kulkarni,M,Bengaluru,2021-08-04,39,728669.0,748.0,96,0,19,68.4,Email
102448,Aditya,Mishra,M,Mumbai,2022-06-01,34,,659.0,16,1,21,90.4,App
102449,Aarav,Joshi,M,Bengaluru,2020-05-03,29,793183.0,750.0,96,1,13,80.9,SMS
102450,Neha,Joshi,M,,2023-12-13,30,1006634.0,697.0,21,0,14,87.6,App
102451,Sneha,Kapoor,F,Hyderabad,2021-08-25,28,932920.0,666.0,76,1,13,80.3,Call Center
102452,Rahul,Reddy,F,Mumbai,2023-09-26,29,1240913.0,732.0,51,1,17,66.3,App
102453,Neha,Jain,M,Lucknow,2022-08-31,35,1112080.0,646.0,21,1,17,97.4,Email
102454,Sneha,Jain,F,Pune,2020-10-31,30,1173375.0,754.0,60,1,15,69.4,Call Center
102455,Rahul,Saxena,M,Delhi,2022-03-13,42,957931.0,634.0,51,1,18,90.1,Email
102456,Anaya,Singh,M,Mumbai,2023-03-26,49,559670.0,652.0,21,1,16,88.2,SMS
102457,Kabir,Mehta,F,Hyderabad,2023-01-16,31,905967.0,630.0,6,0,13,78.5,Email
102458,Aisha,Iyer,M,Jaipur,2023-06-05,38,1133032.0,749.0,73,1,20,59.6,Email
102459,Karan,Das,M,Lucknow,2022-07-25,40,899774.0,661.0,65,1,13,68.7,Email
102460,Priya,Singh,F,Kolkata,2020-12-30,40,1005921.0,618.0,76,0,21,82.0,Email
102461,Aditya,Sharma,F,Jaipur,2022-09-18,37,815235.0,664.0,58,1,18,83.3,Email
102462,Kabir,Verma,F,Delhi,2020-09-22,43,678208.0,705.0,78,0,15,89.1,Email
102463,Rohan,Khan,F,Mumbai,2020-03-24,40,877287.0,623.0,6,0,19,86.3,App
102464,Varun,Joshi,F,Mumbai,2023-05-20,25,1018427.0,638.0,65,0,10,61.7,App
102465,Aisha,Nair,M,Hyderabad,2023-05-26,44,717387.0,819.0,86,1,13,88.9,Email
102466,Arjun,Patel,M,Pune,2022-05-02,44,853589.0,649.0,34,1,11,61.4,SMS
102467,Rohan,Sharma,F,Hyderabad,2022-01-18,29,678484.0,671.0,56,1,28,84.6,App
102468,Arjun,Malhotra,F,Hyderabad,2020-05-30,36,1164890.0,671.0,75,1,17,99.6,Email
102469,Diya,Singh,M,Kolkata,2021-11-16,42,836038.0,689.0,3,1,9,77.6,Call Center
102470,Diya,Reddy,F,Pune,2020-05-19,34,1274046.0,740.0,42,1,17,55.0,App
102471,Anaya,Saxena,M,Pune,2020-02-24,46,1262768.0,755.0,62,1,8,66.8,Email
102472,Vivaan,Kulkarni,M,Ahmedabad,2023-03-10,57,886050.0,698.0,6,0,15,100.0,SMS
102473,Aarav,Saxena,M,Pune,2020-03-14,29,704936.0,624.0,6,1,7,72.8,SMS
102474,Riya,Yadav,M,Jaipur,2023-03-04,24,404165.0,768.0,63,0,22,92.5,Email
102475,Aisha,Reddy,F,Jaipur,2022-09-23,39,,693.0,20,0,13,63.7,App
102476,Neha,Saxena,M,Chennai,2022-06-26,42,616619.0,803.0,21,1,21,70.5,App
102477,Varun,Patel,F,Delhi,2022-04-08,34,1293117.0,561.0,2,1,14,75.2,App
102478,Pooja,Mehta,F,Ahmedabad,2021-10-03,49,889662.0,710.0,90,1,16,98.8,Email
102479,Isha,Joshi,M,Chennai,2022-01-13,24,1061371.0,804.0,95,1,20,73.3,App
102480,Vivaan,Khan,F,Pune,2020-01-26,42,393091.0,686.0,90,1,21,55.4,Call Center
102481,Priya,Verma,M,Bengaluru,2021-03-10,31,615033.0,683.0,56,1,11,98.5,App
102482,Isha,Iyer,F,Jaipur,2020-03-02,51,1118491.0,724.0,96,1,19,76.5,Email
102483,Kabir,Malhotra,M,Ahmedabad,2023-05-08,54,965242.0,,10,1,10,81.3,Email
102484,Rahul,Gupta,M,Lucknow,2021-05-04,29,874864.0,675.0,87,1,16,55.3,SMS
102485,Neha,Patel,F,Ahmedabad,2021-05-07,31,1030334.0,684.0,70,1,22,79.0,SMS
102486,Neha,Joshi,F,Jaipur,2021-11-09,44,1251831.0,662.0,23,1,14,73.5,SMS
102487,Aditya,Patel,F,Delhi,2021-04-12,33,825689.0,770.0,92,1,15,61.9,Email
102488,Aditya,Kapoor,F,Kolkata,2023-02-13,36,931415.0,714.0,30,1,18,82.6,SMS
102489,Rahul,Yadav,F,Mumbai,2023-10-26,36,933405.0,710.0,78,1,14,57.3,App
102490,Isha,Joshi,M,Kolkata,2021-10-12,21,1413822.0,750.0,37,0,13,62.5,App
102491,Pooja,Khan,F,Lucknow,2023-06-09,36,421501.0,694.0,55,1,14,90.2,SMS
102492,Anaya,Saxena,M,Bengaluru,2021-03-23,30,1085962.0,659.0,96,1,13,66.1,Email
102493,Aditya,Joshi,M,Chennai,2023-05-22,32,895377.0,663.0,49,1,10,69.3,Email
102494,Vivaan,Singh,M,Pune,2020-07-26,49,1045194.0,694.0,34,1,15,74.9,App
102495,Riya,Iyer,M,Jaipur,2022-09-28,25,736205.0,634.0,44,0,16,64.9,SMS
102496,Vivaan,Bose,M,Kolkata,2023-01-30,43,928275.0,664.0,22,1,16,82.2,Email
102497,Vivaan,Reddy,M,Kolkata,2020-01-10,33,1103581.0,663.0,31,1,16,78.2,App
102498,Riya,Khan,M,Hyderabad,2023-02-20,33,,814.0,7,1,14,57.6,Email
102499,Diya,Iyer,F,Ahmedabad,2022-02-25,43,1138572.0,540.0,21,1,11,68.4,Email
102500,Riya,Sharma,F,Chennai,2020-01-04,39,716205.0,692.0,16,1,18,61.7,SMS
102501,Neha,Joshi,F,Bengaluru,2022-01-25,45,687840.0,628.0,33,1,20,75.7,App
102502,Neha,Sharma,F,Pune,2023-01-31,36,625434.0,795.0,79,1,13,69.5,Email
102503,Riya,Saxena,F,Mumbai,2023-10-25,24,1120438.0,722.0,31,1,16,57.0,App
102504,Arjun,Mishra,M,Kolkata,2022-05-04,30,785709.0,769.0,11,1,15,78.2,Email
102505,Arjun,Nair,M,Chennai,2020-02-20,31,1050450.0,680.0,36,1,15,66.1,Call Center
102506,Pooja,Bose,M,Jaipur,2023-06-15,54,1011852.0,734.0,6,0,14,62.8,App
102507,Arjun,Jain,F,Jaipur,2020-02-09,34,917072.0,611.0,45,1,13,68.7,Email
102508,Neha,Reddy,F,Lucknow,2022-02-07,25,1090370.0,717.0,60,0,11,78.5,SMS
102509,Sahil,Jain,M,Mumbai,2022-07-09,35,1039236.0,735.0,90,1,9,74.3,Email
102510,Pooja,Saxena,M,Pune,2020-08-10,42,1029675.0,792.0,72,0,10,61.3,Email
102511,Isha,Patel,F,Ahmedabad,2021-06-01,35,582101.0,810.0,37,1,14,69.7,Call Center
102512,Rahul,Iyer,F,Jaipur,2021-08-29,46,836429.0,743.0,30,1,9,79.7,App
102513,Diya,Kapoor,M,Delhi,2021-01-15,43,564987.0,635.0,38,1,15,73.8,App
102514,Sahil,Nair,F,Ahmedabad,2020-09-28,42,816505.0,664.0,16,0,15,62.3,Call Center
102515,Karan,Bose,F,Bengaluru,2023-11-23,42,668180.0,672.0,79,1,14,82.8,SMS
102516,Arjun,Gupta,F,Pune,2023-11-30,48,699432.0,775.0,38,1,12,91.3,Email
102517,Varun,Kulkarni,M,Hyderabad,2020-05-25,46,890784.0,705.0,53,1,13,67.8,App
102518,Aditya,Malhotra,F,Bengaluru,2021-03-09,26,1248693.0,716.0,8,1,20,72.9,SMS
102519,Karan,Verma,F,Ahmedabad,2022-04-19,26,958435.0,802.0,9,1,10,79.9,SMS
102520,Aisha,Patel,F,Lucknow,2020-08-16,41,945683.0,692.0,21,1,10,71.2,Email
