customer_id,first_name,last_name,gender,city,signup_date,age,annual_income,credit_score,tenure_months,is_active,purchase_count,loyalty_score,risk_band
100001,Diya,Kulkarni,F,Chennai,2020-08-17,40,975535.0,687.0,39,1,15,48.4,Medium
100002,Vivaan,Mehta,M,Mumbai,2021-12-03,35,1063001.0,685.0,21,0,13,77.7,Medium
100003,Anaya,Nair,F,Bengaluru,2023-11-28,42,777112.0,611.0,40,1,12,63.2,High
100004,Aisha,Malhotra,F,Kolkata,2020-05-23,50,715308.0,692.0,82,1,10,89.6,Medium
100005,Anaya,Mishra,M,,2020-03-08,34,611267.0,750.0,54,1,16,78.7,Low
100006,Rahul,Mehta,F,Bengaluru,2022-10-14,34,668410.0,640.0,12,1,12,55.8,Medium
100007,Isha,Malhotra,M,Ahmedabad,2020-04-07,50,1498801.0,768.0,81,1,17,69.0,Low
100008,Kabir,Bose,F,Kolkata,2020-01-07,43,1123830.0,737.0,37,1,14,79.4,Low
100009,Anaya,Kapoor,M,Chennai,2022-03-25,32,552764.0,670.0,38,1,10,70.4,Medium
100010,Aarav,Saxena,F,Hyderabad,2020-06-25,41,559059.0,702.0,15,1,8,75.7,Medium
100011,Karan,Kapoor,F,Ahmedabad,2023-05-14,32,956011.0,798.0,7,1,15,73.8,Low
100012,Sneha,Kulkarni,M,Lucknow,2020-10-25,32,970398.0,750.0,78,1,15,84.4,Low
100013,Arjun,Mehta,F,Mumbai,2020-08-16,38,970754.0,710.0,50,1,16,79.3,Medium
100014,Rahul,Mehta,F,Bengaluru,2022-06-14,21,793910.0,697.0,65,0,16,73.4,Medium
100015,Aarav,Das,F,Hyderabad,2021-09-22,21,822400.0,714.0,67,0,9,74.2,Medium
100016,Sahil,Jain,M,Chennai,2020-09-26,31,922133.0,682.0,44,1,15,61.0,Medium
100017,Isha,Verma,M,Delhi,2020-03-21,27,868896.0,594.0,31,1,11,91.6,High
100018,Aditya,Nair,F,Bengaluru,2023-04-26,39,361754.0,822.0,43,1,12,100.0,Low
100019,Varun,Kulkarni,M,Kolkata,2022-03-30,28,799444.0,719.0,77,1,22,70.0,Medium
100020,Aditya,Patel,F,Hyderabad,2021-05-15,23,662691.0,732.0,48,1,13,74.6,Low
100021,Sahil,Patel,M,Mumbai,2021-12-06,49,888547.0,707.0,82,1,20,86.2,Medium
100022,Vivaan,Khan,M,Kolkata,2022-09-16,34,1506757.0,670.0,81,0,11,86.1,Medium
100023,Arjun,Verma,F,Mumbai,2021-12-03,37,930846.0,700.0,81,1,13,76.1,Medium
100024,Diya,Yadav,F,Kolkata,2023-08-05,23,781023.0,622.0,61,0,16,62.3,High
100025,Neha,Malhotra,F,Delhi,2020-04-15,31,1052796.0,835.0,75,1,11,95.8,Low
100026,Anaya,Sharma,F,Ahmedabad,2021-10-02,37,956191.0,642.0,84,1,16,82.2,Medium
100027,Sahil,Saxena,F,Kolkata,2021-08-31,26,942421.0,653.0,10,1,13,76.6,Medium
100028,Aarav,Malhotra,M,Chennai,2022-09-22,39,983507.0,686.0,29,1,13,65.3,Medium
100029,Rohan,Kulkarni,F,Mumbai,2022-10-05,31,1302440.0,781.0,48,1,20,74.7,Low
100030,Diya,Iyer,F,Lucknow,2023-05-31,33,601205.0,711.0,81,1,13,52.2,Medium
100031,Sahil,Khan,F,Ahmedabad,2021-01-16,31,954199.0,642.0,62,1,22,82.9,Medium
100032,Aarav,Reddy,M,Jaipur,2022-04-17,53,646196.0,779.0,13,1,13,85.8,Low
100033,Karan,Yadav,F,Delhi,2020-04-13,36,972213.0,750.0,44,1,15,76.8,Low
100034,Varun,Singh,M,Lucknow,2021-10-25,26,647889.0,740.0,47,1,15,62.5,Low
100035,Meera,Kapoor,M,Bengaluru,2023-02-11,43,758179.0,749.0,64,0,14,79.4,Low
100036,Anaya,Kapoor,M,Kolkata,2022-12-14,25,785080.0,842.0,91,1,19,83.4,Low
100037,Vivaan,Kapoor,M,Delhi,2020-04-30,38,1064680.0,830.0,53,0,11,65.1,Low
100038,Riya,Iyer,M,Bengaluru,2023-05-25,21,1052060.0,672.0,90,1,19,85.2,Medium
100039,Kabir,Saxena,F,Pune,2022-10-23,24,575942.0,799.0,92,1,13,80.3,Low
100040,Riya,Mehta,F,Delhi,2023-01-20,38,862086.0,731.0,77,1,17,70.7,Low
100041,Anaya,Gupta,M,Lucknow,2021-02-10,43,693892.0,737.0,76,1,12,67.3,Low
100042,Vivaan,Yadav,F,Bengaluru,2021-11-06,38,573129.0,617.0,44,0,19,71.9,High
100043,Meera,Verma,M,Lucknow,2021-03-16,35,802256.0,701.0,28,1,20,62.4,Medium
100044,Sneha,Mehta,M,Mumbai,2021-03-07,33,782134.0,665.0,2,1,22,77.1,Medium
100045,Aarav,Singh,M,Chennai,2022-06-27,23,1383878.0,756.0,57,1,13,80.7,Low
100046,Aisha,Mehta,F,Ahmedabad,2020-03-01,30,945251.0,769.0,57,1,11,88.0,Low
100047,Varun,Patel,M,Kolkata,2021-12-26,32,546924.0,596.0,34,0,12,77.6,High
100048,Meera,Das,M,Chennai,2023-06-24,46,725750.0,709.0,87,1,13,78.7,Medium
100049,Sneha,Gupta,M,Lucknow,2022-07-27,39,1074704.0,772.0,58,1,11,70.8,Low
100050,Sahil,Saxena,F,Chennai,2022-05-18,21,1309457.0,700.0,52,1,8,63.5,Medium
100051,Priya,Kapoor,F,Chennai,2023-10-27,39,501084.0,750.0,29,0,9,68.8,Low
100052,Priya,Verma,M,Delhi,2023-08-05,33,436417.0,729.0,35,1,12,91.1,Low
100053,Meera,Gupta,M,Delhi,2022-11-13,30,1261612.0,729.0,75,1,15,81.6,Low
100054,Meera,Nair,F,Chennai,2021-02-09,42,935715.0,695.0,48,1,17,78.9,Medium
100055,Pooja,Nair,F,Delhi,2023-08-24,45,658976.0,643.0,33,1,12,52.2,Medium
100056,Meera,Reddy,M,Jaipur,2021-09-04,44,967618.0,648.0,75,1,16,77.8,Medium
100057,Rohan,Mehta,F,Kolkata,2023-10-27,28,270135.0,749.0,73,1,12,58.0,Low
100058,Isha,Kulkarni,F,Ahmedabad,2020-08-02,33,850743.0,711.0,78,1,17,58.9,Medium
100059,Aarav,Sharma,M,Ahmedabad,2020-09-18,39,922121.0,702.0,9,0,9,60.2,Medium
100060,Arjun,Mishra,F,Kolkata,2022-07-03,45,1053339.0,687.0,48,1,10,64.7,Medium
100061,Sahil,Kapoor,M,Ahmedabad,2023-10-01,32,626943.0,693.0,67,1,10,84.0,Medium
100062,Aditya,Verma,F,Chennai,2023-12-07,34,868851.0,768.0,93,1,9,76.7,Low
100063,Priya,Mishra,M,Kolkata,2020-05-02,26,646407.0,692.0,83,0,9,62.7,Medium
100064,Diya,Malhotra,M,Kolkata,2022-02-02,25,906184.0,636.0,36,1,7,67.0,Medium
100065,Diya,Singh,F,Bengaluru,2020-11-15,43,653024.0,751.0,96,1,14,80.0,Low
100066,Neha,Bose,F,Lucknow,2023-09-22,48,760218.0,699.0,71,1,17,82.4,Medium
100067,Karan,Bose,M,,2020-06-06,35,630921.0,712.0,92,1,13,75.6,Medium
100068,Meera,Nair,M,Mumbai,2023-09-12,45,993250.0,798.0,44,1,22,60.2,Low
100069,Rahul,Iyer,M,Bengaluru,2022-12-24,39,1038859.0,709.0,82,1,15,69.0,Medium
100070,Aarav,Reddy,F,Delhi,2021-01-03,30,798383.0,726.0,60,1,12,100.0,Low
100071,Neha,Joshi,F,Delhi,2022-05-19,39,858412.0,645.0,63,1,9,59.5,Medium
100072,Diya,Joshi,F,Pune,2022-10-24,50,531310.0,698.0,5,1,17,78.5,Medium
100073,Isha,Mehta,F,Delhi,2021-11-16,36,784071.0,744.0,87,1,15,99.4,Low
100074,Sahil,Joshi,F,Delhi,2022-07-02,50,838955.0,624.0,86,1,13,70.7,High
100075,Aarav,Verma,F,Bengaluru,2022-12-19,21,1426574.0,721.0,90,1,10,96.0,Low
100076,Isha,Verma,F,Mumbai,2022-12-04,43,605367.0,716.0,76,1,19,65.7,Medium
100077,Arjun,Jain,M,Hyderabad,2021-08-06,37,1172119.0,712.0,40,0,9,50.3,Medium
100078,Rahul,Kapoor,F,Ahmedabad,2021-06-26,33,1069309.0,767.0,19,0,19,67.0,Low
100079,Pooja,Verma,M,Jaipur,2020-06-04,37,911740.0,728.0,47,1,15,64.9,Low
100080,Meera,Patel,M,Jaipur,2022-06-06,21,1236897.0,791.0,65,1,9,54.0,Low
100081,Aditya,Das,M,Jaipur,2022-01-21,34,931863.0,655.0,67,1,20,69.0,Medium
100082,Aarav,Verma,F,Ahmedabad,2020-03-04,39,,717.0,91,1,15,85.9,Medium
100083,Neha,Bose,M,Ahmedabad,2021-02-24,49,838313.0,715.0,18,1,13,66.9,Medium
100084,Aisha,Khan,M,Bengaluru,2020-11-18,31,1119185.0,651.0,50,0,12,69.5,Medium
100085,Pooja,Khan,F,Delhi,2023-02-06,29,1091223.0,763.0,30,0,17,90.4,Low
100086,Vivaan,Kulkarni,F,Mumbai,2021-06-30,31,712351.0,838.0,66,1,20,65.0,Low
100087,Vivaan,Sharma,F,,2020-09-07,44,559766.0,709.0,5,0,11,81.4,Medium
100088,Isha,Malhotra,M,Kolkata,2022-05-15,39,805344.0,738.0,93,0,13,53.5,Low
100089,Rohan,Mehta,F,Pune,2021-05-24,31,673992.0,715.0,42,1,13,62.4,Medium
100090,Rahul,Yadav,M,Bengaluru,2021-03-16,41,836025.0,671.0,84,1,14,71.4,Medium
100091,Karan,Saxena,M,Delhi,2021-03-29,37,1122236.0,610.0,94,1,10,88.5,High
100092,Vivaan,Sharma,M,Lucknow,2021-10-05,45,749394.0,671.0,5,1,17,63.0,Medium
100093,Varun,Sharma,M,Bengaluru,2022-03-27,30,840579.0,633.0,50,1,16,62.9,Medium
100094,Kabir,Saxena,M,Mumbai,2021-11-09,33,862765.0,804.0,85,1,14,77.3,Low
100095,Meera,Jain,F,Mumbai,2020-09-30,32,1036655.0,704.0,58,1,13,79.2,Medium
100096,Kabir,Patel,F,Chennai,2020-02-29,23,355684.0,691.0,79,1,10,61.6,Medium
100097,Aarav,Verma,M,Mumbai,2020-12-07,39,716526.0,759.0,84,0,15,67.7,Low
100098,Meera,Patel,M,Delhi,2023-11-18,38,896482.0,648.0,8,0,11,87.0,Medium
100099,Rohan,Malhotra,M,Mumbai,2020-04-22,36,1114017.0,668.0,31,1,16,59.8,Medium
100100,Rohan,Das,F,Bengaluru,2023-05-29,34,741781.0,714.0,12,1,14,78.1,Medium
100101,Vivaan,Yadav,M,Ahmedabad,2020-03-08,23,437158.0,767.0,21,1,13,67.8,Low
100102,Rohan,Patel,M,Chennai,2023-08-31,32,986337.0,738.0,94,1,13,90.8,Low
100103,Karan,Bose,M,Ahmedabad,2021-04-11,33,710220.0,724.0,62,1,15,81.0,Low
100104,Priya,Malhotra,F,Mumbai,2022-05-07,29,588273.0,714.0,91,1,15,84.6,Medium
100105,Vivaan,Das,M,Chennai,2020-09-19,35,712644.0,732.0,90,1,13,67.5,Low
100106,Aditya,Malhotra,M,Delhi,2023-02-28,40,809404.0,721.0,33,1,13,83.9,Low
100107,Rahul,Reddy,M,Bengaluru,2021-02-27,53,716956.0,653.0,26,1,8,83.6,Medium
100108,Rahul,Khan,F,Delhi,2023-07-14,38,364775.0,713.0,90,1,12,80.2,Medium
100109,Priya,Jain,M,Pune,2021-12-20,38,1047355.0,651.0,40,1,13,70.6,Medium
100110,Pooja,Malhotra,F,Pune,2023-05-20,35,1130473.0,714.0,65,1,14,76.0,Medium
100111,Rohan,Patel,M,Mumbai,2021-07-16,21,993335.0,684.0,59,0,14,51.8,Medium
100112,Meera,Malhotra,F,Jaipur,2022-09-09,36,599709.0,850.0,15,1,12,95.1,Low
100113,Meera,Kulkarni,F,Bengaluru,2022-07-07,37,805672.0,708.0,1,1,16,66.8,Medium
100114,Arjun,Das,F,Chennai,2020-10-14,58,848565.0,633.0,11,1,14,70.0,Medium
100115,Sneha,Malhotra,M,Pune,2021-02-28,34,981735.0,703.0,55,1,14,58.2,Medium
100116,Rahul,Sharma,M,Hyderabad,2021-07-07,39,997035.0,739.0,2,1,14,82.1,Low
100117,Priya,Singh,M,Jaipur,2022-01-28,36,688482.0,802.0,65,1,17,80.4,Low
100118,Varun,Saxena,F,Ahmedabad,2020-08-31,25,868039.0,678.0,95,1,14,70.5,Medium
100119,Neha,Verma,F,Bengaluru,2022-09-26,46,950602.0,623.0,44,1,13,46.0,High
100120,Varun,Iyer,M,Jaipur,2023-09-19,43,1170281.0,755.0,16,1,13,65.5,Low
100121,Sahil,Joshi,F,Delhi,2020-11-23,43,,634.0,22,1,19,79.5,Medium
100122,Aisha,Verma,M,Hyderabad,2021-12-15,28,1023592.0,686.0,18,1,15,77.0,Medium
100123,Karan,Khan,F,Bengaluru,2023-02-03,49,868442.0,696.0,47,1,8,73.4,Medium
100124,Riya,Jain,M,Delhi,2022-03-11,23,1160301.0,706.0,81,1,12,68.9,Medium
100125,Meera,Malhotra,M,Ahmedabad,2023-01-07,41,940148.0,748.0,30,1,19,55.1,Low
100126,Karan,Saxena,M,Lucknow,2023-04-03,56,660561.0,672.0,10,0,8,85.6,Medium
100127,Aarav,Joshi,F,Delhi,2021-09-22,27,1158741.0,695.0,58,1,12,56.7,Medium
100128,Vivaan,Yadav,F,,2022-12-16,31,1003539.0,709.0,62,1,16,71.5,Medium
100129,Arjun,Malhotra,M,Delhi,2022-08-17,37,752530.0,718.0,85,1,19,61.6,Medium
100130,Rohan,Verma,F,Kolkata,2022-08-17,31,744512.0,715.0,80,1,13,85.9,Medium
100131,Pooja,Mehta,M,Hyderabad,2023-04-26,22,915247.0,734.0,6,1,10,81.0,Low
100132,Rahul,Saxena,M,Jaipur,2022-12-11,37,951901.0,756.0,67,0,17,69.7,Low
100133,Pooja,Khan,M,Jaipur,2022-12-31,26,893404.0,732.0,41,1,18,82.3,Low
100134,Aisha,Bose,F,Jaipur,2022-01-22,40,918488.0,735.0,43,1,13,56.1,Low
100135,Aisha,Malhotra,F,Ahmedabad,2020-11-19,28,1223991.0,623.0,85,0,15,73.0,High
100136,Meera,Malhotra,F,Jaipur,2023-09-23,50,1085739.0,713.0,77,1,13,61.3,Medium
100137,Karan,Saxena,F,Bengaluru,2020-06-03,29,891940.0,736.0,18,1,13,86.3,Low
100138,Priya,Gupta,M,Chennai,2020-02-28,33,1057088.0,750.0,58,1,12,78.5,Low
100139,Sahil,Das,F,Hyderabad,2023-07-22,43,622845.0,672.0,60,1,17,81.8,Medium
100140,Vivaan,Reddy,M,Bengaluru,2020-07-19,25,937544.0,674.0,88,1,14,67.4,Medium
100141,Karan,Das,F,Mumbai,2020-10-21,38,1248047.0,678.0,27,0,13,82.9,Medium
100142,Diya,Bose,M,Bengaluru,2023-09-07,48,802030.0,740.0,68,1,19,60.6,Low
100143,Sahil,Nair,F,Chennai,2023-09-14,22,663521.0,767.0,22,0,12,62.3,Low
100144,Priya,Mishra,F,Delhi,2023-11-14,38,706540.0,688.0,24,1,10,71.9,Medium
100145,Pooja,Mishra,M,Delhi,2022-09-24,38,610281.0,760.0,40,0,12,62.8,Low
100146,Priya,Nair,F,Chennai,2023-07-31,43,677352.0,717.0,74,1,15,82.5,Medium
100147,Aditya,Bose,M,Pune,2023-04-14,25,768488.0,703.0,66,1,13,68.3,Medium
100148,Anaya,Kulkarni,M,Ahmedabad,2021-09-01,24,540775.0,698.0,40,1,15,61.0,Medium
100149,Meera,Kapoor,F,Delhi,2020-12-14,41,853436.0,751.0,6,1,9,59.5,Low
100150,Kabir,Nair,F,Hyderabad,2023-12-26,39,1048501.0,728.0,18,1,7,82.4,Low
100151,Isha,Yadav,M,Jaipur,2022-08-20,38,650294.0,835.0,81,1,17,43.5,Low
100152,Vivaan,Iyer,M,Delhi,2021-01-16,39,1184242.0,663.0,87,1,18,61.9,Medium
100153,Karan,Sharma,M,Hyderabad,2023-07-19,30,962374.0,,30,0,8,90.8,Low
100154,Aisha,Saxena,F,Ahmedabad,2021-05-06,38,1076728.0,681.0,21,0,9,69.9,Medium
100155,Aisha,Yadav,M,Lucknow,2020-11-26,39,705276.0,662.0,62,1,14,82.6,Medium
100156,Kabir,Nair,F,Lucknow,2022-05-24,30,1037996.0,709.0,10,1,16,79.1,Medium
100157,Karan,Kulkarni,F,Pune,2020-06-06,53,609775.0,718.0,13,0,9,71.7,Medium
100158,Varun,Kapoor,M,,2021-03-07,40,1045854.0,850.0,76,0,14,54.1,Low
100159,Sneha,Kapoor,M,Lucknow,2023-09-10,25,887805.0,700.0,9,0,13,58.1,Medium
100160,Priya,Sharma,M,Jaipur,2023-02-13,42,971715.0,648.0,68,1,22,57.9,Medium
100161,Neha,Mehta,F,Lucknow,2021-09-10,27,591369.0,725.0,39,1,22,79.8,Low
100162,Pooja,Iyer,M,Kolkata,2021-09-10,43,653085.0,596.0,24,1,16,82.0,High
100163,Sneha,Nair,F,Mumbai,2021-09-17,46,981390.0,705.0,34,0,15,63.5,Medium
100164,Neha,Das,M,Chennai,2021-03-10,29,641363.0,711.0,61,0,18,73.1,Medium
100165,Riya,Sharma,F,Pune,2022-03-06,45,951905.0,754.0,41,1,18,74.1,Low
100166,Aditya,Verma,M,Chennai,2022-07-20,40,549230.0,764.0,5,1,11,74.9,Low
100167,Aarav,Singh,F,Lucknow,2021-07-25,43,1036598.0,682.0,79,1,13,64.9,Medium
100168,Rahul,Kulkarni,F,Kolkata,2020-09-22,53,578845.0,702.0,50,0,11,93.7,Medium
100169,Neha,Kapoor,M,Mumbai,2023-11-22,34,971506.0,668.0,4,1,14,82.1,Medium
100170,Diya,Verma,F,Kolkata,2020-04-11,29,987639.0,648.0,51,1,17,74.9,Medium
100171,Aisha,Gupta,M,Bengaluru,2022-12-22,28,696710.0,727.0,52,1,13,67.8,Low
100172,Aditya,Malhotra,F,Jaipur,2022-09-23,29,978046.0,640.0,39,1,11,64.0,Medium
100173,Aarav,Reddy,F,Lucknow,2021-12-09,35,907297.0,687.0,8,1,9,78.8,Medium
100174,Sneha,Iyer,F,Chennai,2022-10-11,39,731455.0,655.0,45,1,20,68.3,Medium
100175,Sahil,Mehta,F,Bengaluru,2022-04-03,38,628118.0,740.0,88,1,18,75.6,Low
100176,Meera,Singh,F,Chennai,2020-08-09,43,418222.0,809.0,28,1,16,51.2,Low
100177,Sneha,Khan,F,Hyderabad,2022-07-03,36,926923.0,638.0,27,1,16,67.6,Medium
100178,Sahil,Saxena,M,Ahmedabad,2021-03-11,49,505743.0,608.0,65,1,16,72.7,High
100179,Aisha,Gupta,M,Lucknow,2023-04-28,34,870976.0,703.0,34,1,20,85.6,Medium
100180,Varun,Iyer,F,Pune,2021-10-01,60,792041.0,711.0,81,1,12,62.9,Medium
100181,Rahul,Yadav,F,Ahmedabad,2022-08-02,42,999411.0,722.0,62,1,18,56.2,Low
100182,Rohan,Kulkarni,F,Chennai,2020-11-29,28,783550.0,685.0,62,0,9,79.3,Medium
100183,Vivaan,Sharma,M,Delhi,2022-06-25,26,777521.0,699.0,38,0,16,73.2,Medium
100184,Aditya,Reddy,F,Ahmedabad,2023-08-17,40,1011012.0,730.0,26,1,18,53.3,Low
100185,Isha,Kulkarni,F,Ahmedabad,2020-12-16,34,923713.0,767.0,24,0,17,53.9,Low
100186,Kabir,Mishra,M,Mumbai,2021-07-23,42,919554.0,602.0,39,1,10,66.2,High
100187,Varun,Verma,M,Delhi,2021-12-28,40,953239.0,690.0,21,0,13,73.0,Medium
100188,Sneha,Das,M,Chennai,2020-04-24,35,512174.0,722.0,94,1,11,90.7,Low
100189,Neha,Khan,M,Pune,2022-06-27,28,1016494.0,660.0,47,1,25,61.0,Medium
100190,Isha,Saxena,F,,2021-01-01,22,984743.0,805.0,48,1,17,80.5,Low
100191,Varun,Jain,F,Chennai,2023-07-16,32,626330.0,675.0,13,1,9,50.5,Medium
100192,Arjun,Patel,M,Ahmedabad,2022-03-14,44,796302.0,708.0,3,1,11,78.3,Medium
100193,Anaya,Kapoor,F,Chennai,2023-01-14,38,841352.0,741.0,32,1,6,92.1,Low
100194,Isha,Nair,F,Jaipur,2022-06-14,25,820411.0,677.0,35,1,14,75.7,Medium
100195,Rahul,Patel,M,Pune,2022-08-26,38,923449.0,608.0,19,1,13,66.0,High
100196,Riya,Khan,F,Hyderabad,2021-01-12,39,1164901.0,686.0,14,1,20,88.8,Medium
100197,Kabir,Mehta,F,Delhi,2023-03-16,28,1087989.0,767.0,48,1,19,78.2,Low
100198,Pooja,Bose,F,Jaipur,2022-10-08,37,561312.0,691.0,86,1,13,75.8,Medium
100199,Varun,Das,M,Lucknow,2020-04-27,37,986855.0,663.0,81,0,15,61.8,Medium
100200,Sahil,Iyer,F,Lucknow,2022-10-10,26,1142365.0,761.0,68,1,18,78.4,Low
100201,Meera,Jain,M,Hyderabad,2023-03-04,39,935098.0,692.0,45,0,17,65.8,Medium
100202,Aditya,Nair,M,Pune,2021-06-10,41,1090016.0,682.0,19,1,8,77.7,Medium
100203,Sneha,Yadav,M,Mumbai,2022-03-24,46,1292699.0,718.0,64,1,13,74.6,Medium
100204,Kabir,Reddy,M,Jaipur,2020-07-24,45,1075216.0,752.0,66,1,18,87.0,Low
100205,Isha,Das,M,Ahmedabad,2023-06-10,24,904848.0,841.0,79,1,15,67.1,Low
100206,Priya,Yadav,M,Mumbai,2022-03-26,28,1079919.0,755.0,66,1,12,72.2,Low
100207,Riya,Patel,F,Delhi,2020-03-06,41,881875.0,774.0,75,1,12,83.6,Low
100208,Varun,Nair,F,Jaipur,2020-01-04,41,855259.0,682.0,45,1,18,71.2,Medium
100209,Anaya,Yadav,M,Pune,2020-01-03,41,772689.0,654.0,87,1,9,73.7,Medium
100210,Aisha,Kapoor,M,,2023-07-06,70,1193951.0,713.0,74,1,20,69.1,Medium
100211,Aditya,Jain,F,Mumbai,2020-11-20,41,669946.0,716.0,67,1,11,72.0,Medium
100212,Neha,Nair,M,Ahmedabad,2023-06-17,46,1187121.0,651.0,69,1,15,82.1,Medium
100213,Diya,Kapoor,M,Pune,2021-08-27,45,959970.0,700.0,3,1,10,96.0,Medium
100214,Varun,Sharma,F,Bengaluru,2022-03-06,42,542153.0,732.0,38,1,11,53.9,Low
100215,Anaya,Mishra,M,Kolkata,2021-06-18,33,930883.0,730.0,77,1,14,58.8,Low
100216,Arjun,Sharma,M,Mumbai,2023-09-03,43,387994.0,738.0,42,1,17,72.3,Low
100217,Diya,Kapoor,M,Lucknow,2021-08-21,29,987612.0,726.0,83,1,16,74.6,Low
100218,Aarav,Kulkarni,M,Hyderabad,2022-12-10,34,1044751.0,682.0,40,1,15,71.4,Medium
100219,Aditya,Saxena,F,Chennai,2022-04-11,32,719682.0,682.0,50,1,21,67.4,Medium
100220,Priya,Patel,M,Lucknow,2022-12-02,37,877180.0,644.0,35,0,12,59.2,Medium
100221,Isha,Iyer,F,Lucknow,2023-05-12,57,1279915.0,808.0,24,1,8,66.7,Low
100222,Sahil,Patel,F,Mumbai,2020-12-12,21,738736.0,711.0,88,0,14,83.8,Medium
100223,Aditya,Bose,M,Pune,2022-12-17,42,617040.0,698.0,17,0,12,75.1,Medium
100224,Aditya,Reddy,M,Jaipur,2020-02-28,21,1175966.0,659.0,40,1,15,82.1,Medium
100225,Aisha,Patel,F,Jaipur,2021-11-10,32,1281769.0,850.0,74,0,9,59.6,Low
100226,Pooja,Gupta,F,Kolkata,2021-05-25,46,850813.0,651.0,66,1,13,91.3,Medium
100227,Arjun,Saxena,M,Hyderabad,2023-09-03,37,1072522.0,686.0,44,1,13,67.3,Medium
100228,Varun,Patel,M,Mumbai,2023-12-27,26,1145125.0,733.0,23,0,16,79.7,Low
100229,Vivaan,Mishra,F,Kolkata,2023-10-27,30,686653.0,743.0,6,1,12,72.5,Low
100230,Pooja,Malhotra,M,Kolkata,2020-07-25,42,743233.0,763.0,66,1,19,67.5,Low
100231,Isha,Nair,M,Ahmedabad,2020-04-20,29,1120792.0,809.0,21,1,15,79.2,Low
100232,Sahil,Jain,M,Pune,2020-01-23,38,1220703.0,738.0,35,1,13,81.2,Low
100233,Karan,Kulkarni,M,Chennai,2023-12-22,36,973834.0,652.0,29,1,17,100.0,Medium
100234,Aditya,Khan,M,Kolkata,2022-02-25,30,656441.0,696.0,7,1,10,81.7,Medium
100235,Isha,Joshi,M,Kolkata,2022-10-31,55,1287153.0,727.0,93,0,14,81.5,Low
100236,Aisha,Patel,F,Lucknow,2021-07-25,42,733186.0,824.0,53,1,16,87.7,Low
100237,Meera,Joshi,M,Mumbai,2022-01-16,21,,633.0,37,1,16,80.4,Medium
100238,Karan,Kapoor,M,Chennai,2021-05-29,38,925314.0,776.0,23,1,11,73.5,Low
100239,Aisha,Sharma,M,Mumbai,2020-05-23,30,1191915.0,720.0,8,1,13,77.9,Low
100240,Riya,Sharma,F,Pune,2022-09-18,44,1037875.0,756.0,76,1,10,84.3,Low
100241,Varun,Jain,M,Kolkata,2022-03-19,29,941270.0,704.0,48,0,5,90.7,Medium
100242,Pooja,Bose,M,Hyderabad,2020-10-20,35,951923.0,664.0,10,0,9,55.9,Medium
100243,Kabir,Nair,M,Kolkata,2020-11-20,41,859573.0,751.0,79,1,10,51.3,Low
100244,Riya,Mishra,M,Lucknow,2020-07-11,44,972791.0,746.0,24,1,14,90.2,Low
100245,Karan,Yadav,F,Delhi,2023-08-07,25,293497.0,763.0,90,0,14,64.4,Low
100246,Anaya,Yadav,F,Pune,2023-12-13,33,784746.0,709.0,47,1,9,54.1,Medium
100247,Anaya,Khan,M,Chennai,2021-04-04,32,903091.0,677.0,53,0,11,53.0,Medium
100248,Arjun,Joshi,F,Lucknow,2022-12-07,30,596777.0,624.0,39,1,15,95.6,High
100249,Riya,Sharma,M,Mumbai,2023-02-04,52,934991.0,755.0,67,1,6,84.5,Low
100250,Vivaan,Joshi,M,Delhi,2023-07-11,40,805016.0,733.0,66,1,8,64.5,Low
100251,Sneha,Reddy,M,Bengaluru,2023-06-30,25,1236205.0,657.0,6,0,12,65.0,Medium
100252,Kabir,Jain,F,Bengaluru,2023-03-27,44,1196064.0,680.0,21,1,14,74.7,Medium
100253,Rohan,Bose,M,Lucknow,2021-06-09,55,747523.0,684.0,73,1,16,84.3,Medium
100254,Pooja,Jain,M,Chennai,2022-07-07,45,816816.0,628.0,74,0,15,70.5,High
100255,Kabir,Iyer,M,Hyderabad,2020-01-29,22,833732.0,665.0,36,0,17,64.6,Medium
100256,Priya,Yadav,M,Bengaluru,2021-06-21,32,750635.0,648.0,3,1,15,87.6,Medium
100257,Karan,Jain,F,Kolkata,2020-05-22,47,892905.0,687.0,88,1,10,73.7,Medium
100258,Kabir,Kulkarni,F,Bengaluru,2021-09-18,30,683178.0,669.0,86,0,19,71.7,Medium
100259,Aisha,Verma,F,Lucknow,2022-04-20,40,601265.0,621.0,78,1,14,81.1,High
100260,Riya,Das,F,Kolkata,2020-08-05,43,986996.0,821.0,42,1,13,48.4,Low
100261,Vivaan,Sharma,F,Mumbai,2021-08-15,28,988497.0,779.0,45,0,12,79.7,Low
100262,Aditya,Das,M,Pune,2021-12-13,35,673051.0,667.0,44,1,9,78.9,Medium
100263,Vivaan,Joshi,M,Kolkata,2020-03-07,21,1046978.0,725.0,91,0,6,57.5,Low
100264,Diya,Patel,M,Kolkata,2022-01-30,27,711053.0,733.0,33,0,21,50.7,Low
100265,Diya,Verma,M,Kolkata,2020-05-23,34,905696.0,776.0,60,0,10,67.2,Low
100266,Isha,Mishra,M,Chennai,2023-03-10,25,1030476.0,665.0,86,1,14,76.2,Medium
100267,Vivaan,Patel,M,Kolkata,2023-10-01,51,842605.0,770.0,93,1,11,77.4,Low
100268,Karan,Jain,M,Bengaluru,2021-04-09,23,,680.0,83,1,12,94.4,Medium
100269,Sneha,Kulkarni,M,Pune,2020-04-05,32,736385.0,637.0,83,1,16,76.2,Medium
100270,Karan,Mishra,F,Mumbai,2021-02-11,37,806777.0,750.0,70,1,17,57.2,Low
100271,Sahil,Joshi,M,Delhi,2023-02-15,49,804711.0,781.0,83,1,11,71.0,Low
100272,Sneha,Mehta,M,Mumbai,2022-03-14,23,685753.0,850.0,77,1,21,58.4,Low
100273,Aisha,Mishra,F,Mumbai,2022-01-26,46,811110.0,644.0,26,1,20,71.9,Medium
100274,Aarav,Jain,M,Mumbai,2023-11-04,36,509304.0,748.0,86,1,8,90.9,Low
100275,Meera,Gupta,M,Jaipur,2021-12-13,27,,687.0,21,1,17,79.5,Medium
100276,Meera,Patel,M,Lucknow,2020-10-04,40,787327.0,753.0,2,1,10,65.4,Low
100277,Isha,Kapoor,F,Lucknow,2020-12-26,38,793640.0,629.0,47,1,15,81.1,High
100278,Arjun,Joshi,F,Chennai,2023-10-25,31,796871.0,641.0,30,0,18,64.7,Medium
100279,Arjun,Patel,F,,2020-07-30,37,836412.0,667.0,27,1,26,40.8,Medium
100280,Arjun,Reddy,M,Lucknow,2023-07-06,33,955477.0,714.0,71,1,17,59.2,Medium
100281,Anaya,Nair,M,Hyderabad,2023-01-25,37,1042394.0,675.0,20,0,9,79.5,Medium
100282,Kabir,Bose,M,Kolkata,2023-05-18,42,707052.0,746.0,50,1,12,83.3,Low
100283,Diya,Sharma,F,Mumbai,2022-02-16,50,585296.0,766.0,95,1,21,94.6,Low
100284,Vivaan,Sharma,F,Mumbai,2020-01-21,25,620750.0,743.0,23,1,9,78.1,Low
100285,Aditya,Mishra,M,Delhi,2021-12-29,55,742815.0,799.0,13,0,13,90.2,Low
100286,Arjun,Verma,F,Jaipur,2023-12-27,21,772577.0,733.0,81,1,15,81.6,Low
100287,Sneha,Joshi,M,Ahmedabad,2021-09-07,35,680601.0,643.0,4,1,21,85.2,Medium
100288,Vivaan,Verma,F,Mumbai,2021-01-05,41,564854.0,785.0,14,0,13,87.2,Low
100289,Karan,Kapoor,F,Mumbai,2023-11-17,39,749653.0,677.0,20,0,19,79.8,Medium
100290,Vivaan,Joshi,M,Lucknow,2021-09-15,30,889914.0,760.0,13,1,10,86.9,Low
100291,Diya,Joshi,F,Jaipur,2023-05-27,34,980906.0,797.0,3,0,8,65.6,Low
100292,Anaya,Mehta,M,Jaipur,2021-09-23,32,727367.0,735.0,90,0,12,44.9,Low
100293,Anaya,Iyer,M,Hyderabad,2022-01-30,31,759140.0,628.0,90,1,13,81.8,High
100294,Varun,Malhotra,F,Ahmedabad,2022-04-26,44,646126.0,659.0,82,1,6,78.5,Medium
100295,Priya,Yadav,F,Lucknow,2022-08-05,39,843083.0,783.0,96,1,14,63.5,Low
100296,Aarav,Nair,M,Bengaluru,2023-01-24,30,663346.0,701.0,78,1,12,58.9,Medium
100297,Priya,Mishra,F,Pune,2023-12-26,44,976088.0,714.0,47,1,9,75.6,Medium
100298,Kabir,Reddy,F,Hyderabad,2020-07-06,39,457109.0,752.0,3,1,13,82.6,Low
100299,Pooja,Sharma,M,,2021-05-15,43,770881.0,748.0,1,1,14,80.2,Low
100300,Rahul,Iyer,M,Jaipur,2022-05-25,42,916244.0,725.0,90,1,15,61.8,Low
100301,Priya,Gupta,F,Delhi,2021-01-09,29,890444.0,699.0,24,1,20,64.5,Medium
100302,Riya,Iyer,M,Pune,2021-03-09,31,1442467.0,693.0,35,1,11,82.0,Medium
100303,Pooja,Iyer,F,Chennai,2023-12-17,43,926956.0,757.0,14,1,19,74.9,Low
100304,Rahul,Nair,M,Pune,2023-03-13,41,629108.0,740.0,67,1,11,86.7,Low
100305,Neha,Yadav,M,Hyderabad,2021-05-13,36,828998.0,696.0,13,1,15,70.1,Medium
100306,Kabir,Reddy,M,Mumbai,2020-01-06,37,459226.0,770.0,47,1,10,82.9,Low
100307,Anaya,Malhotra,F,Jaipur,2023-09-02,47,832268.0,703.0,50,1,10,73.5,Medium
100308,Aarav,Kapoor,F,Delhi,2023-06-07,31,666728.0,663.0,78,1,13,65.3,Medium
100309,Rohan,Joshi,M,Hyderabad,2023-02-19,41,1051386.0,668.0,85,0,14,85.1,Medium
100310,Aarav,Kulkarni,M,Delhi,2021-09-08,34,729101.0,656.0,26,0,9,62.1,Medium
100311,Kabir,Joshi,F,Jaipur,2021-12-11,34,824311.0,695.0,3,0,18,74.9,Medium
100312,Anaya,Kulkarni,M,Pune,2021-04-19,46,710177.0,778.0,51,1,11,76.1,Low
100313,Aditya,Singh,M,Bengaluru,2021-07-27,43,,666.0,40,0,9,72.6,Medium
100314,Sneha,Mehta,M,Hyderabad,2022-03-06,43,779327.0,720.0,68,1,16,85.9,Low
100315,Vivaan,Nair,M,Mumbai,2021-05-22,48,1253163.0,674.0,36,1,18,80.9,Medium
100316,Riya,Singh,M,Lucknow,2021-08-14,36,1029113.0,696.0,51,1,23,79.4,Medium
100317,Neha,Yadav,M,Ahmedabad,2020-06-23,42,956055.0,627.0,1,0,18,74.8,High
100318,Anaya,Khan,M,Kolkata,2021-11-22,33,931121.0,698.0,33,1,10,96.3,Medium
100319,Isha,Reddy,F,Chennai,2023-07-18,39,936635.0,699.0,7,1,13,91.6,Medium
100320,Kabir,Mehta,M,Jaipur,2022-02-26,35,425912.0,740.0,52,1,8,85.0,Low
100321,Varun,Kapoor,F,Hyderabad,2021-07-25,37,788646.0,722.0,11,1,17,83.1,Low
100322,Aditya,Sharma,F,Pune,2020-07-04,41,1035935.0,644.0,27,0,12,66.8,Medium
100323,Anaya,Kapoor,M,Pune,2021-08-09,29,839243.0,770.0,14,0,15,73.4,Low
100324,Meera,Iyer,F,Delhi,2023-01-22,55,540858.0,722.0,86,1,19,81.6,Low
100325,Karan,Jain,M,Lucknow,2021-05-28,27,838471.0,721.0,80,1,20,86.6,Low
100326,Isha,Iyer,M,Delhi,2023-04-16,25,1224903.0,709.0,46,0,11,84.7,Medium
100327,Karan,Kapoor,F,Chennai,2021-10-15,46,1124316.0,682.0,76,1,8,81.0,Medium
100328,Priya,Yadav,F,Jaipur,2021-07-09,43,836359.0,722.0,10,1,15,98.0,Low
100329,Vivaan,Mishra,F,Mumbai,2020-10-21,42,1059319.0,736.0,24,1,10,72.4,Low
100330,Riya,Patel,F,Hyderabad,2023-06-08,42,769368.0,614.0,61,0,22,86.2,High
100331,Aarav,Nair,M,Delhi,2023-06-13,36,475148.0,680.0,18,1,12,84.7,Medium
100332,Riya,Iyer,M,Chennai,2023-01-21,28,646617.0,696.0,86,0,12,79.3,Medium
100333,Aditya,Mehta,M,Kolkata,2020-02-13,37,1193836.0,724.0,9,1,7,79.8,Low
100334,Vivaan,Khan,F,Chennai,2021-06-22,30,789722.0,776.0,17,1,17,79.5,Low
100335,Isha,Malhotra,F,Mumbai,2020-02-08,45,796456.0,668.0,58,0,21,65.5,Medium
100336,Sahil,Sharma,F,Pune,2023-11-09,35,784036.0,683.0,13,1,19,78.8,Medium
100337,Kabir,Das,M,Pune,2023-12-29,29,1268910.0,682.0,50,0,12,83.0,Medium
100338,Sahil,Mehta,M,Hyderabad,2020-10-15,33,1207711.0,666.0,6,1,18,77.9,Medium
100339,Aisha,Malhotra,F,Kolkata,2020-09-04,40,1338132.0,691.0,85,1,15,51.9,Medium
100340,Priya,Patel,F,Chennai,2020-12-24,31,815010.0,752.0,51,1,18,55.0,Low
100341,Neha,Malhotra,M,Pune,2020-07-27,29,915037.0,652.0,36,1,7,64.2,Medium
100342,Aditya,Verma,M,Delhi,2020-05-03,38,516339.0,734.0,71,1,15,72.7,Low
100343,Aarav,Gupta,M,Jaipur,2022-09-01,38,1174926.0,616.0,25,1,15,64.8,High
100344,Sahil,Kulkarni,M,Pune,2021-02-06,31,593088.0,679.0,11,1,12,81.8,Medium
100345,Aditya,Nair,F,,2020-10-10,32,897691.0,692.0,44,0,12,88.3,Medium
100346,Vivaan,Singh,M,Mumbai,2021-10-24,38,608593.0,802.0,14,1,14,90.0,Low
100347,Varun,Bose,F,Jaipur,2021-07-29,23,720449.0,695.0,29,1,14,78.0,Medium
100348,Rohan,Jain,M,Bengaluru,2020-08-28,23,,589.0,74,1,19,87.0,High
100349,Varun,Iyer,M,Mumbai,2020-06-15,30,716267.0,600.0,50,0,10,67.2,High
100350,Rahul,Malhotra,M,Pune,2021-07-14,34,731393.0,712.0,5,0,12,72.2,Medium
100351,Neha,Gupta,F,Mumbai,2020-05-27,39,729381.0,744.0,72,1,13,60.0,Low
100352,Sneha,Singh,F,Ahmedabad,2021-12-01,49,1033333.0,731.0,69,1,8,88.5,Low
100353,Arjun,Gupta,M,Ahmedabad,2021-09-14,44,606930.0,719.0,88,1,10,97.6,Medium
100354,Aarav,Das,M,Ahmedabad,2020-09-21,35,898519.0,774.0,57,0,12,69.8,Low
100355,Vivaan,Bose,M,Bengaluru,2021-05-15,36,1117951.0,680.0,26,0,17,48.0,Medium
100356,Sneha,Mishra,M,Jaipur,2020-10-05,27,737097.0,759.0,6,1,14,62.5,Low
100357,Karan,Kulkarni,F,Ahmedabad,2022-01-18,36,692058.0,620.0,16,1,13,66.2,High
100358,Diya,Nair,M,Pune,2022-06-21,33,799285.0,660.0,60,0,18,58.1,Medium
100359,Neha,Jain,M,Pune,2020-06-07,39,1109540.0,611.0,12,0,13,61.6,High
100360,Aditya,Iyer,F,Hyderabad,2022-12-19,29,892704.0,695.0,75,1,12,76.5,Medium
100361,Vivaan,Singh,M,Delhi,2021-05-13,41,733133.0,707.0,3,1,13,81.9,Medium
100362,Sneha,Verma,M,Lucknow,2023-09-02,50,956453.0,716.0,63,1,23,49.2,Medium
100363,Sneha,Malhotra,M,Chennai,2021-05-02,35,607496.0,713.0,64,1,19,67.6,Medium
100364,Rohan,Kulkarni,F,Bengaluru,2021-04-09,40,999899.0,659.0,62,1,14,74.5,Medium
100365,Aarav,Jain,F,Mumbai,2020-08-15,42,939894.0,700.0,6,0,17,61.2,Medium
100366,Vivaan,Mehta,M,Delhi,2021-10-27,32,782282.0,628.0,19,1,15,76.8,High
100367,Arjun,Singh,F,Mumbai,2023-10-11,38,665511.0,785.0,18,1,10,72.6,Low
100368,Rahul,Jain,M,,2022-04-01,36,654930.0,693.0,80,1,11,68.6,Medium
100369,Meera,Kapoor,F,Lucknow,2022-03-09,37,967660.0,683.0,87,1,15,63.6,Medium
100370,Sahil,Verma,F,Kolkata,2022-01-22,29,1120376.0,797.0,43,1,14,77.3,Low
100371,Isha,Verma,F,,2023-06-04,36,709792.0,642.0,73,1,11,64.8,Medium
100372,Aditya,Yadav,F,Bengaluru,2023-04-07,40,950845.0,648.0,3,1,18,53.2,Medium
100373,Arjun,Singh,M,Kolkata,2023-07-31,49,390854.0,650.0,72,1,10,74.3,Medium
100374,Karan,Khan,F,Ahmedabad,2020-09-18,45,721384.0,706.0,38,1,16,59.1,Medium
100375,Rahul,Iyer,F,Bengaluru,2022-05-09,55,843167.0,734.0,68,1,18,54.2,Low
100376,Varun,Verma,M,Jaipur,2020-12-29,29,649870.0,751.0,76,1,18,75.6,Low
100377,Kabir,Verma,F,Pune,2020-04-07,44,643969.0,850.0,44,0,12,72.0,Low
100378,Rahul,Khan,F,Ahmedabad,2022-11-01,38,703088.0,586.0,95,0,10,63.6,High
100379,Arjun,Singh,M,Chennai,2022-02-22,56,914282.0,743.0,89,1,17,76.7,Low
100380,Aarav,Kapoor,M,Kolkata,2021-08-05,29,808788.0,679.0,80,1,7,79.1,Medium
100381,Priya,Mehta,F,Pune,2022-07-15,28,357589.0,678.0,63,0,17,76.9,Medium
100382,Aditya,Yadav,F,Hyderabad,2023-12-11,31,383446.0,676.0,42,1,13,76.4,Medium
100383,Aisha,Joshi,F,Hyderabad,2020-05-14,21,716490.0,660.0,64,1,21,54.7,Medium
100384,Isha,Mishra,F,Kolkata,2020-09-15,31,950691.0,803.0,54,1,14,89.5,Low
100385,Sahil,Verma,F,Kolkata,2022-07-04,29,250000.0,756.0,78,0,11,80.7,Low
100386,Pooja,Mehta,F,Bengaluru,2021-05-31,37,740059.0,711.0,77,1,9,62.6,Medium
100387,Diya,Singh,M,Delhi,2023-08-10,39,734225.0,784.0,71,0,12,73.9,Low
100388,Rahul,Khan,F,Jaipur,2020-05-30,53,1155434.0,627.0,76,1,15,76.1,High
100389,Aisha,Kulkarni,M,Jaipur,2023-07-05,45,765295.0,637.0,37,1,19,73.5,Medium
100390,Priya,Khan,M,Hyderabad,2022-05-17,31,934258.0,590.0,4,1,23,95.5,High
100391,Sahil,Mishra,M,Kolkata,2023-03-18,28,881077.0,672.0,2,1,10,50.7,Medium
100392,Vivaan,Mishra,M,Kolkata,2022-08-31,40,381275.0,719.0,44,0,16,56.3,Medium
100393,Sahil,Nair,M,Pune,2020-05-21,24,1019006.0,716.0,67,1,11,46.4,Medium
100394,Varun,Joshi,M,Pune,2020-09-07,52,897387.0,718.0,68,1,14,75.0,Medium
100395,Karan,Reddy,M,Mumbai,2022-08-15,47,961819.0,632.0,76,1,16,80.5,Medium
100396,Varun,Bose,M,Lucknow,2022-06-25,32,1713772.0,754.0,83,1,12,78.3,Low
100397,Aarav,Yadav,M,Ahmedabad,2021-10-05,21,391495.0,723.0,74,0,7,70.5,Low
100398,Isha,Mehta,F,Bengaluru,2022-12-06,48,1229433.0,750.0,62,0,9,78.9,Low
100399,Kabir,Bose,F,Jaipur,2023-10-27,35,786762.0,606.0,1,0,15,70.4,High
100400,Sneha,Gupta,F,Chennai,2020-04-03,47,913212.0,727.0,17,1,11,82.9,Low
100401,Varun,Bose,M,Pune,2022-01-30,22,839987.0,645.0,16,0,15,87.3,Medium
100402,Sneha,Sharma,F,Ahmedabad,2020-12-21,31,756668.0,688.0,9,0,17,62.8,Medium
100403,Aisha,Gupta,M,Mumbai,2021-06-15,36,724637.0,739.0,53,1,12,70.5,Low
100404,Rahul,Khan,M,Mumbai,2021-11-22,36,922492.0,715.0,73,1,19,72.5,Medium
100405,Arjun,Khan,F,Bengaluru,2023-07-19,32,516222.0,663.0,59,0,16,91.1,Medium
100406,Kabir,Singh,F,Hyderabad,2023-12-23,42,1015127.0,710.0,9,1,15,64.2,Medium
100407,Aisha,Saxena,F,Mumbai,2021-10-09,26,,626.0,12,1,8,87.2,High
100408,Anaya,Yadav,F,Hyderabad,2021-12-02,35,601385.0,773.0,41,1,19,56.4,Low
100409,Arjun,Gupta,M,Bengaluru,2021-12-24,37,750997.0,699.0,15,1,13,88.9,Medium
100410,Kabir,Gupta,F,Lucknow,2022-07-05,41,1126573.0,772.0,66,0,16,84.2,Low
100411,Aditya,Jain,F,Chennai,2020-03-04,42,732226.0,681.0,75,1,15,72.1,Medium
100412,Vivaan,Mehta,F,Bengaluru,2022-07-14,26,928860.0,681.0,11,1,13,85.0,Medium
100413,Diya,Joshi,F,Lucknow,2023-04-02,22,689190.0,668.0,8,1,15,68.0,Medium
100414,Aarav,Verma,M,Kolkata,2023-11-13,47,1016743.0,758.0,55,1,13,62.9,Low
100415,Kabir,Sharma,M,Kolkata,2021-12-27,39,1000812.0,671.0,96,1,10,94.5,Medium
100416,Diya,Singh,M,Kolkata,2022-02-04,29,1256694.0,745.0,6,0,16,67.5,Low
100417,Riya,Reddy,M,Ahmedabad,2022-07-11,50,811376.0,689.0,53,1,18,82.1,Medium
100418,Anaya,Yadav,M,Ahmedabad,2021-10-14,37,997104.0,601.0,20,1,17,87.3,High
100419,Sneha,Malhotra,M,Hyderabad,2022-06-23,47,871575.0,679.0,39,1,15,83.7,Medium
100420,Aisha,Singh,F,Jaipur,2022-11-06,37,1135092.0,645.0,72,1,11,81.2,Medium
100421,Neha,Kulkarni,F,Ahmedabad,2021-08-29,55,691857.0,712.0,34,0,13,82.2,Medium
100422,Isha,Singh,F,Mumbai,2022-01-15,52,1013901.0,645.0,57,1,16,86.7,Medium
100423,Priya,Nair,M,Pune,2022-07-28,34,807167.0,761.0,19,1,12,77.8,Low
100424,Sneha,Sharma,M,Kolkata,2023-08-17,45,835879.0,705.0,71,1,7,73.5,Medium
100425,Neha,Yadav,F,Mumbai,2020-03-28,42,870186.0,700.0,31,0,14,57.6,Medium
100426,Riya,Kulkarni,M,Delhi,2021-07-16,48,905493.0,746.0,82,1,14,77.8,Low
100427,Rahul,Patel,F,Pune,2023-06-22,27,824430.0,763.0,40,1,8,86.3,Low
100428,Aditya,Joshi,F,Hyderabad,2023-02-10,42,897237.0,709.0,14,0,11,60.8,Medium
100429,Sneha,Saxena,M,Ahmedabad,2021-03-17,46,1197186.0,668.0,81,0,27,71.3,Medium
100430,Meera,Singh,F,Hyderabad,2022-10-28,21,1066799.0,612.0,37,1,10,79.1,High
100431,Sahil,Joshi,M,Ahmedabad,2021-07-12,25,1041214.0,672.0,44,1,20,92.1,Medium
100432,Rahul,Joshi,F,Ahmedabad,2023-01-28,21,749781.0,676.0,9,1,21,60.1,Medium
100433,Karan,Kapoor,M,Bengaluru,2023-09-30,34,654367.0,716.0,58,1,9,83.5,Medium
100434,Arjun,Mehta,M,Lucknow,2022-01-22,42,1060166.0,691.0,20,1,8,69.7,Medium
100435,Aditya,Kapoor,F,Lucknow,2022-06-19,50,1042730.0,748.0,92,1,17,65.9,Low
100436,Rahul,Mishra,F,Chennai,2021-04-25,37,1173988.0,676.0,50,1,14,63.0,Medium
100437,Meera,Patel,F,Chennai,2021-12-03,51,717124.0,707.0,20,1,15,66.1,Medium
100438,Pooja,Verma,M,Delhi,2023-09-27,24,799499.0,775.0,36,0,15,80.0,Low
100439,Kabir,Jain,F,Chennai,2022-07-31,21,,729.0,27,1,13,71.3,Low
100440,Riya,Iyer,F,Jaipur,2023-06-11,36,763656.0,707.0,72,1,12,82.6,Medium
100441,Sneha,Khan,F,,2022-03-03,39,1069246.0,677.0,32,1,12,60.5,Medium
100442,Isha,Yadav,F,Delhi,2023-06-12,36,747371.0,675.0,1,1,16,82.4,Medium
100443,Aditya,Mehta,F,Delhi,2020-05-05,21,990906.0,663.0,17,0,13,79.2,Medium
100444,Priya,Das,F,Kolkata,2021-11-20,35,808089.0,680.0,9,1,15,55.9,Medium
100445,Aditya,Kulkarni,F,Lucknow,2021-04-21,24,921293.0,752.0,84,1,13,92.1,Low
100446,Aarav,Nair,M,Chennai,2021-11-15,42,597508.0,698.0,45,1,13,78.1,Medium
100447,Pooja,Singh,M,Jaipur,2021-01-06,39,868746.0,636.0,96,1,17,83.2,Medium
100448,Sahil,Joshi,F,Ahmedabad,2023-02-17,28,250000.0,807.0,66,1,11,87.9,Low
100449,Sahil,Jain,F,,2021-06-25,31,808883.0,728.0,32,1,14,85.6,Low
100450,Meera,Khan,F,Bengaluru,2021-07-13,26,491296.0,633.0,45,1,19,72.5,Medium
100451,Karan,Kapoor,M,Pune,2020-06-27,35,1115319.0,686.0,9,1,15,82.7,Medium
100452,Aarav,Iyer,M,Mumbai,2023-01-22,45,1021030.0,716.0,30,1,13,52.3,Medium
100453,Riya,Mishra,M,Hyderabad,2021-07-20,27,952668.0,804.0,84,1,15,78.7,Low
100454,Vivaan,Singh,M,Bengaluru,2022-01-17,41,1184621.0,649.0,38,0,11,94.8,Medium
100455,Rahul,Bose,M,Hyderabad,2022-08-08,31,641238.0,764.0,60,1,23,65.7,Low
100456,Anaya,Kulkarni,F,Kolkata,2020-10-28,29,1234420.0,787.0,1,0,17,85.0,Low
100457,Anaya,Saxena,M,Lucknow,2023-12-12,35,1055082.0,675.0,5,0,16,95.3,Medium
100458,Pooja,Kulkarni,M,Delhi,2021-08-08,27,797958.0,695.0,63,1,12,82.3,Medium
100459,Aditya,Mehta,M,Lucknow,2023-12-11,31,1099836.0,653.0,36,1,10,86.3,Medium
100460,Varun,Saxena,F,Hyderabad,2023-02-19,25,606615.0,699.0,65,1,10,55.2,Medium
100461,Vivaan,Bose,F,Jaipur,2020-02-26,54,668607.0,708.0,78,1,25,62.8,Medium
100462,Aditya,Patel,M,Kolkata,2022-10-20,36,716110.0,746.0,73,1,25,91.2,Low
100463,Vivaan,Malhotra,F,Pune,2023-03-08,30,733625.0,770.0,94,1,15,85.5,Low
100464,Rahul,Reddy,M,Lucknow,2023-05-07,38,617557.0,669.0,24,1,17,80.0,Medium
100465,Kabir,Verma,M,Ahmedabad,2021-12-21,35,1119078.0,602.0,4,1,9,70.8,High
100466,Varun,Nair,F,,2023-10-16,34,793052.0,709.0,78,1,10,77.4,Medium
100467,Kabir,Saxena,M,Delhi,2021-02-13,42,927551.0,726.0,89,0,23,94.9,Low
100468,Aditya,Yadav,F,Chennai,2021-10-07,43,724523.0,724.0,68,1,8,72.8,Low
100469,Neha,Kapoor,F,Lucknow,2023-06-20,31,449467.0,692.0,25,1,14,82.4,Medium
100470,Arjun,Mehta,F,Chennai,2023-01-18,31,909413.0,717.0,74,0,9,82.1,Medium
100471,Neha,Reddy,M,Jaipur,2020-03-02,34,429304.0,793.0,7,1,12,66.0,Low
100472,Rohan,Sharma,M,Delhi,2023-05-20,21,834901.0,731.0,13,1,16,66.9,Low
100473,Vivaan,Nair,M,Kolkata,2020-09-04,22,548971.0,689.0,68,1,18,92.3,Medium
100474,Riya,Bose,M,Pune,2021-05-11,48,1287201.0,682.0,43,1,17,80.8,Medium
100475,Meera,Saxena,M,Pune,2020-02-25,51,1050500.0,701.0,57,1,10,65.8,Medium
100476,Arjun,Gupta,M,Kolkata,2021-04-03,34,873266.0,800.0,36,1,19,70.3,Low
100477,Anaya,Mehta,F,Ahmedabad,2022-07-07,41,1128015.0,700.0,14,1,12,62.2,Medium
100478,Aditya,Nair,F,Mumbai,2023-08-05,39,663810.0,709.0,82,1,17,86.8,Medium
100479,Riya,Khan,M,Hyderabad,2023-11-13,64,969565.0,683.0,72,1,14,71.0,Medium
100480,Rahul,Nair,M,Delhi,2023-12-15,46,893958.0,770.0,96,1,12,71.1,Low
100481,Sneha,Jain,M,Bengaluru,2021-07-10,35,908084.0,818.0,27,1,12,84.1,Low
100482,Sahil,Saxena,M,Ahmedabad,2022-08-21,27,1129918.0,735.0,37,1,18,53.8,Low
100483,Sahil,Singh,M,Jaipur,2023-01-09,22,1011148.0,715.0,87,1,13,73.6,Medium
100484,Aditya,Gupta,M,Mumbai,2021-03-19,38,913519.0,712.0,71,1,17,73.9,Medium
100485,Riya,Mehta,F,Mumbai,2022-03-02,29,485925.0,579.0,76,1,16,70.6,High
100486,Karan,Gupta,F,Ahmedabad,2023-08-03,23,638790.0,751.0,25,1,20,67.4,Low
100487,Isha,Nair,M,Mumbai,2023-07-31,30,823004.0,717.0,67,0,15,65.5,Medium
100488,Kabir,Nair,F,Lucknow,2021-05-05,26,870542.0,734.0,90,0,14,77.4,Low
100489,Vivaan,Mishra,M,Pune,2023-11-12,51,601355.0,671.0,4,1,10,61.9,Medium
100490,Rohan,Jain,F,Bengaluru,2021-08-17,44,1380569.0,689.0,79,0,11,75.9,Medium
100491,Riya,Gupta,M,Delhi,2021-02-11,36,1183607.0,687.0,96,1,21,67.4,Medium
100492,Riya,Gupta,M,Jaipur,2020-11-22,49,982466.0,766.0,93,1,12,68.2,Low
100493,Neha,Reddy,M,Pune,2022-07-30,37,865848.0,689.0,74,1,9,76.4,Medium
100494,Neha,Malhotra,M,Lucknow,2022-08-06,28,803314.0,825.0,85,1,11,68.0,Low
100495,Karan,Das,F,Pune,2023-04-14,50,640578.0,734.0,16,1,14,89.2,Low
100496,Vivaan,Joshi,F,Mumbai,2021-01-17,41,867046.0,,19,1,7,72.3,Medium
100497,Karan,Bose,F,Delhi,2022-10-10,27,906706.0,703.0,29,1,19,86.6,Medium
100498,Isha,Iyer,M,Chennai,2023-07-05,34,576813.0,674.0,51,1,26,64.9,Medium
100499,Varun,Das,F,Jaipur,2020-12-12,28,923519.0,589.0,18,1,8,64.6,High
100500,Anaya,Joshi,F,Bengaluru,2020-09-28,24,815843.0,798.0,58,0,15,54.0,Low
100501,Aisha,Malhotra,F,Delhi,2023-07-08,44,430282.0,749.0,44,1,13,68.1,Low
100502,Pooja,Nair,F,Delhi,2021-01-30,53,660715.0,739.0,16,1,14,71.2,Low
100503,Rahul,Reddy,F,Kolkata,2020-06-02,23,759007.0,719.0,65,0,18,74.9,Medium
100504,Rohan,Singh,F,Mumbai,2022-12-26,41,1265291.0,634.0,2,1,15,82.4,Medium
100505,Vivaan,Sharma,F,Jaipur,2022-04-20,30,972442.0,683.0,56,0,15,81.5,Medium
100506,Anaya,Nair,M,Jaipur,2020-12-13,32,556194.0,756.0,79,1,23,87.6,Low
100507,Vivaan,Das,M,Hyderabad,2022-12-22,31,956928.0,652.0,28,1,12,63.4,Medium
100508,Sneha,Patel,F,Mumbai,2020-12-21,28,509593.0,571.0,65,0,11,74.4,High
100509,Aditya,Nair,F,Ahmedabad,2023-07-28,36,1088192.0,698.0,5,1,11,62.0,Medium
100510,Varun,Mehta,M,Hyderabad,2022-11-30,29,746353.0,702.0,22,1,12,79.0,Medium
100511,Meera,Patel,F,Ahmedabad,2021-01-01,38,829400.0,717.0,13,1,17,95.7,Medium
100512,Rohan,Khan,M,Jaipur,2022-10-11,36,1141675.0,750.0,65,1,18,59.6,Low
100513,Isha,Singh,M,Kolkata,2020-10-03,34,566824.0,745.0,16,1,9,82.3,Low
100514,Meera,Khan,M,Lucknow,2020-08-08,28,542634.0,724.0,86,1,14,86.6,Low
100515,Rohan,Mehta,F,Jaipur,2020-03-01,31,,776.0,64,1,11,63.3,Low
100516,Arjun,Joshi,M,Pune,2023-01-31,43,1078443.0,626.0,32,1,17,79.2,High
100517,Priya,Singh,M,Kolkata,2023-04-23,41,515744.0,738.0,80,1,11,69.7,Low
100518,Priya,Malhotra,M,Jaipur,2023-03-16,27,250000.0,744.0,51,1,9,72.5,Low
100519,Aditya,Kapoor,F,Lucknow,2020-03-15,37,750745.0,642.0,79,1,15,69.3,Medium
100520,Aditya,Singh,F,Hyderabad,2021-04-17,43,971383.0,627.0,58,1,16,71.3,High
100521,Rohan,Patel,M,Lucknow,2022-10-21,21,1114058.0,669.0,46,1,12,87.9,Medium
100522,Isha,Mishra,F,Chennai,2021-02-19,41,748105.0,674.0,52,0,12,73.1,Medium
100523,Diya,Jain,F,Bengaluru,2023-10-20,30,759486.0,751.0,63,0,12,66.8,Low
100524,Sahil,Kulkarni,M,Bengaluru,2020-01-17,41,1103858.0,676.0,76,1,8,74.8,Medium
100525,Diya,Yadav,F,Lucknow,2022-12-18,29,438657.0,663.0,60,1,19,48.5,Medium
100526,Aisha,Mehta,M,Delhi,2023-02-12,21,764525.0,676.0,65,0,7,64.2,Medium
100527,Sneha,Malhotra,M,Bengaluru,2020-07-21,21,891893.0,772.0,81,1,10,89.0,Low
100528,Kabir,Saxena,F,Mumbai,2023-05-02,36,948828.0,711.0,55,1,7,72.3,Medium
100529,Meera,Saxena,F,Delhi,2021-04-16,38,737843.0,700.0,57,1,10,68.3,Medium
100530,Anaya,Yadav,M,Jaipur,2023-02-03,28,,704.0,92,0,9,76.1,Medium
100531,Rahul,Reddy,M,Delhi,2022-05-28,42,302568.0,781.0,71,1,14,82.8,Low
100532,Anaya,Verma,F,Pune,2022-08-22,21,705185.0,669.0,73,0,16,89.9,Medium
100533,Diya,Saxena,F,Bengaluru,2022-03-28,35,949772.0,782.0,86,1,23,68.6,Low
100534,Neha,Mehta,M,Delhi,2023-02-23,25,633895.0,722.0,26,1,19,68.9,Low
100535,Pooja,Saxena,M,Ahmedabad,2021-02-17,30,862977.0,701.0,12,1,14,71.3,Medium
100536,Anaya,Joshi,M,Mumbai,2021-05-15,36,948312.0,848.0,71,1,13,86.3,Low
100537,Sahil,Mehta,M,Delhi,2020-04-30,28,774639.0,652.0,46,0,15,74.7,Medium
100538,Neha,Mehta,F,Lucknow,2021-08-29,33,887502.0,691.0,47,1,18,100.0,Medium
100539,Rahul,Kapoor,M,Kolkata,2023-05-16,45,638199.0,642.0,79,0,13,72.1,Medium
100540,Priya,Saxena,M,Bengaluru,2020-12-15,31,804546.0,762.0,38,1,15,95.2,Low
100541,Aditya,Yadav,F,Kolkata,2022-03-30,44,984248.0,803.0,21,0,10,63.3,Low
100542,Rahul,Patel,M,Hyderabad,2023-05-01,26,884534.0,802.0,14,1,16,57.3,Low
100543,Anaya,Reddy,F,Hyderabad,2021-10-15,41,720963.0,777.0,2,1,12,72.8,Low
100544,Sahil,Kulkarni,M,Kolkata,2022-02-22,49,899328.0,699.0,72,1,15,87.7,Medium
100545,Arjun,Reddy,M,Hyderabad,2023-11-17,21,1007214.0,690.0,70,0,17,68.3,Medium
100546,Aisha,Kapoor,M,Kolkata,2021-05-11,29,399013.0,618.0,33,1,8,66.6,High
100547,Aditya,Mishra,F,Mumbai,2021-01-26,41,1104996.0,822.0,6,0,13,86.3,Low
100548,Sneha,Nair,M,Jaipur,2023-02-06,34,776024.0,736.0,90,1,10,82.5,Low
100549,Varun,Joshi,M,Jaipur,2022-07-17,39,943608.0,683.0,37,1,8,64.5,Medium
100550,Diya,Patel,M,,2021-04-14,31,1113394.0,783.0,14,1,16,63.8,Low
100551,Meera,Kulkarni,M,Jaipur,2020-12-15,37,548232.0,656.0,37,1,19,84.0,Medium
100552,Kabir,Khan,M,Ahmedabad,2022-02-13,35,693923.0,732.0,8,0,9,54.4,Low
100553,Sahil,Khan,F,Kolkata,2020-05-28,47,786519.0,701.0,77,1,16,87.0,Medium
100554,Riya,Gupta,M,Delhi,2020-09-12,38,677574.0,745.0,13,1,14,82.3,Low
100555,Varun,Nair,F,Jaipur,2023-11-13,39,1231686.0,707.0,40,1,15,46.6,Medium
100556,Sahil,Joshi,F,Hyderabad,2023-05-07,32,,630.0,92,1,11,74.2,Medium
100557,Sahil,Mishra,F,Chennai,2023-04-24,32,727780.0,714.0,58,1,20,50.3,Medium
100558,Rahul,Sharma,F,Hyderabad,2020-12-09,32,,768.0,18,1,17,59.5,Low
100559,Rahul,Mehta,F,Delhi,2021-11-07,40,585527.0,708.0,57,1,18,68.0,Medium
100560,Aisha,Das,F,Chennai,2020-04-17,32,762950.0,753.0,83,1,9,58.8,Low
100561,Vivaan,Mehta,M,,2021-08-17,39,919840.0,652.0,38,1,12,100.0,Medium
100562,Isha,Nair,F,Pune,2023-01-08,55,776771.0,709.0,32,1,14,84.4,Medium
100563,Rohan,Bose,F,Mumbai,2023-06-30,44,829455.0,676.0,86,1,20,90.4,Medium
100564,Vivaan,Joshi,M,Pune,2020-01-25,33,733547.0,751.0,66,0,18,72.3,Low
100565,Karan,Joshi,M,Delhi,2020-10-09,47,516817.0,,77,1,11,74.4,Medium
100566,Priya,Yadav,F,Chennai,2022-06-05,32,920751.0,748.0,87,0,16,93.0,Low
100567,Pooja,Khan,F,Lucknow,2022-07-26,21,1236085.0,770.0,25,1,13,79.2,Low
100568,Neha,Kulkarni,M,Delhi,2021-09-11,27,854048.0,748.0,92,0,13,81.3,Low
100569,Riya,Singh,F,Lucknow,2020-08-25,21,899558.0,725.0,58,1,15,63.1,Low
100570,Aditya,Nair,M,Bengaluru,2022-07-26,33,1002399.0,655.0,75,1,14,63.0,Medium
100571,Vivaan,Sharma,M,Delhi,2020-11-11,36,570747.0,710.0,33,0,13,77.1,Medium
100572,Meera,Singh,F,Kolkata,2022-04-19,51,1224553.0,681.0,88,1,13,78.5,Medium
100573,Arjun,Mishra,F,Lucknow,2021-04-07,39,894512.0,691.0,66,1,19,62.0,Medium
100574,Varun,Reddy,F,,2021-08-14,34,1209009.0,689.0,30,0,16,78.3,Medium
100575,Priya,Yadav,M,Bengaluru,2022-04-19,43,688733.0,656.0,81,1,9,59.3,Medium
100576,Karan,Kapoor,F,Ahmedabad,2022-09-22,21,1249974.0,602.0,34,1,15,74.2,High
100577,Priya,Malhotra,M,Lucknow,2023-11-06,38,1020534.0,673.0,86,0,10,56.8,Medium
100578,Riya,Das,F,Lucknow,2020-05-29,43,971669.0,721.0,69,1,11,89.9,Low
100579,Diya,Verma,M,Pune,2020-12-17,23,901485.0,636.0,48,1,20,70.3,Medium
100580,Isha,Jain,M,Delhi,2021-03-17,46,795324.0,711.0,40,1,17,65.7,Medium
100581,Aisha,Das,F,Delhi,2021-01-29,39,1114117.0,815.0,51,1,3,60.3,Low
100582,Karan,Verma,M,Mumbai,2023-10-20,32,880879.0,766.0,80,1,14,59.1,Low
100583,Karan,Mehta,F,Lucknow,2020-01-06,42,417245.0,800.0,13,1,10,79.2,Low
100584,Aditya,Patel,M,Jaipur,2021-06-17,56,604219.0,732.0,90,1,18,86.0,Low
100585,Vivaan,Mishra,M,,2020-08-07,38,809114.0,774.0,31,1,17,84.8,Low
100586,Neha,Reddy,M,Kolkata,2022-05-20,38,918200.0,670.0,39,1,16,90.8,Medium
100587,Kabir,Patel,F,Delhi,2020-01-12,32,837551.0,675.0,63,1,13,95.0,Medium
100588,Anaya,Gupta,M,Pune,2022-03-05,28,1118174.0,559.0,48,1,10,85.5,High
100589,Aisha,Mishra,F,Pune,2023-11-09,43,420758.0,775.0,87,0,20,68.0,Low
100590,Meera,Jain,F,Jaipur,2021-12-04,28,881589.0,795.0,48,1,10,76.0,Low
100591,Neha,Yadav,M,Pune,2021-04-02,37,450045.0,680.0,61,0,13,46.9,Medium
100592,Sneha,Kapoor,M,Ahmedabad,2020-08-12,32,1017137.0,696.0,12,1,11,81.7,Medium
100593,Karan,Jain,M,Delhi,2020-12-01,40,829219.0,669.0,78,1,18,75.8,Medium
100594,Sahil,Mishra,F,Hyderabad,2020-06-15,39,942314.0,731.0,56,1,15,93.1,Low
100595,Sneha,Iyer,M,Mumbai,2023-09-01,45,659946.0,772.0,18,1,16,65.1,Low
100596,Rahul,Malhotra,M,Chennai,2023-02-13,31,1131482.0,614.0,27,1,12,80.2,High
100597,Rahul,Joshi,M,Jaipur,2021-05-12,34,1079179.0,733.0,28,0,17,62.0,Low
100598,Varun,Reddy,F,Lucknow,2020-05-27,27,978380.0,695.0,82,1,8,72.7,Medium
100599,Diya,Kapoor,F,Bengaluru,2020-02-05,32,821506.0,716.0,80,1,8,54.4,Medium
100600,Riya,Verma,F,Lucknow,2023-12-01,39,977569.0,735.0,52,1,6,90.3,Low
100601,Karan,Nair,F,Pune,2023-11-09,43,694484.0,700.0,16,1,17,86.6,Medium
100602,Priya,Reddy,M,Pune,2022-09-16,28,1038222.0,704.0,77,0,17,68.3,Medium
100603,Rohan,Jain,M,Jaipur,2023-12-05,44,1212886.0,698.0,58,1,11,77.1,Medium
100604,Aditya,Sharma,F,Bengaluru,2020-11-03,48,1085534.0,763.0,93,1,17,74.5,Low
100605,Sahil,Das,F,Hyderabad,2021-10-03,40,689487.0,733.0,9,0,10,66.7,Low
100606,Vivaan,Malhotra,M,Bengaluru,2020-08-27,53,929512.0,722.0,26,0,20,75.5,Low
100607,Rahul,Iyer,M,Bengaluru,2022-07-05,29,565509.0,640.0,28,1,10,68.7,Medium
100608,Anaya,Joshi,F,Bengaluru,2022-06-23,25,975926.0,689.0,77,1,13,85.8,Medium
100609,Arjun,Nair,M,Chennai,2023-10-22,21,949133.0,759.0,36,1,17,71.5,Low
100610,Isha,Kulkarni,M,Pune,2022-05-05,49,438640.0,712.0,9,1,15,100.0,Medium
100611,Vivaan,Sharma,F,Lucknow,2020-10-30,42,,746.0,47,1,9,73.1,Low
100612,Isha,Das,F,Hyderabad,2021-09-08,35,787709.0,807.0,78,1,11,75.4,Low
100613,Vivaan,Nair,M,Bengaluru,2023-04-05,39,783811.0,767.0,51,1,17,80.3,Low
100614,Rahul,Mishra,M,Mumbai,2021-07-07,26,583915.0,715.0,76,1,19,84.0,Medium
100615,Kabir,Sharma,M,Delhi,2022-02-04,58,935575.0,682.0,57,1,18,74.9,Medium
100616,Sneha,Khan,F,Hyderabad,2023-08-17,37,905324.0,570.0,32,0,12,80.1,High
100617,Kabir,Malhotra,F,Chennai,2022-06-16,37,807261.0,701.0,67,1,10,76.2,Medium
100618,Arjun,Jain,F,Lucknow,2022-08-29,43,683726.0,692.0,57,1,14,64.7,Medium
100619,Arjun,Gupta,M,Chennai,2023-05-13,40,1080716.0,731.0,54,1,9,61.4,Low
100620,Rahul,Gupta,M,Hyderabad,2020-07-13,38,1214190.0,702.0,16,0,17,82.4,Medium
100621,Sneha,Mishra,F,Pune,2023-04-09,29,743616.0,692.0,62,0,20,92.2,Medium
100622,Anaya,Mishra,M,Mumbai,2023-11-26,40,715323.0,612.0,84,1,18,54.4,High
100623,Riya,Mishra,F,Kolkata,2022-11-28,53,958066.0,658.0,96,1,12,56.8,Medium
100624,Sahil,Gupta,F,Delhi,2021-10-07,48,771234.0,736.0,56,1,12,56.7,Low
100625,Sahil,Verma,M,Jaipur,2020-09-08,50,819333.0,804.0,23,1,10,83.3,Low
100626,Vivaan,Yadav,F,Chennai,2023-07-30,31,1012724.0,,17,1,14,84.3,Medium
100627,Aisha,Gupta,M,Lucknow,2020-07-25,27,429942.0,728.0,80,1,17,62.3,Low
100628,Karan,Reddy,F,Jaipur,2021-05-14,35,1140027.0,762.0,38,0,15,100.0,Low
100629,Neha,Jain,M,Pune,2023-03-12,37,865990.0,665.0,72,1,11,69.4,Medium
100630,Vivaan,Nair,F,Kolkata,2020-01-19,46,759472.0,730.0,83,1,17,91.2,Low
100631,Vivaan,Gupta,F,Lucknow,2022-03-29,21,,669.0,30,0,12,83.7,Medium
100632,Riya,Jain,M,Ahmedabad,2021-11-17,50,841734.0,758.0,58,0,9,62.5,Low
100633,Rohan,Mishra,M,Ahmedabad,2020-01-20,35,469136.0,718.0,78,1,18,69.0,Medium
100634,Sahil,Singh,M,Jaipur,2021-03-23,32,1178886.0,726.0,22,1,19,63.5,Low
100635,Vivaan,Gupta,M,Lucknow,2023-06-03,27,859092.0,667.0,17,1,12,57.9,Medium
100636,Aarav,Joshi,F,Hyderabad,2023-01-29,21,947460.0,749.0,15,1,15,71.0,Low
100637,Sneha,Malhotra,M,Mumbai,2022-01-08,43,1059341.0,825.0,48,0,15,59.6,Low
100638,Anaya,Mishra,M,Chennai,2020-10-20,37,625344.0,655.0,32,1,14,71.9,Medium
100639,Rohan,Gupta,M,Ahmedabad,2020-03-05,24,954164.0,691.0,77,0,21,97.2,Medium
100640,Diya,Reddy,F,Chennai,2021-05-13,24,791119.0,723.0,85,1,12,82.4,Low
100641,Pooja,Bose,F,Mumbai,2020-03-16,33,1036290.0,753.0,40,1,15,67.3,Low
100642,Kabir,Nair,M,Mumbai,2022-06-19,51,382010.0,679.0,57,1,13,66.3,Medium
100643,Kabir,Singh,F,Hyderabad,2021-09-26,34,828199.0,554.0,58,1,13,69.2,High
100644,Meera,Reddy,F,Bengaluru,2023-02-22,22,717379.0,785.0,91,1,14,98.9,Low
100645,Varun,Malhotra,M,Delhi,2020-01-27,34,945098.0,752.0,16,1,20,60.9,Low
100646,Pooja,Kapoor,F,Bengaluru,2023-07-23,34,953410.0,614.0,28,1,11,74.0,High
100647,Pooja,Singh,M,Jaipur,2021-11-10,21,694322.0,677.0,1,1,18,79.6,Medium
100648,Kabir,Sharma,M,Lucknow,2020-03-23,36,693322.0,796.0,41,0,12,88.6,Low
100649,Anaya,Singh,F,Mumbai,2021-04-30,34,825654.0,790.0,48,1,10,70.0,Low
100650,Karan,Iyer,M,Bengaluru,2020-01-06,42,652739.0,762.0,31,1,23,62.4,Low
100651,Arjun,Bose,F,Kolkata,2022-08-26,53,1035236.0,700.0,36,0,22,77.5,Medium
100652,Kabir,Nair,M,Bengaluru,2021-01-02,46,768774.0,715.0,33,1,14,89.8,Medium
100653,Vivaan,Kulkarni,M,Pune,2021-04-15,34,250000.0,703.0,33,0,13,70.7,Medium
100654,Sahil,Das,F,Ahmedabad,2021-11-19,26,767539.0,772.0,82,1,18,63.9,Low
100655,Aarav,Singh,F,Pune,2021-01-04,59,621520.0,662.0,23,1,12,75.3,Medium
100656,Varun,Kulkarni,F,Mumbai,2023-09-25,37,491119.0,666.0,60,1,15,54.5,Medium
100657,Arjun,Bose,M,Ahmedabad,2020-10-04,36,577766.0,766.0,87,1,15,71.4,Low
100658,Pooja,Sharma,F,Pune,2020-12-05,36,874070.0,708.0,79,1,6,88.1,Medium
100659,Arjun,Malhotra,F,Mumbai,2022-03-25,38,1142301.0,786.0,90,1,23,84.5,Low
100660,Rohan,Bose,M,Ahmedabad,2021-09-05,35,918901.0,673.0,30,0,14,72.3,Medium
100661,Aarav,Joshi,F,Bengaluru,2023-01-08,31,716569.0,707.0,89,1,15,93.9,Medium
100662,Sneha,Kapoor,F,Chennai,2022-03-03,31,950299.0,659.0,45,0,10,96.9,Medium
100663,Isha,Das,M,Bengaluru,2021-08-25,36,749000.0,710.0,80,1,8,82.0,Medium
100664,Priya,Khan,M,Chennai,2020-03-07,31,697188.0,629.0,39,1,10,56.4,High
100665,Kabir,Joshi,M,Hyderabad,2020-08-02,30,596040.0,683.0,45,1,13,51.4,Medium
100666,Arjun,Khan,F,Mumbai,2021-02-19,37,464598.0,631.0,78,0,13,90.6,Medium
100667,Priya,Kulkarni,M,Lucknow,2023-03-14,34,764217.0,748.0,81,0,11,76.9,Low
100668,Sneha,Yadav,F,Mumbai,2021-07-05,50,884772.0,749.0,12,0,15,93.6,Low
100669,Vivaan,Yadav,M,Lucknow,2023-08-02,21,828743.0,615.0,93,1,9,57.9,High
100670,Isha,Yadav,F,Jaipur,2021-07-24,46,758487.0,783.0,32,0,19,72.1,Low
100671,Sneha,Kapoor,M,Kolkata,2021-06-23,47,641936.0,847.0,56,1,14,86.4,Low
100672,Priya,Bose,F,Chennai,2022-12-06,21,983814.0,713.0,24,0,13,65.2,Medium
100673,Meera,Nair,M,Bengaluru,2023-06-14,33,560231.0,675.0,13,0,14,86.2,Medium
100674,Aarav,Nair,F,Mumbai,2020-04-26,33,1020726.0,850.0,20,1,15,72.5,Low
100675,Rahul,Yadav,F,Chennai,2020-05-30,23,629512.0,637.0,79,0,10,74.3,Medium
100676,Rohan,Bose,F,Mumbai,2023-01-11,29,684464.0,711.0,56,1,23,59.8,Medium
100677,Riya,Saxena,M,Jaipur,2022-12-16,26,527307.0,720.0,53,1,13,77.0,Low
100678,Vivaan,Yadav,M,Bengaluru,2022-09-10,52,739692.0,784.0,68,0,17,100.0,Low
100679,Aisha,Bose,F,Bengaluru,2023-11-09,44,1064569.0,730.0,54,1,10,78.7,Low
100680,Sneha,Bose,M,Jaipur,2023-05-28,47,963438.0,683.0,34,1,16,64.5,Medium
100681,Aditya,Yadav,M,Chennai,2023-08-01,42,1065253.0,658.0,28,0,19,90.7,Medium
100682,Pooja,Jain,F,Lucknow,2022-09-30,26,964871.0,691.0,50,0,13,64.9,Medium
100683,Priya,Singh,M,Mumbai,2021-03-09,31,607193.0,655.0,2,1,16,94.7,Medium
100684,Sneha,Jain,M,Jaipur,2020-11-15,40,777226.0,713.0,94,0,10,58.7,Medium
100685,Vivaan,Bose,F,,2020-08-29,25,678356.0,679.0,26,1,18,77.3,Medium
100686,Aisha,Malhotra,M,Chennai,2021-04-09,42,1142726.0,628.0,51,1,14,92.3,High
100687,Meera,Gupta,M,Jaipur,2020-07-21,34,586706.0,779.0,47,0,8,63.6,Low
100688,Varun,Yadav,F,Ahmedabad,2021-07-02,33,1046613.0,683.0,26,1,17,75.0,Medium
100689,Meera,Mehta,M,Ahmedabad,2022-01-27,42,1046450.0,640.0,84,1,14,87.9,Medium
100690,Vivaan,Khan,F,Kolkata,2023-03-04,40,1252516.0,701.0,92,1,8,46.9,Medium
100691,Diya,Jain,M,Mumbai,2022-05-07,33,759869.0,714.0,84,1,11,85.1,Medium
100692,Neha,Joshi,F,Hyderabad,2022-02-24,46,1006711.0,614.0,75,1,15,72.9,High
100693,Karan,Saxena,M,Jaipur,2021-06-24,26,1351963.0,728.0,74,0,19,91.3,Low
100694,Varun,Jain,M,Chennai,2021-05-01,42,714119.0,652.0,61,1,9,64.1,Medium
100695,Isha,Reddy,M,Hyderabad,2021-07-25,41,512291.0,804.0,23,1,14,57.4,Low
100696,Kabir,Jain,M,Lucknow,2022-04-19,33,436398.0,739.0,37,1,15,67.5,Low
100697,Rahul,Saxena,F,Lucknow,2021-10-22,39,1006797.0,688.0,41,1,14,67.2,Medium
100698,Sahil,Verma,M,Mumbai,2021-02-08,25,435707.0,669.0,52,1,10,71.5,Medium
100699,Karan,Jain,F,Kolkata,2023-12-27,44,768090.0,704.0,83,1,21,68.4,Medium
100700,Isha,Malhotra,F,Chennai,2021-10-18,34,946209.0,744.0,82,1,12,49.9,Low
100701,Priya,Nair,F,Delhi,2023-06-27,31,890739.0,709.0,49,1,14,72.9,Medium
100702,Kabir,Khan,M,Jaipur,2023-01-08,45,943598.0,698.0,27,1,18,76.8,Medium
100703,Neha,Khan,M,Hyderabad,2022-08-06,30,898904.0,713.0,6,1,18,71.7,Medium
100704,Vivaan,Malhotra,F,Kolkata,2020-01-15,23,1131350.0,677.0,74,1,12,77.4,Medium
100705,Varun,Malhotra,F,Lucknow,2022-09-01,22,640490.0,691.0,66,1,17,75.0,Medium
100706,Priya,Patel,F,Ahmedabad,2022-11-29,41,701061.0,595.0,24,0,6,57.4,High
100707,Neha,Mehta,M,Chennai,2023-01-09,24,680015.0,764.0,38,1,11,70.4,Low
100708,Rahul,Kulkarni,F,Bengaluru,2020-11-02,52,1032642.0,726.0,28,1,16,75.4,Low
100709,Kabir,Malhotra,F,Delhi,2021-12-05,21,1048088.0,667.0,28,1,17,71.2,Medium
100710,Arjun,Gupta,M,Hyderabad,2021-01-31,51,949270.0,814.0,66,1,12,56.1,Low
100711,Kabir,Malhotra,F,Chennai,2021-11-08,38,1110369.0,715.0,61,0,8,88.7,Medium
100712,Sneha,Yadav,M,Mumbai,2022-08-27,35,590831.0,653.0,46,1,18,62.3,Medium
100713,Karan,Patel,M,,2022-05-14,31,1216789.0,757.0,69,0,11,59.1,Low
100714,Kabir,Reddy,F,Hyderabad,2023-05-12,40,1185112.0,732.0,75,0,19,74.5,Low
100715,Aarav,Bose,M,Delhi,2020-07-29,36,1011837.0,732.0,74,1,10,70.2,Low
100716,Sneha,Bose,M,Bengaluru,2021-02-02,46,1241996.0,687.0,43,1,11,81.2,Medium
100717,Anaya,Saxena,M,Ahmedabad,2023-10-28,37,485543.0,735.0,59,0,17,84.5,Low
100718,Aarav,Jain,M,Pune,2023-11-13,37,734621.0,696.0,2,1,11,82.6,Medium
100719,Sahil,Khan,M,Bengaluru,2020-09-14,33,688233.0,741.0,15,1,16,74.0,Low
100720,Rahul,Sharma,F,Jaipur,2020-04-24,35,1008725.0,605.0,37,0,4,80.6,High
100721,Anaya,Gupta,M,Jaipur,2020-11-29,39,618969.0,686.0,71,0,17,55.3,Medium
100722,Varun,Malhotra,M,Chennai,2020-12-14,21,1016649.0,805.0,20,1,14,87.1,Low
100723,Rahul,Sharma,F,Delhi,2020-08-20,24,1151518.0,668.0,35,0,20,69.1,Medium
100724,Karan,Joshi,M,Ahmedabad,2021-03-24,43,1002945.0,677.0,34,1,14,97.6,Medium
100725,Priya,Jain,M,Pune,2023-01-05,38,912425.0,685.0,86,1,8,87.5,Medium
100726,Kabir,Reddy,M,Delhi,2022-04-07,34,632668.0,643.0,31,1,21,71.6,Medium
100727,Pooja,Yadav,M,Jaipur,2021-08-30,36,663693.0,589.0,87,1,19,74.3,High
100728,Diya,Bose,M,Lucknow,2020-04-07,39,1124916.0,697.0,19,1,12,88.2,Medium
100729,Diya,Kulkarni,M,Delhi,2021-07-21,31,1021457.0,717.0,68,0,24,46.9,Medium
100730,Arjun,Saxena,M,Ahmedabad,2021-04-06,29,841416.0,707.0,24,1,10,72.1,Medium
100731,Aarav,Verma,F,Delhi,2021-05-14,38,758060.0,702.0,84,1,16,94.4,Medium
100732,Pooja,Malhotra,M,Ahmedabad,2021-09-22,27,404322.0,712.0,39,0,14,84.1,Medium
100733,Rohan,Khan,F,Bengaluru,2022-11-27,40,614412.0,766.0,92,1,16,63.9,Low
100734,Varun,Das,F,Delhi,2023-10-13,21,1270512.0,700.0,54,0,10,77.8,Medium
100735,Aisha,Saxena,M,Jaipur,2023-06-19,45,568300.0,678.0,39,0,11,62.3,Medium
100736,Rohan,Saxena,F,Chennai,2022-12-10,40,891686.0,695.0,17,1,12,69.9,Medium
100737,Rohan,Gupta,M,Delhi,2023-12-19,38,1071638.0,742.0,19,1,8,78.0,Low
100738,Diya,Iyer,M,Pune,2020-05-06,45,573917.0,788.0,48,1,16,80.1,Low
100739,Aditya,Singh,M,Ahmedabad,2023-01-31,51,890636.0,675.0,35,0,13,82.8,Medium
100740,Neha,Kapoor,F,Ahmedabad,2021-04-21,45,1056341.0,715.0,32,1,18,88.8,Medium
100741,Priya,Singh,M,,2023-06-06,21,852750.0,729.0,47,0,18,59.7,Low
100742,Sneha,Iyer,M,Pune,2021-12-23,24,1481049.0,655.0,47,1,16,74.3,Medium
100743,Rohan,Joshi,M,Kolkata,2021-03-11,30,482908.0,711.0,64,1,14,63.8,Medium
100744,Anaya,Reddy,F,Kolkata,2023-11-09,36,1082920.0,629.0,46,1,15,69.2,High
100745,Rahul,Patel,M,Kolkata,2020-03-25,41,811984.0,613.0,35,1,15,64.9,High
100746,Sneha,Mehta,M,Kolkata,2023-10-14,29,1019822.0,730.0,94,1,11,80.0,Low
100747,Varun,Jain,M,Delhi,2022-02-24,38,947088.0,689.0,17,1,11,86.6,Medium
100748,Aisha,Khan,F,Kolkata,2020-01-27,29,688706.0,721.0,42,1,15,87.3,Low
100749,Aarav,Jain,M,Delhi,2022-05-09,30,900379.0,709.0,29,1,16,60.7,Medium
100750,Rohan,Yadav,M,Lucknow,2020-03-12,23,441262.0,656.0,70,1,19,72.5,Medium
100751,Vivaan,Kulkarni,F,Hyderabad,2023-01-23,28,982714.0,708.0,17,1,15,60.4,Medium
100752,Anaya,Khan,M,,2021-08-10,24,915595.0,642.0,81,1,22,60.0,Medium
100753,Vivaan,Malhotra,F,Delhi,2023-12-20,27,990505.0,787.0,14,0,10,66.1,Low
100754,Vivaan,Malhotra,F,Ahmedabad,2022-10-26,45,1082786.0,635.0,24,0,16,78.1,Medium
100755,Priya,Sharma,F,Pune,2023-01-18,27,930876.0,699.0,57,1,13,80.2,Medium
100756,Neha,Bose,M,Bengaluru,2023-05-30,60,882580.0,653.0,50,1,12,81.9,Medium
100757,Karan,Iyer,M,Pune,2020-05-31,40,656165.0,741.0,57,1,6,81.1,Low
100758,Aditya,Kapoor,M,Delhi,2023-05-20,38,693311.0,692.0,61,1,13,63.8,Medium
100759,Kabir,Singh,F,Kolkata,2021-08-05,28,1111082.0,681.0,39,1,12,88.2,Medium
100760,Varun,Malhotra,F,Pune,2023-07-10,42,1165994.0,757.0,55,1,17,83.6,Low
100761,Meera,Bose,M,Lucknow,2023-11-06,31,797616.0,,96,1,15,69.0,Medium
100762,Priya,Patel,F,Bengaluru,2020-02-26,37,860121.0,738.0,36,0,10,69.5,Low
100763,Pooja,Patel,F,Mumbai,2021-03-01,59,650985.0,656.0,37,1,14,66.1,Medium
100764,Anaya,Jain,M,Ahmedabad,2020-05-21,35,1108007.0,633.0,14,1,13,58.5,Medium
100765,Varun,Mehta,M,Delhi,2021-07-21,46,996392.0,716.0,27,1,14,82.0,Medium
100766,Isha,Sharma,M,Chennai,2022-11-04,30,1277068.0,692.0,83,1,10,83.9,Medium
100767,Kabir,Malhotra,M,Ahmedabad,2022-10-28,36,656769.0,744.0,31,0,5,62.9,Low
100768,Meera,Jain,F,Pune,2023-06-08,52,766838.0,706.0,73,0,15,59.2,Medium
100769,Rahul,Sharma,F,Mumbai,2023-04-24,30,900918.0,721.0,81,1,15,62.8,Low
100770,Aarav,Bose,M,Ahmedabad,2022-12-12,52,992228.0,621.0,83,0,10,75.3,High
100771,Karan,Kulkarni,M,Hyderabad,2020-05-16,42,802553.0,814.0,44,0,10,57.4,Low
100772,Aditya,Gupta,M,Pune,2020-06-22,31,657949.0,701.0,68,1,13,87.5,Medium
100773,Arjun,Gupta,F,Pune,2022-05-09,42,1043910.0,748.0,48,1,11,86.8,Low
100774,Isha,Mehta,F,Delhi,2020-08-06,45,1008650.0,664.0,57,1,8,79.1,Medium
100775,Riya,Joshi,M,Ahmedabad,2023-07-10,42,648420.0,727.0,75,0,15,83.7,Low
100776,Aisha,Mehta,F,Pune,2020-09-11,22,1148197.0,638.0,22,1,17,74.7,Medium
100777,Pooja,Patel,M,Lucknow,2022-03-22,29,1107444.0,735.0,4,1,5,79.6,Low
100778,Priya,Sharma,M,Bengaluru,2020-09-26,34,879545.0,690.0,81,1,12,58.4,Medium
100779,Diya,Bose,F,Bengaluru,2020-08-11,35,867512.0,712.0,72,1,7,90.7,Medium
100780,Varun,Kulkarni,M,Mumbai,2022-06-01,42,971893.0,748.0,46,1,9,68.2,Low
100781,Meera,Nair,M,Bengaluru,2021-08-26,38,660425.0,642.0,59,1,15,72.5,Medium
100782,Rahul,Reddy,M,Chennai,2023-03-03,24,856607.0,672.0,34,1,8,100.0,Medium
100783,Kabir,Mehta,F,Jaipur,2023-04-01,39,376476.0,735.0,11,0,6,71.4,Low
100784,Karan,Mehta,F,Chennai,2021-12-01,41,1042820.0,825.0,31,1,10,82.9,Low
100785,Priya,Verma,F,Chennai,2022-07-08,41,506471.0,702.0,11,0,16,80.2,Medium
100786,Anaya,Singh,F,Jaipur,2020-03-13,46,1180752.0,743.0,56,0,13,58.0,Low
100787,Isha,Mishra,M,Mumbai,2022-06-16,44,777374.0,704.0,38,0,18,62.0,Medium
100788,Pooja,Khan,M,Kolkata,2022-08-04,40,803433.0,817.0,21,1,13,98.4,Low
100789,Vivaan,Yadav,M,Lucknow,2021-06-26,35,711899.0,614.0,94,1,14,80.9,High
100790,Isha,Mehta,F,Jaipur,2021-09-22,21,786631.0,715.0,10,1,5,73.8,Medium
100791,Rahul,Jain,M,Delhi,2022-03-05,40,1162077.0,621.0,26,1,10,67.6,High
100792,Riya,Iyer,F,Ahmedabad,2022-05-27,38,302682.0,572.0,91,1,18,77.8,High
100793,Arjun,Saxena,M,Ahmedabad,2023-07-02,38,1130932.0,726.0,8,1,12,79.0,Low
100794,Priya,Kapoor,M,Ahmedabad,2022-01-26,25,924365.0,718.0,8,0,15,76.7,Medium
100795,Neha,Nair,M,Pune,2021-09-09,26,584455.0,694.0,60,1,14,86.8,Medium
100796,Neha,Mishra,F,Hyderabad,2020-07-16,45,613431.0,704.0,72,1,10,63.6,Medium
100797,Aisha,Iyer,M,Hyderabad,2023-12-21,36,1218806.0,850.0,34,0,14,62.0,Low
100798,Neha,Joshi,M,Ahmedabad,2021-05-07,42,641988.0,696.0,16,1,18,86.5,Medium
100799,Aarav,Kulkarni,M,Lucknow,2020-03-22,36,596263.0,738.0,13,1,20,99.4,Low
100800,Diya,Mishra,M,Ahmedabad,2023-08-24,36,1100209.0,674.0,87,0,18,84.1,Medium
100801,Riya,Sharma,M,Lucknow,2021-01-08,44,924482.0,726.0,76,1,10,89.6,Low
100802,Aarav,Reddy,M,Ahmedabad,2021-05-15,31,643656.0,697.0,91,1,21,73.1,Medium
100803,Arjun,Saxena,M,Kolkata,2020-12-22,37,897657.0,687.0,22,0,14,77.2,Medium
100804,Anaya,Kulkarni,M,Chennai,2023-08-12,32,624334.0,810.0,96,1,12,77.0,Low
100805,Kabir,Yadav,M,Mumbai,2021-08-02,32,1092181.0,775.0,27,0,20,73.3,Low
100806,Sneha,Reddy,M,Delhi,2020-10-26,33,1083502.0,718.0,64,1,11,90.9,Medium
100807,Aditya,Kapoor,F,Kolkata,2021-10-07,38,967041.0,583.0,2,0,16,87.4,High
100808,Sneha,Iyer,M,Kolkata,2023-09-28,32,929565.0,690.0,26,1,11,69.2,Medium
100809,Neha,Jain,M,Lucknow,2020-04-29,47,1237461.0,850.0,92,1,13,54.3,Low
100810,Neha,Malhotra,M,Chennai,2020-07-04,28,849931.0,697.0,83,0,21,73.2,Medium
100811,Sahil,Sharma,M,Pune,2021-08-06,34,589988.0,771.0,69,1,24,60.1,Low
100812,Aditya,Gupta,F,Delhi,2023-03-27,32,948884.0,789.0,84,0,8,74.3,Low
100813,Vivaan,Bose,F,Pune,2023-06-05,49,1308930.0,722.0,30,1,16,61.1,Low
100814,Pooja,Kapoor,F,Lucknow,2020-11-03,38,626753.0,664.0,8,0,16,89.1,Medium
100815,Anaya,Mehta,M,Pune,2020-08-21,45,770478.0,576.0,38,1,10,82.2,High
100816,Karan,Mehta,M,Mumbai,2022-10-31,23,941618.0,748.0,61,1,14,81.9,Low
100817,Rohan,Gupta,M,Lucknow,2020-06-23,38,838141.0,665.0,81,1,13,86.9,Medium
100818,Pooja,Iyer,F,Ahmedabad,2022-02-11,44,633893.0,720.0,65,0,12,78.7,Low
100819,Diya,Sharma,M,Hyderabad,2021-10-04,37,1096809.0,641.0,67,1,11,80.6,Medium
100820,Riya,Gupta,M,Hyderabad,2022-06-29,46,1360409.0,,46,1,12,91.2,Medium
100821,Meera,Sharma,F,Lucknow,2022-10-22,31,893149.0,712.0,90,1,10,72.4,Medium
100822,Sneha,Nair,M,Jaipur,2022-01-30,49,651105.0,725.0,95,1,12,81.3,Low
100823,Diya,Jain,F,Pune,2020-06-30,57,509229.0,649.0,72,1,16,61.4,Medium
100824,Rahul,Mishra,M,Mumbai,2022-07-30,33,906755.0,776.0,43,1,23,75.0,Low
100825,Priya,Das,F,Chennai,2020-12-15,32,1092853.0,677.0,59,1,19,100.0,Medium
100826,Rohan,Iyer,M,Hyderabad,2021-09-30,49,954537.0,618.0,46,0,12,83.8,High
100827,Vivaan,Iyer,F,Lucknow,2023-11-06,50,849471.0,704.0,72,1,15,73.0,Medium
100828,Priya,Singh,M,Kolkata,2023-08-13,31,720360.0,712.0,35,1,12,77.2,Medium
100829,Aarav,Malhotra,M,Pune,2023-05-05,32,609724.0,719.0,39,0,16,73.7,Medium
100830,Kabir,Reddy,M,Bengaluru,2023-08-02,33,1033645.0,785.0,92,1,7,76.8,Low
100831,Aarav,Saxena,F,Delhi,2020-08-12,24,1051030.0,697.0,51,1,11,69.2,Medium
100832,Sneha,Kapoor,F,Delhi,2020-10-12,28,509939.0,703.0,4,1,13,79.9,Medium
100833,Arjun,Patel,M,Hyderabad,2023-09-16,27,1199765.0,649.0,80,0,11,80.4,Medium
100834,Aisha,Das,F,Hyderabad,2023-04-01,29,976296.0,755.0,77,0,9,74.1,Low
100835,Isha,Mishra,F,Kolkata,2020-07-11,36,1157911.0,720.0,84,1,17,75.7,Low
100836,Diya,Sharma,M,Ahmedabad,2023-03-14,38,554732.0,687.0,51,1,8,78.1,Medium
100837,Vivaan,Saxena,M,Hyderabad,2021-11-01,50,549519.0,605.0,5,1,10,67.7,High
100838,Isha,Verma,F,Lucknow,2021-11-22,27,817227.0,789.0,55,1,18,79.8,Low
100839,Pooja,Kapoor,M,Bengaluru,2021-06-21,45,960613.0,642.0,20,1,15,83.4,Medium
100840,Sneha,Sharma,M,Kolkata,2021-09-03,34,1245199.0,677.0,24,1,14,91.6,Medium
100841,Aarav,Yadav,M,Lucknow,2022-06-19,36,1005337.0,730.0,36,1,13,77.8,Low
100842,Vivaan,Bose,M,Hyderabad,2023-07-17,42,796610.0,644.0,34,1,15,67.3,Medium
100843,Isha,Kulkarni,M,Mumbai,2020-02-20,26,624199.0,628.0,54,1,8,72.8,High
100844,Anaya,Verma,M,Delhi,2020-05-07,39,1120600.0,593.0,34,0,14,60.3,High
100845,Varun,Das,M,Lucknow,2022-12-05,37,637765.0,750.0,83,1,15,82.7,Low
100846,Priya,Kapoor,M,Bengaluru,2020-08-21,40,1208263.0,680.0,17,1,12,49.3,Medium
100847,Pooja,Patel,M,Hyderabad,2021-03-23,39,787435.0,850.0,5,1,13,86.3,Low
100848,Aisha,Iyer,M,Lucknow,2021-08-06,58,1199928.0,655.0,89,1,6,87.7,Medium
100849,Anaya,Bose,F,Pune,2021-05-17,30,999365.0,659.0,18,1,12,38.8,Medium
100850,Sahil,Iyer,M,Hyderabad,2021-08-29,31,819861.0,679.0,55,0,23,89.3,Medium
100851,Priya,Iyer,F,Delhi,2022-07-10,30,735733.0,723.0,53,1,12,86.3,Low
100852,Isha,Mishra,M,Pune,2020-10-11,31,775000.0,684.0,50,1,19,70.5,Medium
100853,Karan,Sharma,M,Chennai,2023-03-01,30,944230.0,744.0,72,1,12,59.7,Low
100854,Priya,Nair,M,Delhi,2022-07-24,47,866974.0,656.0,91,1,12,63.9,Medium
100855,Sahil,Patel,F,Jaipur,2021-06-27,49,719361.0,634.0,79,1,5,64.9,Medium
100856,Aarav,Jain,F,Kolkata,2020-12-21,31,813561.0,611.0,45,1,16,89.8,High
100857,Isha,Kulkarni,M,Hyderabad,2022-11-26,29,867287.0,588.0,13,1,13,68.6,High
100858,Meera,Reddy,M,Chennai,2020-05-17,40,381678.0,682.0,16,1,10,84.9,Medium
100859,Priya,Kulkarni,F,Hyderabad,2023-12-16,31,950797.0,693.0,86,1,14,72.5,Medium
100860,Vivaan,Gupta,M,Lucknow,2021-09-03,42,634461.0,675.0,84,1,11,74.7,Medium
100861,Sneha,Bose,F,Ahmedabad,2023-06-19,38,596267.0,778.0,13,1,16,55.1,Low
100862,Karan,Khan,M,Jaipur,2023-06-22,22,478784.0,778.0,20,1,17,60.2,Low
100863,Vivaan,Das,F,Bengaluru,2023-05-17,50,455344.0,692.0,66,0,12,89.5,Medium
100864,Isha,Gupta,M,Chennai,2021-04-01,52,551802.0,611.0,47,1,13,72.1,High
100865,Anaya,Iyer,M,Delhi,2020-04-08,30,694015.0,679.0,19,0,12,77.6,Medium
100866,Karan,Kulkarni,F,Pune,2023-03-06,33,1279717.0,677.0,45,1,15,95.7,Medium
100867,Diya,Singh,M,Lucknow,2023-04-25,39,734306.0,674.0,37,1,14,72.5,Medium
100868,Diya,Kapoor,M,Lucknow,2020-02-05,39,889105.0,672.0,54,1,11,71.8,Medium
100869,Pooja,Verma,M,Bengaluru,2021-09-21,42,,674.0,6,1,15,88.5,Medium
100870,Vivaan,Mishra,M,Jaipur,2021-10-31,54,878834.0,689.0,14,1,17,74.1,Medium
100871,Vivaan,Yadav,M,Ahmedabad,2022-02-25,34,832962.0,675.0,4,1,10,77.8,Medium
100872,Pooja,Nair,F,Ahmedabad,2021-11-11,29,587035.0,721.0,86,0,13,86.0,Low
100873,Anaya,Mehta,F,Bengaluru,2020-02-24,24,1169204.0,730.0,55,1,12,74.0,Low
100874,Aarav,Jain,M,Jaipur,2023-01-12,29,1247583.0,660.0,34,1,10,83.5,Medium
100875,Kabir,Kapoor,F,Kolkata,2022-10-26,36,479815.0,780.0,27,1,10,72.6,Low
100876,Arjun,Malhotra,M,Lucknow,2022-06-09,52,624714.0,656.0,7,1,12,85.8,Medium
100877,Meera,Kapoor,F,Mumbai,2023-10-18,31,788442.0,621.0,3,1,19,79.1,High
100878,Isha,Bose,M,Pune,2022-10-03,38,637802.0,731.0,47,1,10,71.3,Low
100879,Neha,Das,F,Bengaluru,2022-02-06,36,961312.0,665.0,2,0,14,74.9,Medium
100880,Diya,Yadav,F,Jaipur,2022-07-06,47,689780.0,728.0,80,1,16,44.7,Low
100881,Rahul,Kulkarni,F,Kolkata,2021-10-25,59,1326312.0,578.0,25,1,14,88.3,High
100882,Aisha,Gupta,M,Hyderabad,2022-04-09,31,1111921.0,787.0,60,1,12,58.9,Low
100883,Sneha,Bose,M,Pune,2020-06-18,32,896766.0,747.0,79,1,19,61.2,Low
100884,Aditya,Nair,M,Pune,2020-09-05,45,1075937.0,627.0,24,1,18,68.7,High
100885,Sahil,Yadav,M,Ahmedabad,2021-10-23,42,1093298.0,629.0,15,1,10,52.5,High
100886,Vivaan,Gupta,M,Chennai,2020-07-28,53,725932.0,802.0,95,1,13,79.6,Low
100887,Riya,Malhotra,F,Kolkata,2022-06-30,41,670432.0,669.0,14,1,11,78.3,Medium
100888,Diya,Verma,F,Ahmedabad,2022-01-09,33,867191.0,664.0,54,1,18,68.2,Medium
100889,Varun,Kulkarni,M,Lucknow,2023-06-21,41,1039560.0,585.0,78,0,17,65.9,High
100890,Arjun,Nair,M,Pune,2020-05-20,46,880593.0,691.0,6,0,12,65.7,Medium
100891,Aarav,Kulkarni,F,Jaipur,2021-09-23,43,503061.0,697.0,78,1,21,81.4,Medium
100892,Sahil,Singh,F,Delhi,2022-03-15,41,673379.0,749.0,81,1,14,54.9,Low
100893,Priya,Gupta,M,Chennai,2020-06-28,46,833726.0,633.0,18,1,23,69.1,Medium
100894,Arjun,Khan,M,Ahmedabad,2022-07-08,47,833354.0,626.0,20,1,13,55.6,High
100895,Priya,Bose,F,Delhi,2021-09-28,48,1283959.0,735.0,62,1,17,83.2,Low
100896,Varun,Joshi,F,Kolkata,2022-01-23,42,545083.0,765.0,81,1,19,70.0,Low
100897,Riya,Nair,M,Mumbai,2022-09-13,34,961230.0,624.0,80,1,15,80.6,High
100898,Anaya,Khan,F,Delhi,2022-11-06,37,1177605.0,769.0,40,0,10,89.0,Low
100899,Rohan,Sharma,F,Bengaluru,2022-11-05,47,1349719.0,712.0,39,1,15,89.2,Medium
100900,Rahul,Jain,M,Kolkata,2021-01-19,29,761033.0,770.0,52,0,10,61.7,Low
100901,Rohan,Joshi,F,Bengaluru,2023-09-26,39,958114.0,706.0,32,1,18,77.7,Medium
100902,Arjun,Saxena,M,Chennai,2022-06-11,32,975347.0,571.0,73,1,10,87.5,High
100903,Meera,Malhotra,F,,2022-09-13,36,893006.0,702.0,27,0,17,82.4,Medium
100904,Priya,Gupta,M,Delhi,2022-02-07,48,828254.0,768.0,52,1,15,83.5,Low
100905,Meera,Saxena,M,Kolkata,2022-03-02,38,945915.0,661.0,63,0,18,52.6,Medium
100906,Arjun,Jain,F,Kolkata,2020-02-15,36,292906.0,689.0,74,1,13,82.2,Medium
100907,Riya,Malhotra,F,Ahmedabad,2021-05-18,24,1000055.0,700.0,63,1,15,64.5,Medium
100908,Varun,Yadav,F,Ahmedabad,2023-03-12,43,877759.0,551.0,17,0,12,82.0,High
100909,Arjun,Sharma,M,Kolkata,2023-08-01,42,801056.0,802.0,49,1,16,81.7,Low
100910,Aisha,Reddy,M,Mumbai,2023-10-10,55,1300310.0,660.0,81,1,8,81.1,Medium
100911,Aditya,Singh,F,Chennai,2022-04-09,33,701515.0,738.0,82,1,16,72.7,Low
100912,Meera,Iyer,F,Hyderabad,2021-06-08,38,761323.0,705.0,23,1,13,89.8,Medium
100913,Riya,Das,F,Chennai,2022-09-05,38,1288142.0,779.0,72,1,10,80.1,Low
100914,Aditya,Joshi,M,Chennai,2021-07-10,50,666947.0,732.0,13,1,13,77.9,Low
100915,Riya,Gupta,M,Ahmedabad,2020-02-16,35,728975.0,697.0,23,1,13,62.8,Medium
100916,Karan,Das,M,Bengaluru,2021-06-11,39,817654.0,661.0,57,1,8,78.8,Medium
100917,Vivaan,Sharma,F,Ahmedabad,2020-04-16,41,1034962.0,754.0,62,1,16,97.7,Low
100918,Vivaan,Verma,F,Delhi,2022-10-23,38,895717.0,607.0,54,1,16,57.3,High
100919,Meera,Nair,M,Lucknow,2021-09-07,32,565622.0,746.0,20,1,6,82.8,Low
100920,Rohan,Malhotra,M,Hyderabad,2022-08-23,38,732923.0,650.0,86,1,21,84.3,Medium
100921,Diya,Mishra,M,Lucknow,2023-01-23,46,716382.0,779.0,52,1,18,94.7,Low
100922,Priya,Singh,F,Bengaluru,2023-03-02,27,833011.0,719.0,23,1,15,82.7,Medium
100923,Sneha,Verma,M,,2022-05-09,37,943686.0,745.0,35,1,17,74.1,Low
100924,Karan,Saxena,F,Hyderabad,2020-07-19,30,942005.0,715.0,67,0,14,79.1,Medium
100925,Arjun,Kulkarni,M,Pune,2020-09-10,47,459277.0,,34,1,21,70.8,High
100926,Sahil,Yadav,M,Jaipur,2020-07-01,22,1084067.0,663.0,33,1,11,88.6,Medium
100927,Riya,Kulkarni,M,Jaipur,2023-03-19,31,905565.0,747.0,46,1,11,55.4,Low
100928,Varun,Kapoor,F,Bengaluru,2022-09-07,39,1154597.0,719.0,81,0,19,68.1,Medium
100929,Rahul,Jain,M,Hyderabad,2021-05-04,50,947724.0,775.0,45,0,11,79.4,Low
100930,Aarav,Nair,F,Hyderabad,2021-05-19,35,1092291.0,732.0,19,1,8,88.1,Low
100931,Aarav,Gupta,F,Hyderabad,2021-02-16,31,952640.0,657.0,94,1,13,73.8,Medium
100932,Priya,Gupta,M,Kolkata,2021-02-07,53,1146170.0,666.0,87,1,12,64.6,Medium
100933,Rahul,Nair,M,Kolkata,2020-08-23,23,964895.0,716.0,15,1,11,71.5,Medium
100934,Anaya,Joshi,F,Lucknow,2022-05-08,21,828459.0,583.0,78,1,12,69.6,High
100935,Vivaan,Iyer,M,Kolkata,2022-08-23,40,,802.0,66,1,19,70.1,Low
100936,Aisha,Kulkarni,M,Pune,2021-09-24,31,1045588.0,734.0,39,1,19,68.8,Low
100937,Meera,Kulkarni,F,Kolkata,2023-12-28,27,976224.0,777.0,18,1,16,68.8,Low
100938,Rohan,Saxena,F,Ahmedabad,2020-07-26,42,569213.0,623.0,70,1,15,53.4,High
100939,Vivaan,Verma,F,Kolkata,2020-05-19,38,566572.0,778.0,59,1,8,77.6,Low
100940,Neha,Jain,M,Bengaluru,2021-08-10,31,914397.0,833.0,32,1,14,82.1,Low
100941,Aisha,Malhotra,F,Chennai,2021-08-09,24,882015.0,637.0,21,0,13,92.0,Medium
100942,Isha,Kapoor,M,Lucknow,2023-08-23,44,714893.0,752.0,40,1,17,84.3,Low
100943,Rahul,Joshi,M,Delhi,2022-07-05,42,881016.0,710.0,92,1,14,83.7,Medium
100944,Aarav,Nair,M,Bengaluru,2022-08-24,35,1199498.0,625.0,27,1,12,77.6,High
100945,Aditya,Iyer,M,Pune,2021-07-23,53,1002989.0,737.0,2,1,15,52.8,Low
100946,Pooja,Reddy,F,Jaipur,2023-01-26,26,598978.0,756.0,80,0,13,77.4,Low
100947,Sneha,Singh,F,Ahmedabad,2020-05-04,22,825468.0,677.0,39,1,19,75.3,Medium
100948,Arjun,Singh,F,Bengaluru,2023-10-04,30,672907.0,774.0,86,1,14,86.4,Low
100949,Karan,Mehta,F,Delhi,2020-05-13,36,764706.0,618.0,56,1,17,80.8,High
100950,Rohan,Jain,M,Delhi,2022-09-22,38,759005.0,628.0,13,1,16,72.4,High
100951,Neha,Khan,M,Hyderabad,2023-06-03,34,744918.0,718.0,56,1,9,97.5,Medium
100952,Vivaan,Yadav,F,Delhi,2021-10-11,39,573870.0,711.0,66,1,17,84.2,Medium
100953,Aisha,Iyer,M,Lucknow,2021-12-06,25,821916.0,671.0,78,1,10,78.1,Medium
100954,Rohan,Kulkarni,M,Hyderabad,2021-07-21,49,726666.0,755.0,56,0,11,79.5,Low
100955,Aarav,Gupta,M,Kolkata,2020-12-04,35,250000.0,739.0,28,0,13,74.7,Low
100956,Anaya,Nair,M,Ahmedabad,2022-04-18,46,1301654.0,757.0,64,0,19,74.2,Low
100957,Anaya,Gupta,M,Delhi,2020-11-17,39,1089529.0,703.0,71,1,13,48.0,Medium
100958,Meera,Yadav,M,Lucknow,2023-01-15,40,767214.0,743.0,82,0,11,63.0,Low
100959,Sneha,Saxena,M,Delhi,2020-04-04,41,854140.0,685.0,64,0,21,67.5,Medium
100960,Sahil,Yadav,M,Jaipur,2020-07-14,40,592236.0,823.0,56,0,10,79.4,Low
100961,Anaya,Reddy,M,Jaipur,2020-07-10,42,1223059.0,665.0,41,1,14,54.2,Medium
100962,Neha,Nair,M,Lucknow,2021-10-17,48,1267404.0,826.0,41,1,9,67.7,Low
100963,Vivaan,Kapoor,F,Lucknow,2021-06-05,38,884473.0,712.0,4,0,16,66.2,Medium
100964,Meera,Mishra,F,Hyderabad,2022-01-22,42,1075177.0,634.0,57,1,13,75.4,Medium
100965,Karan,Yadav,F,Chennai,2022-09-14,35,888563.0,785.0,30,1,19,79.4,Low
100966,Riya,Malhotra,F,Lucknow,2022-10-02,49,555920.0,717.0,88,0,9,66.3,Medium
100967,Sahil,Verma,F,Ahmedabad,2020-01-13,30,759399.0,757.0,84,1,17,67.1,Low
100968,Kabir,Nair,M,Lucknow,2020-09-10,52,879024.0,777.0,46,1,13,65.8,Low
100969,Karan,Singh,M,Jaipur,2020-03-21,36,750000.0,729.0,56,1,12,69.3,Low
100970,Sahil,Malhotra,F,Delhi,2021-01-07,23,801896.0,677.0,31,0,15,73.4,Medium
100971,Priya,Saxena,F,Bengaluru,2021-01-28,37,829892.0,764.0,88,1,13,89.8,Low
100972,Isha,Verma,M,Ahmedabad,2021-02-21,30,832207.0,710.0,7,1,9,61.9,Medium
100973,Aditya,Jain,F,Bengaluru,2022-12-18,44,861497.0,748.0,90,0,16,95.0,Low
100974,Sahil,Nair,M,Mumbai,2020-05-07,30,616667.0,592.0,77,1,18,59.2,High
100975,Neha,Jain,M,Jaipur,2022-03-27,32,692256.0,735.0,54,1,13,85.5,Low
100976,Pooja,Saxena,M,,2022-02-12,21,567391.0,675.0,8,1,16,68.3,Medium
100977,Sahil,Verma,M,Lucknow,2023-09-18,32,1065119.0,801.0,55,1,14,63.1,Low
100978,Anaya,Joshi,M,Jaipur,2022-06-10,21,386758.0,,69,1,15,89.8,Low
100979,Aditya,Khan,F,Bengaluru,2020-10-08,22,1103790.0,723.0,44,1,15,75.0,Low
100980,Arjun,Verma,M,Delhi,2020-07-25,43,1154997.0,737.0,13,1,16,74.5,Low
100981,Aditya,Verma,M,Chennai,2023-07-19,43,783520.0,655.0,93,1,16,70.7,Medium
100982,Priya,Das,M,Jaipur,2023-08-25,40,277310.0,799.0,20,1,11,67.0,Low
100983,Aditya,Verma,F,Chennai,2021-02-06,27,770512.0,820.0,78,1,15,71.9,Low
100984,Arjun,Reddy,F,Hyderabad,2023-04-13,36,835879.0,732.0,32,1,13,35.3,Low
100985,Rahul,Patel,M,Kolkata,2020-08-05,36,627668.0,797.0,60,1,11,51.8,Low
100986,Anaya,Reddy,M,Chennai,2020-11-21,26,736652.0,679.0,50,1,16,78.7,Medium
100987,Aditya,Mishra,M,Mumbai,2022-01-25,50,1186643.0,666.0,27,1,19,88.2,Medium
100988,Pooja,Gupta,F,Delhi,2023-06-30,44,996284.0,712.0,25,1,19,90.4,Medium
100989,Meera,Saxena,M,Lucknow,2023-04-27,34,646596.0,734.0,52,1,15,62.5,Low
100990,Aisha,Joshi,M,Lucknow,2022-10-08,36,498528.0,688.0,68,1,19,76.3,Medium
100991,Neha,Kapoor,M,Bengaluru,2020-05-09,38,778056.0,740.0,21,1,12,47.7,Low
100992,Kabir,Joshi,M,Ahmedabad,2020-01-03,21,803040.0,727.0,18,1,14,69.8,Low
100993,Vivaan,Jain,F,Ahmedabad,2023-10-06,34,959164.0,655.0,39,1,10,83.9,Medium
100994,Vivaan,Yadav,M,Mumbai,2021-07-08,30,732230.0,739.0,15,1,18,73.8,Low
100995,Sneha,Mehta,M,Jaipur,2023-03-02,27,962530.0,757.0,53,1,10,70.0,Low
100996,Kabir,Patel,F,Hyderabad,2020-09-22,33,1275734.0,719.0,38,1,11,73.8,Medium
100997,Arjun,Joshi,F,Mumbai,2022-07-11,52,1029410.0,773.0,48,1,16,89.4,Low
100998,Meera,Joshi,M,Hyderabad,2020-01-24,42,839421.0,643.0,52,0,14,71.1,Medium
100999,Riya,Nair,F,Hyderabad,2021-06-17,31,809707.0,736.0,88,1,8,74.9,Low
101000,Kabir,Sharma,F,Jaipur,2020-01-03,41,771532.0,646.0,72,0,18,92.2,Medium
101001,Pooja,Kulkarni,M,Ahmedabad,2022-05-29,49,1109741.0,649.0,28,0,9,71.3,Medium
101002,Neha,Singh,M,Pune,2021-03-02,44,711991.0,675.0,85,1,10,54.4,Medium
101003,Anaya,Malhotra,M,Kolkata,2020-01-04,37,859949.0,658.0,16,1,17,90.4,Medium
101004,Neha,Gupta,M,Pune,2022-03-18,30,861264.0,680.0,16,1,8,86.2,Medium
101005,Aisha,Malhotra,M,,2022-02-22,42,739607.0,698.0,35,1,17,47.4,Medium
101006,Diya,Jain,F,Lucknow,2021-05-17,40,548058.0,756.0,17,0,11,72.4,Low
101007,Sahil,Mehta,F,Chennai,2020-08-19,44,921054.0,692.0,73,1,18,73.7,Medium
101008,Aditya,Yadav,M,Lucknow,2022-05-22,42,836579.0,623.0,52,1,10,90.4,High
101009,Arjun,Sharma,M,Bengaluru,2022-01-19,45,960053.0,773.0,93,0,17,73.8,Low
101010,Arjun,Nair,M,Hyderabad,2020-03-12,31,732608.0,664.0,82,1,18,76.0,Medium
101011,Sahil,Kulkarni,F,Hyderabad,2020-03-28,48,1118581.0,707.0,12,1,19,76.4,Medium
101012,Pooja,Patel,F,Ahmedabad,2021-06-11,38,,735.0,83,1,8,68.4,Low
101013,Priya,Yadav,M,Pune,2022-06-04,55,1226649.0,721.0,48,1,16,89.6,Low
101014,Sneha,Mehta,F,Lucknow,2021-08-25,30,465520.0,770.0,22,1,16,64.5,Low
101015,Karan,Jain,M,Jaipur,2021-03-25,52,945649.0,736.0,49,1,10,68.2,Low
101016,Vivaan,Mehta,F,Hyderabad,2021-03-14,38,954595.0,,52,1,11,73.9,Medium
101017,Anaya,Mehta,M,Jaipur,2023-12-29,30,674977.0,830.0,79,0,11,57.9,Low
101018,Aarav,Joshi,M,Delhi,2023-01-12,32,943367.0,721.0,1,1,15,95.2,Low
101019,Varun,Iyer,M,Lucknow,2023-09-24,33,1131494.0,702.0,66,0,18,74.0,Medium
101020,Vivaan,Mishra,F,Kolkata,2020-05-05,40,362300.0,763.0,64,1,14,83.9,Low
101021,Pooja,Patel,F,Ahmedabad,2021-07-16,41,960604.0,724.0,8,1,14,62.5,Low
101022,Pooja,Saxena,F,Kolkata,2022-11-07,31,301480.0,732.0,86,1,14,82.5,Low
101023,Diya,Kapoor,M,Jaipur,2022-04-28,36,637554.0,847.0,25,0,15,83.6,Low
101024,Isha,Iyer,M,Kolkata,2022-05-14,55,1208417.0,695.0,66,1,10,85.3,Medium
101025,Aarav,Sharma,M,Delhi,2022-07-12,52,722008.0,693.0,73,0,21,96.9,Medium
101026,Meera,Singh,F,Kolkata,2020-12-10,40,591746.0,716.0,73,1,15,67.3,Medium
101027,Aditya,Jain,F,Kolkata,2021-04-12,36,806454.0,769.0,77,1,11,71.8,Low
101028,Aditya,Saxena,F,Hyderabad,2022-09-07,37,1304939.0,627.0,70,1,11,63.9,High
101029,Karan,Nair,F,Hyderabad,2020-05-20,42,447030.0,602.0,94,0,8,72.8,High
101030,Neha,Mishra,F,Bengaluru,2022-10-26,27,618712.0,678.0,79,1,16,82.0,Medium
101031,Rahul,Singh,F,Lucknow,2021-10-30,34,1179435.0,620.0,51,1,11,81.3,High
101032,Rahul,Kulkarni,M,Hyderabad,2021-09-22,21,1258695.0,687.0,53,1,14,93.7,Medium
101033,Aarav,Gupta,F,Ahmedabad,2022-12-24,40,827245.0,738.0,15,1,9,79.9,Low
101034,Varun,Malhotra,F,Chennai,2022-12-15,42,577408.0,661.0,50,0,11,74.0,Medium
101035,Riya,Jain,M,Pune,2022-03-08,32,1311086.0,632.0,71,1,9,60.9,Medium
101036,Priya,Kapoor,F,Pune,2023-01-24,50,1200777.0,714.0,75,1,10,84.4,Medium
101037,Vivaan,Singh,M,Pune,2022-08-12,25,999368.0,757.0,38,1,11,72.1,Low
101038,Varun,Kulkarni,M,Hyderabad,2020-08-02,23,671271.0,617.0,40,1,14,84.7,High
101039,Sneha,Malhotra,F,Delhi,2022-01-12,38,839214.0,755.0,66,0,9,68.9,Low
101040,Pooja,Singh,M,Bengaluru,2020-02-27,45,814721.0,755.0,39,1,13,88.4,Low
101041,Neha,Iyer,M,Mumbai,2022-06-24,51,922787.0,762.0,74,0,11,78.6,Low
101042,Arjun,Yadav,F,Hyderabad,2021-02-08,32,1169220.0,777.0,17,1,7,85.9,Low
101043,Aisha,Kulkarni,M,Jaipur,2023-04-22,46,1043472.0,831.0,7,1,14,78.6,Low
101044,Isha,Jain,M,Hyderabad,2023-07-29,36,612977.0,690.0,39,1,9,62.9,Medium
101045,Pooja,Mishra,F,Delhi,2021-12-21,34,1152829.0,716.0,68,1,18,69.6,Medium
101046,Rohan,Bose,M,Pune,2023-04-01,44,918889.0,687.0,35,0,17,58.6,Medium
101047,Arjun,Singh,M,Delhi,2023-01-17,42,1001154.0,710.0,51,0,14,76.2,Medium
101048,Aisha,Jain,M,Hyderabad,2022-02-21,22,1172639.0,794.0,47,0,10,56.4,Low
101049,Aisha,Yadav,M,Hyderabad,2020-04-06,49,605452.0,636.0,36,0,9,77.5,Medium
101050,Vivaan,Iyer,M,Ahmedabad,2021-08-09,48,842118.0,663.0,64,1,13,30.6,Medium
101051,Karan,Patel,F,Chennai,2023-01-16,30,733080.0,786.0,95,0,9,83.7,Low
101052,Priya,Saxena,M,Chennai,2021-06-01,40,505071.0,766.0,89,1,8,60.8,Low
101053,Rohan,Joshi,M,Ahmedabad,2021-10-29,40,926276.0,690.0,13,1,19,62.6,Medium
101054,Varun,Yadav,F,Kolkata,2022-12-22,38,1402542.0,757.0,18,1,19,90.5,Low
101055,Arjun,Verma,F,Ahmedabad,2021-06-24,31,445183.0,729.0,21,1,13,77.8,Low
101056,Isha,Kulkarni,M,Chennai,2022-03-26,30,842898.0,793.0,65,1,12,84.2,Low
101057,Isha,Khan,M,Chennai,2020-07-09,36,990919.0,714.0,8,1,19,61.9,Medium
101058,Aditya,Mishra,F,Ahmedabad,2022-07-05,47,877077.0,766.0,48,1,16,85.5,Low
101059,Priya,Joshi,F,Chennai,2021-12-16,41,825112.0,850.0,85,1,11,72.4,Low
101060,Meera,Jain,F,Hyderabad,2023-07-25,33,564172.0,743.0,43,1,13,75.4,Low
101061,Varun,Iyer,M,Ahmedabad,2021-06-22,43,901213.0,713.0,53,1,12,91.9,Medium
101062,Anaya,Patel,M,Chennai,2020-03-25,21,683512.0,750.0,85,1,19,60.0,Low
101063,Karan,Iyer,M,Mumbai,2023-09-20,46,368217.0,690.0,27,0,7,85.0,Medium
101064,Meera,Gupta,F,Ahmedabad,2021-03-16,21,1112810.0,841.0,19,1,12,78.6,Low
101065,Priya,Patel,F,Hyderabad,2022-02-28,33,1060845.0,720.0,23,1,22,71.4,Low
101066,Kabir,Mehta,M,Kolkata,2023-04-10,26,861365.0,695.0,50,1,14,60.9,Medium
101067,Pooja,Mehta,M,Hyderabad,2020-12-04,24,900396.0,664.0,51,1,8,71.3,Medium
101068,Aditya,Reddy,F,Pune,2023-06-06,46,1086350.0,770.0,43,1,20,64.2,Low
101069,Pooja,Reddy,M,Pune,2023-04-17,32,899355.0,758.0,51,1,16,88.2,Low
101070,Aarav,Iyer,M,Kolkata,2023-06-24,39,1048884.0,683.0,69,0,18,75.1,Medium
101071,Diya,Kapoor,F,Bengaluru,2022-09-30,36,784554.0,742.0,41,1,21,65.9,Low
101072,Meera,Jain,M,Jaipur,2021-11-04,40,1138636.0,627.0,72,1,16,56.7,High
101073,Anaya,Kulkarni,M,Delhi,2021-12-30,37,920573.0,720.0,11,0,9,68.4,Low
101074,Sahil,Iyer,M,Pune,2020-11-12,24,892691.0,735.0,80,1,18,88.8,Low
101075,Arjun,Malhotra,F,Delhi,2023-08-02,45,570587.0,804.0,88,1,18,75.3,Low
101076,Pooja,Nair,M,Delhi,2020-03-16,32,913130.0,668.0,85,0,13,71.8,Medium
101077,Aisha,Malhotra,F,Jaipur,2022-08-31,22,666970.0,640.0,52,1,11,94.4,Medium
101078,Priya,Saxena,M,Pune,2022-09-25,32,709578.0,661.0,23,1,9,69.0,Medium
101079,Isha,Yadav,F,Kolkata,2020-07-22,50,670617.0,636.0,49,1,19,64.3,Medium
101080,Arjun,Patel,M,Bengaluru,2021-02-27,44,615428.0,784.0,38,1,13,78.8,Low
101081,Meera,Joshi,M,Delhi,2020-07-11,33,1317450.0,795.0,47,1,5,79.0,Low
101082,Aisha,Yadav,F,Mumbai,2023-08-09,33,1142895.0,728.0,72,0,9,67.0,Low
101083,Sneha,Gupta,M,Chennai,2022-06-15,33,1272481.0,777.0,7,1,10,64.4,Low
101084,Vivaan,Joshi,F,Pune,2022-02-19,55,580963.0,717.0,66,1,15,91.4,Medium
101085,Arjun,Saxena,M,Kolkata,2023-12-07,39,865676.0,705.0,94,0,20,68.8,Medium
101086,Aisha,Gupta,M,Lucknow,2020-10-27,40,565428.0,692.0,77,1,10,56.6,Medium
101087,Vivaan,Patel,F,,2020-09-16,45,696947.0,693.0,62,0,17,76.3,Medium
101088,Meera,Reddy,F,Kolkata,2023-04-30,38,648012.0,625.0,87,1,19,84.7,High
101089,Aisha,Kapoor,M,Ahmedabad,2023-07-18,34,1122708.0,725.0,29,1,11,71.7,Low
101090,Rohan,Das,F,Bengaluru,2022-09-30,34,762829.0,708.0,38,0,10,80.4,Medium
101091,Kabir,Mehta,M,Hyderabad,2021-09-07,35,1085043.0,751.0,84,1,20,61.4,Low
101092,Kabir,Verma,M,,2021-03-07,36,982907.0,715.0,33,1,13,81.5,Medium
101093,Meera,Patel,M,Chennai,2021-12-16,43,1356801.0,701.0,29,1,16,62.5,Medium
101094,Vivaan,Das,M,Hyderabad,2021-11-26,36,524522.0,662.0,79,1,13,77.7,Medium
101095,Anaya,Malhotra,M,Bengaluru,2023-05-25,43,1127031.0,714.0,23,0,12,83.2,Medium
101096,Pooja,Saxena,F,Ahmedabad,2023-01-19,35,1102217.0,751.0,3,1,21,75.2,Low
101097,Aditya,Das,M,,2020-07-16,37,635857.0,647.0,93,1,14,59.2,Medium
101098,Aisha,Iyer,M,Delhi,2022-09-09,21,1071569.0,715.0,45,1,14,59.7,Medium
101099,Rahul,Gupta,F,Lucknow,2023-11-23,44,923952.0,723.0,8,1,10,93.1,Low
101100,Vivaan,Gupta,M,Kolkata,2020-02-08,39,799955.0,671.0,86,1,12,64.8,Medium
101101,Kabir,Kapoor,M,,2021-12-09,45,668734.0,678.0,29,1,10,83.2,Medium
101102,Riya,Bose,M,Ahmedabad,2021-04-15,21,691796.0,723.0,2,1,18,75.4,Low
101103,Anaya,Sharma,M,Delhi,2020-03-19,55,1300959.0,648.0,50,1,13,62.0,Medium
101104,Isha,Das,M,Ahmedabad,2021-12-29,35,850150.0,729.0,65,1,11,67.6,Low
101105,Kabir,Nair,M,Mumbai,2023-01-22,46,1022069.0,661.0,20,0,8,94.4,Medium
101106,Pooja,Verma,M,Jaipur,2021-11-14,27,676002.0,768.0,52,1,15,100.0,Low
101107,Karan,Jain,F,Chennai,2020-02-12,42,678432.0,839.0,85,1,12,70.2,Low
101108,Riya,Gupta,F,Delhi,2020-05-11,27,1088037.0,663.0,37,1,13,69.4,Medium
101109,Isha,Yadav,F,Jaipur,2020-03-17,30,553093.0,739.0,72,1,14,54.3,Low
101110,Aisha,Kapoor,M,Bengaluru,2023-06-09,53,758653.0,670.0,27,0,17,54.2,Medium
101111,Pooja,Mishra,M,,2020-02-08,34,857486.0,767.0,47,1,8,63.7,Low
101112,Aditya,Malhotra,F,Pune,2020-05-30,38,874502.0,640.0,6,1,14,68.7,Medium
101113,Rahul,Mishra,M,Jaipur,2022-09-02,44,810599.0,736.0,60,1,20,73.7,Low
101114,Anaya,Verma,M,Bengaluru,2023-12-13,40,937080.0,662.0,45,1,15,82.3,Medium
101115,Sahil,Reddy,F,Pune,2023-04-24,37,1002428.0,699.0,44,1,20,76.7,Medium
101116,Sneha,Mehta,M,Bengaluru,2020-11-13,39,1011620.0,653.0,83,1,17,82.5,Medium
101117,Kabir,Patel,F,Chennai,2023-12-26,58,633123.0,755.0,18,1,11,66.6,Low
101118,Karan,Reddy,M,Pune,2023-03-04,35,787486.0,664.0,65,1,10,73.2,Medium
101119,Rohan,Malhotra,F,Bengaluru,2023-07-16,38,1112848.0,740.0,25,1,12,69.6,Low
101120,Neha,Mehta,F,Mumbai,2021-03-12,45,1046822.0,691.0,27,1,8,58.8,Medium
101121,Sahil,Sharma,M,Delhi,2021-09-18,46,547971.0,704.0,7,1,11,50.3,Medium
101122,Riya,Mishra,M,Bengaluru,2021-07-04,47,927326.0,718.0,44,1,17,66.0,Medium
101123,Aisha,Kulkarni,F,Lucknow,2020-12-05,42,414790.0,668.0,29,1,13,44.2,Medium
101124,Isha,Joshi,F,Lucknow,2023-06-19,26,860326.0,722.0,95,1,9,60.4,Low
101125,Sneha,Yadav,M,Pune,2023-05-29,51,1267509.0,794.0,44,1,9,80.5,Low
101126,Pooja,Joshi,M,Pune,2021-10-19,26,641464.0,667.0,36,0,7,76.2,Medium
101127,Priya,Gupta,M,Bengaluru,2022-07-06,39,666449.0,774.0,19,1,12,74.3,Low
101128,Varun,Reddy,M,Hyderabad,2020-12-26,29,1018087.0,792.0,6,1,13,88.2,Low
101129,Vivaan,Khan,F,Lucknow,2022-09-22,35,510584.0,665.0,25,0,15,65.3,Medium
101130,Isha,Kulkarni,M,Mumbai,2022-02-09,39,710794.0,630.0,31,0,18,82.2,Medium
101131,Meera,Joshi,M,Hyderabad,2020-07-08,39,981217.0,727.0,9,1,18,64.3,Low
101132,Aisha,Bose,M,Chennai,2021-02-16,40,710457.0,680.0,84,1,24,77.3,Medium
101133,Riya,Kapoor,F,Jaipur,2020-11-24,51,798087.0,813.0,74,1,14,75.8,Low
101134,Diya,Nair,F,Mumbai,2023-05-30,40,1013721.0,712.0,37,1,12,76.5,Medium
101135,Sneha,Das,F,Bengaluru,2020-04-01,34,942740.0,666.0,27,1,10,69.4,Medium
101136,Aisha,Mehta,F,Mumbai,2021-03-15,45,908700.0,647.0,13,1,10,77.8,Medium
101137,Meera,Gupta,F,Chennai,2023-02-03,47,775393.0,770.0,41,1,21,78.8,Low
101138,Aditya,Reddy,F,Bengaluru,2020-09-01,25,931413.0,679.0,66,1,15,56.8,Medium
101139,Sneha,Verma,M,Chennai,2023-08-21,41,822779.0,712.0,85,1,9,84.2,Medium
101140,Vivaan,Yadav,M,Delhi,2022-06-27,42,950717.0,763.0,24,1,15,59.2,Low
101141,Sneha,Nair,F,Lucknow,2022-04-12,33,740675.0,683.0,44,1,10,63.5,Medium
101142,Aarav,Khan,M,Mumbai,2020-04-06,48,809835.0,707.0,60,1,13,76.9,Medium
101143,Diya,Khan,F,Bengaluru,2022-07-26,35,632209.0,709.0,9,1,11,81.2,Medium
101144,Arjun,Kulkarni,M,Hyderabad,2022-08-11,37,842298.0,748.0,2,1,13,76.6,Low
101145,Sneha,Das,F,Mumbai,2023-07-13,34,671580.0,742.0,56,1,17,77.9,Low
101146,Rohan,Khan,M,Jaipur,2021-07-28,36,604910.0,698.0,30,1,17,60.4,Medium
101147,Aarav,Khan,M,Mumbai,2020-04-12,26,906905.0,714.0,22,1,12,67.7,Medium
101148,Rahul,Gupta,F,Mumbai,2023-07-01,23,896803.0,690.0,75,1,12,49.4,Medium
101149,Rahul,Joshi,M,Bengaluru,2022-04-08,50,1022232.0,629.0,81,1,11,63.0,High
101150,Diya,Sharma,F,Mumbai,2021-05-27,28,755152.0,724.0,13,1,15,57.9,Low
101151,Meera,Kulkarni,F,Kolkata,2021-10-27,27,939772.0,814.0,71,0,14,74.2,Low
101152,Aarav,Saxena,F,Jaipur,2023-07-08,21,971175.0,661.0,16,1,12,100.0,Medium
101153,Rohan,Mehta,F,Lucknow,2020-02-04,30,947850.0,667.0,45,1,12,83.1,Medium
101154,Rahul,Das,M,Chennai,2023-11-05,24,668356.0,662.0,65,1,12,47.1,Medium
101155,Diya,Malhotra,F,Pune,2021-01-31,51,882860.0,750.0,11,1,17,55.8,Low
101156,Riya,Iyer,M,Ahmedabad,2020-01-27,45,930111.0,735.0,70,1,9,58.4,Low
101157,Rohan,Jain,M,Ahmedabad,2020-11-01,30,851579.0,701.0,20,1,11,52.9,Medium
101158,Varun,Khan,F,Bengaluru,2021-11-29,56,390975.0,660.0,63,1,13,70.6,Medium
101159,Aditya,Saxena,F,Delhi,2021-08-03,45,885308.0,715.0,90,1,14,76.7,Medium
101160,Arjun,Das,M,Jaipur,2020-06-13,33,1336757.0,624.0,12,1,12,58.5,High
101161,Arjun,Verma,M,Mumbai,2023-07-05,21,770791.0,718.0,62,1,15,71.3,Medium
101162,Arjun,Reddy,F,Kolkata,2020-04-11,57,689823.0,758.0,94,1,16,76.6,Low
101163,Varun,Nair,M,Lucknow,2021-03-30,23,932137.0,641.0,92,0,14,82.4,Medium
101164,Sahil,Malhotra,F,Jaipur,2020-07-11,21,918723.0,626.0,91,1,15,75.9,High
101165,Priya,Singh,F,Lucknow,2022-07-04,45,1112402.0,797.0,42,1,11,78.0,Low
101166,Riya,Mehta,M,Lucknow,2022-06-16,58,573269.0,676.0,83,1,9,73.6,Medium
101167,Neha,Singh,M,Chennai,2022-03-20,48,1010904.0,772.0,69,1,19,61.8,Low
101168,Meera,Sharma,M,Bengaluru,2020-10-25,41,979893.0,702.0,58,1,10,64.5,Medium
101169,Rohan,Mishra,F,Hyderabad,2020-01-21,41,818728.0,701.0,5,1,15,58.1,Medium
101170,Diya,Khan,F,Mumbai,2020-02-14,44,924511.0,734.0,27,1,8,92.0,Low
101171,Varun,Gupta,F,Lucknow,2021-05-10,43,1076481.0,661.0,28,1,7,56.4,Medium
101172,Aarav,Iyer,M,Ahmedabad,2021-11-13,39,1041909.0,717.0,26,1,14,85.4,Medium
101173,Rahul,Joshi,F,Delhi,2020-08-10,37,598536.0,689.0,91,1,19,56.5,Medium
101174,Sahil,Kapoor,M,Pune,2020-10-25,35,1030435.0,,49,1,12,83.2,Medium
101175,Neha,Patel,F,Jaipur,2022-11-13,29,835769.0,729.0,21,0,19,85.7,Low
101176,Pooja,Reddy,M,,2023-09-23,33,866032.0,696.0,1,1,15,87.8,Medium
101177,Riya,Gupta,F,,2023-01-12,21,866103.0,701.0,92,1,11,61.5,Medium
101178,Neha,Verma,F,Mumbai,2022-12-19,35,816947.0,643.0,58,1,12,76.0,Medium
101179,Kabir,Khan,M,,2020-10-14,27,1112176.0,798.0,79,1,12,66.8,Low
101180,Neha,Iyer,F,Hyderabad,2021-05-31,26,831582.0,758.0,55,0,13,63.4,Low
101181,Aditya,Gupta,M,Chennai,2022-06-16,38,603700.0,763.0,81,1,25,74.5,Low
101182,Aisha,Kapoor,M,Ahmedabad,2020-06-02,49,763423.0,693.0,26,1,15,83.8,Medium
101183,Aditya,Jain,M,Hyderabad,2020-10-07,44,889313.0,615.0,84,1,7,66.9,High
101184,Rahul,Bose,F,Bengaluru,2021-03-09,22,1120427.0,817.0,25,1,18,78.0,Low
101185,Aisha,Verma,F,Hyderabad,2020-12-07,27,982681.0,707.0,77,1,7,63.1,Medium
101186,Kabir,Nair,F,Kolkata,2020-03-26,44,662882.0,669.0,33,1,17,61.5,Medium
101187,Aditya,Kapoor,F,,2022-02-17,27,,733.0,89,0,15,70.1,Low
101188,Anaya,Joshi,M,Lucknow,2020-07-09,34,908251.0,774.0,72,1,19,70.8,Low
101189,Rahul,Reddy,M,Hyderabad,2023-06-29,41,1130586.0,709.0,69,1,16,82.0,Medium
101190,Aisha,Mishra,M,Delhi,2022-12-27,27,816623.0,780.0,6,1,23,59.0,Low
101191,Meera,Verma,F,Ahmedabad,2023-03-15,37,967339.0,770.0,23,1,19,99.9,Low
101192,Diya,Joshi,F,Bengaluru,2022-09-17,24,1034683.0,651.0,30,1,9,52.5,Medium
101193,Rahul,Patel,M,Ahmedabad,2022-05-25,31,1118003.0,673.0,78,1,9,76.7,Medium
101194,Varun,Verma,F,Kolkata,2021-10-23,39,1082621.0,763.0,54,1,14,70.6,Low
101195,Aarav,Khan,F,Jaipur,2021-07-27,22,1041883.0,561.0,87,0,14,66.2,High
101196,Isha,Verma,M,Kolkata,2023-07-02,40,780681.0,702.0,11,0,14,71.9,Medium
101197,Pooja,Das,F,Chennai,2020-05-10,36,724216.0,631.0,31,0,8,82.1,Medium
101198,Anaya,Bose,F,Kolkata,2022-04-18,41,923174.0,684.0,6,1,16,83.9,Medium
101199,Sneha,Gupta,M,Chennai,2022-08-16,38,1055288.0,694.0,11,0,11,71.4,Medium
101200,Riya,Joshi,F,Delhi,2023-11-01,48,,690.0,77,1,10,78.0,Medium
101201,Rahul,Singh,M,Pune,2023-05-07,37,1084338.0,680.0,12,1,13,58.0,Medium
101202,Diya,Bose,M,Ahmedabad,2022-04-18,32,1169576.0,650.0,66,1,8,71.8,Medium
101203,Varun,Yadav,M,Kolkata,2020-08-08,37,648409.0,836.0,53,1,17,78.7,Low
101204,Meera,Saxena,F,,2023-12-04,41,665877.0,813.0,36,1,19,46.6,Low
101205,Sahil,Verma,M,Delhi,2021-10-04,36,819117.0,646.0,17,0,20,75.0,Medium
101206,Aditya,Yadav,F,Lucknow,2023-04-09,36,917675.0,797.0,28,1,22,72.0,Low
101207,Sneha,Kulkarni,F,Pune,2023-03-14,30,734595.0,688.0,92,1,8,89.2,Medium
101208,Pooja,Das,M,Kolkata,2021-05-02,30,1147485.0,717.0,22,1,18,76.0,Medium
101209,Karan,Khan,F,Ahmedabad,2022-05-01,23,943295.0,707.0,7,1,18,79.8,Medium
101210,Arjun,Kapoor,M,Lucknow,2020-12-19,52,858678.0,674.0,15,1,12,70.7,Medium
101211,Isha,Singh,F,Kolkata,2023-04-19,25,534100.0,764.0,96,1,13,81.6,Low
101212,Meera,Joshi,M,Lucknow,2022-08-05,30,560521.0,717.0,11,1,12,80.7,Medium
101213,Aarav,Das,F,Ahmedabad,2020-06-09,30,911822.0,684.0,24,1,10,58.3,Medium
101214,Diya,Das,F,Chennai,2021-04-08,44,380829.0,638.0,67,1,14,77.7,Medium
101215,Karan,Jain,F,Chennai,2022-12-19,33,1072780.0,661.0,30,1,15,88.2,Medium
101216,Pooja,Sharma,M,Jaipur,2020-08-02,47,815206.0,620.0,70,1,16,85.8,High
101217,Aisha,Kulkarni,F,Ahmedabad,2021-08-02,30,1563480.0,711.0,66,1,16,74.3,Medium
101218,Neha,Jain,M,Bengaluru,2023-04-30,39,1357742.0,644.0,61,1,11,77.9,Medium
101219,Isha,Iyer,M,Chennai,2021-05-02,28,810081.0,695.0,78,0,16,85.0,Medium
101220,Diya,Verma,M,,2020-08-12,55,826606.0,785.0,41,1,16,60.3,Low
101221,Sneha,Saxena,M,Delhi,2023-11-16,25,1069028.0,,82,1,10,79.7,Low
101222,Riya,Mishra,F,Hyderabad,2021-12-09,39,1224698.0,708.0,51,0,16,50.3,Medium
101223,Aditya,Yadav,F,Ahmedabad,2020-06-09,42,489634.0,705.0,44,0,10,84.3,Medium
101224,Isha,Gupta,M,Kolkata,2021-03-30,40,456997.0,813.0,95,1,11,69.4,Low
101225,Kabir,Patel,F,Delhi,2023-02-08,34,713152.0,739.0,13,1,13,73.0,Low
101226,Vivaan,Jain,M,Mumbai,2022-12-18,35,978202.0,692.0,90,1,13,67.3,Medium
101227,Varun,Yadav,F,Lucknow,2021-06-28,36,959312.0,632.0,12,1,17,73.5,Medium
101228,Priya,Bose,F,Pune,2020-01-29,35,1085350.0,732.0,82,1,7,77.1,Low
101229,Sneha,Khan,F,Jaipur,2022-02-05,45,586067.0,756.0,9,1,19,83.1,Low
101230,Priya,Nair,M,Kolkata,2020-07-03,56,340448.0,675.0,85,1,12,89.6,Medium
101231,Riya,Saxena,F,Mumbai,2023-06-01,31,1038763.0,726.0,48,1,9,74.6,Low
101232,Riya,Yadav,M,Bengaluru,2020-12-22,24,667797.0,690.0,49,1,9,54.1,Medium
101233,Aditya,Nair,F,Kolkata,2021-05-06,35,405933.0,700.0,53,1,11,89.7,Medium
101234,Anaya,Joshi,F,Kolkata,2022-01-02,59,881914.0,573.0,56,1,13,56.3,High
101235,Aditya,Khan,F,Ahmedabad,2021-07-31,29,1024499.0,698.0,40,1,10,68.9,Medium
101236,Priya,Khan,M,Ahmedabad,2020-04-23,51,823147.0,763.0,24,1,5,68.1,Low
101237,Pooja,Mishra,F,Kolkata,2021-01-12,51,749273.0,675.0,72,1,13,74.1,Medium
101238,Isha,Jain,F,Bengaluru,2023-08-01,31,814940.0,713.0,33,1,12,58.8,Medium
101239,Isha,Patel,F,Chennai,2020-04-06,41,768472.0,668.0,23,1,13,58.3,Medium
101240,Aditya,Kapoor,F,Pune,2022-04-21,51,553430.0,730.0,77,1,12,73.7,Low
101241,Kabir,Das,F,Delhi,2020-05-03,33,692770.0,698.0,54,1,12,64.4,Medium
101242,Anaya,Jain,F,Lucknow,2020-06-04,34,964682.0,658.0,53,1,17,90.2,Medium
101243,Aisha,Malhotra,M,Lucknow,2020-04-19,31,920769.0,783.0,49,1,19,67.4,Low
101244,Neha,Bose,F,Jaipur,2020-02-22,27,886973.0,761.0,78,1,16,61.7,Low
101245,Neha,Patel,M,Pune,2023-04-12,30,631067.0,677.0,78,1,14,94.1,Medium
101246,Aisha,Singh,F,Delhi,2021-08-10,25,810069.0,737.0,80,1,16,79.6,Low
101247,Isha,Malhotra,F,Jaipur,2023-08-30,36,371046.0,740.0,49,1,15,100.0,Low
101248,Arjun,Iyer,M,Jaipur,2021-12-26,29,889265.0,745.0,60,1,16,50.9,Low
101249,Sahil,Iyer,F,Delhi,2023-11-14,38,1164349.0,617.0,90,1,12,76.5,High
101250,Sahil,Nair,F,Mumbai,2020-02-14,22,525691.0,765.0,90,0,18,79.8,Low
101251,Priya,Verma,M,Chennai,2022-07-24,39,721096.0,679.0,65,1,15,74.3,Medium
101252,Meera,Khan,M,Mumbai,2023-02-14,44,922403.0,690.0,32,0,14,69.7,Medium
101253,Aditya,Iyer,M,Chennai,2020-05-01,21,1125625.0,850.0,79,1,6,88.9,Low
101254,Aisha,Das,F,Mumbai,2021-04-26,39,751391.0,727.0,21,0,13,79.6,Low
101255,Vivaan,Bose,M,Lucknow,2023-04-08,47,697705.0,689.0,18,1,17,53.7,Medium
101256,Meera,Gupta,F,Lucknow,2021-11-08,25,416837.0,589.0,94,0,3,63.6,High
101257,Rahul,Mishra,M,Bengaluru,2023-11-24,51,872756.0,786.0,60,1,15,60.0,Low
101258,Rohan,Sharma,M,Delhi,2021-05-14,40,1299257.0,636.0,13,1,13,72.5,Medium
101259,Sneha,Yadav,F,Ahmedabad,2020-03-14,30,911019.0,655.0,24,0,18,85.4,Medium
101260,Neha,Saxena,M,,2022-08-28,35,845099.0,692.0,30,1,11,69.4,Medium
101261,Meera,Mishra,F,Chennai,2020-05-28,41,920858.0,788.0,2,1,15,71.0,Low
101262,Karan,Khan,M,Lucknow,2022-06-10,37,847560.0,753.0,83,1,14,62.3,Low
101263,Sneha,Iyer,M,Jaipur,2022-12-20,41,671137.0,701.0,25,1,8,83.1,Medium
101264,Vivaan,Singh,M,,2022-12-13,28,1031122.0,727.0,50,1,17,88.8,Low
101265,Rahul,Sharma,F,Pune,2023-05-31,38,899668.0,677.0,14,1,20,73.6,Medium
101266,Anaya,Yadav,M,Kolkata,2021-04-17,23,853875.0,718.0,6,1,12,93.0,Medium
101267,Anaya,Jain,F,Kolkata,2023-09-01,35,635419.0,714.0,76,1,13,67.5,Medium
101268,Sahil,Iyer,M,Delhi,2020-06-18,28,1136772.0,763.0,84,1,12,57.2,Low
101269,Rohan,Das,M,Bengaluru,2021-12-01,29,996235.0,763.0,87,1,13,83.7,Low
101270,Isha,Khan,F,Hyderabad,2020-02-01,47,728357.0,737.0,30,1,18,72.8,Low
101271,Aditya,Joshi,F,Pune,2020-02-22,46,1070401.0,690.0,30,0,13,67.0,Medium
101272,Aarav,Das,M,Pune,2022-07-28,41,740534.0,751.0,38,1,14,74.9,Low
101273,Pooja,Malhotra,M,Hyderabad,2020-05-18,26,677959.0,705.0,58,1,10,55.0,Medium
101274,Varun,Verma,F,Jaipur,2023-10-29,33,682865.0,650.0,94,1,25,53.0,Medium
101275,Karan,Gupta,M,Hyderabad,2022-12-06,47,460365.0,688.0,41,0,12,75.1,Medium
101276,Karan,Yadav,M,Delhi,2020-03-30,37,953739.0,715.0,94,1,9,79.2,Medium
101277,Meera,Kulkarni,M,Mumbai,2022-04-07,57,447148.0,760.0,57,1,17,90.7,Low
101278,Riya,Verma,M,Pune,2020-02-05,40,579742.0,700.0,36,1,12,84.6,Medium
101279,Varun,Verma,M,Delhi,2022-10-12,38,393371.0,643.0,64,1,20,81.6,Medium
101280,Rahul,Kapoor,M,Pune,2022-07-17,33,831065.0,713.0,16,1,19,89.2,Medium
101281,Isha,Sharma,F,Jaipur,2023-06-02,37,816929.0,716.0,88,0,14,79.9,Medium
101282,Pooja,Das,M,Lucknow,2021-07-07,35,778127.0,720.0,78,1,26,69.9,Low
101283,Pooja,Nair,F,Ahmedabad,2022-01-09,42,620633.0,761.0,90,1,10,84.9,Low
101284,Karan,Kapoor,F,Chennai,2020-09-25,45,592109.0,766.0,72,1,15,84.5,Low
101285,Vivaan,Mehta,F,Lucknow,2022-06-28,29,952161.0,677.0,14,1,13,73.9,Medium
101286,Rohan,Gupta,F,Pune,2020-07-04,24,728879.0,676.0,31,0,13,59.6,Medium
101287,Kabir,Sharma,M,Bengaluru,2023-10-26,21,919599.0,653.0,66,0,18,52.6,Medium
101288,Karan,Jain,M,Delhi,2022-05-18,41,655245.0,748.0,68,1,12,84.1,Low
101289,Karan,Gupta,F,Hyderabad,2023-06-12,26,889834.0,790.0,65,1,17,79.7,Low
101290,Isha,Malhotra,M,Pune,2023-02-19,21,1136721.0,693.0,55,1,13,81.4,Medium
101291,Pooja,Kapoor,M,Mumbai,2021-02-27,39,978956.0,697.0,84,1,13,84.6,Medium
101292,Varun,Gupta,F,Kolkata,2022-04-12,58,759269.0,791.0,78,0,13,63.2,Low
101293,Anaya,Saxena,M,Chennai,2023-11-13,36,906584.0,738.0,40,1,20,51.5,Low
101294,Rohan,Kulkarni,F,Delhi,2022-07-14,44,797054.0,734.0,25,1,14,80.2,Low
101295,Meera,Reddy,F,Bengaluru,2023-02-14,37,851734.0,644.0,25,1,14,88.4,Medium
101296,Meera,Patel,F,Jaipur,2023-12-23,35,778366.0,747.0,3,1,17,78.2,Low
101297,Anaya,Iyer,F,Bengaluru,2022-05-18,44,813846.0,659.0,69,1,11,56.2,Medium
101298,Anaya,Gupta,M,Hyderabad,2022-10-12,33,896661.0,648.0,26,1,10,76.9,Medium
101299,Sahil,Reddy,F,Bengaluru,2021-03-17,38,631461.0,691.0,40,1,13,60.5,Medium
101300,Priya,Mishra,M,Kolkata,2020-02-08,39,626507.0,678.0,38,1,10,55.5,Medium
101301,Karan,Reddy,F,Pune,2022-06-26,30,544521.0,698.0,38,1,12,73.9,Medium
101302,Aarav,Iyer,M,Hyderabad,2023-03-31,45,497940.0,631.0,68,1,12,75.9,Medium
101303,Aisha,Singh,F,Ahmedabad,2020-06-14,34,582198.0,763.0,7,0,13,72.8,Low
101304,Anaya,Mishra,F,Kolkata,2021-03-18,29,885082.0,772.0,94,1,14,79.3,Low
101305,Priya,Kulkarni,M,Jaipur,2020-11-26,41,653587.0,603.0,30,1,9,64.5,High
101306,Kabir,Joshi,M,Mumbai,2022-09-19,28,962995.0,764.0,19,1,11,75.0,Low
101307,Sneha,Jain,M,Chennai,2023-09-20,36,857637.0,665.0,35,1,12,68.2,Medium
101308,Meera,Malhotra,M,Bengaluru,2023-02-09,36,416929.0,757.0,33,1,15,71.0,Low
101309,Aisha,Malhotra,M,Kolkata,2021-12-14,46,994095.0,706.0,33,1,11,77.2,Medium
101310,Kabir,Das,F,Delhi,2022-04-14,40,1028376.0,712.0,78,1,12,86.7,Medium
101311,Arjun,Patel,M,Mumbai,2020-05-18,36,631350.0,700.0,38,0,15,77.5,Medium
101312,Rohan,Sharma,M,Ahmedabad,2023-04-04,43,942442.0,777.0,10,1,16,81.5,Low
101313,Priya,Jain,F,Mumbai,2023-12-08,49,661570.0,642.0,57,1,9,74.1,Medium
101314,Arjun,Jain,M,Pune,2023-04-07,41,871487.0,743.0,28,0,19,79.9,Low
101315,Karan,Iyer,M,Mumbai,2022-02-07,36,571810.0,771.0,78,1,13,86.4,Low
101316,Rohan,Singh,F,Ahmedabad,2020-05-03,24,455517.0,749.0,38,1,14,96.6,Low
101317,Kabir,Patel,F,Delhi,2022-05-31,26,765780.0,838.0,16,1,7,88.5,Low
101318,Kabir,Reddy,M,Lucknow,2022-01-30,33,822780.0,681.0,21,0,18,73.3,Medium
101319,Aisha,Kulkarni,M,Lucknow,2023-01-26,31,762510.0,763.0,92,1,19,87.7,Low
101320,Vivaan,Joshi,M,Jaipur,2022-12-19,34,,704.0,6,1,13,80.6,Medium
101321,Aisha,Kulkarni,M,Lucknow,2022-11-08,37,762022.0,778.0,41,1,22,66.7,Low
101322,Kabir,Mehta,M,Hyderabad,2023-02-21,41,909245.0,710.0,15,1,19,80.8,Medium
101323,Aarav,Iyer,F,Ahmedabad,2020-08-13,35,840124.0,689.0,3,0,14,60.5,Medium
101324,Neha,Kulkarni,F,Bengaluru,2021-09-03,40,890150.0,782.0,43,1,11,80.8,Low
101325,Arjun,Saxena,M,Kolkata,2020-11-19,37,702575.0,683.0,47,1,13,95.0,Medium
101326,Vivaan,Yadav,F,Pune,2022-11-06,21,1107778.0,632.0,14,1,10,83.9,Medium
101327,Karan,Kapoor,M,Kolkata,2023-01-08,28,591242.0,682.0,66,0,8,88.4,Medium
101328,Anaya,Mishra,M,Kolkata,2021-08-19,35,957263.0,744.0,29,1,15,69.5,Low
101329,Aisha,Gupta,F,Pune,2021-06-24,25,1110016.0,787.0,4,0,11,79.8,Low
101330,Arjun,Iyer,F,Pune,2021-10-07,41,955800.0,716.0,26,1,11,82.4,Medium
101331,Pooja,Iyer,M,Mumbai,2022-09-16,50,805445.0,783.0,12,1,15,70.3,Low
101332,Varun,Kulkarni,M,Ahmedabad,2021-12-06,47,733775.0,635.0,2,1,16,82.2,Medium
101333,Varun,Das,F,Delhi,2021-09-22,34,1077939.0,686.0,17,1,18,79.5,Medium
101334,Vivaan,Mishra,M,Bengaluru,2023-11-02,49,536946.0,694.0,35,1,16,82.3,Medium
101335,Sahil,Mishra,M,Delhi,2022-05-28,37,636573.0,704.0,10,1,19,61.6,Medium
101336,Kabir,Malhotra,M,,2020-07-09,33,762537.0,715.0,86,1,13,89.3,Medium
101337,Meera,Mishra,F,Jaipur,2022-05-04,30,1122284.0,748.0,43,1,14,79.4,Low
101338,Priya,Saxena,M,Chennai,2021-05-05,33,933549.0,686.0,21,1,12,72.6,Medium
101339,Varun,Patel,F,Jaipur,2021-02-08,33,637030.0,718.0,15,1,19,72.9,Medium
101340,Isha,Mishra,M,Mumbai,2023-07-19,38,781732.0,708.0,35,1,14,73.5,Medium
101341,Priya,Joshi,M,Lucknow,2022-05-24,37,714849.0,659.0,85,0,11,64.1,Medium
101342,Diya,Bose,F,Kolkata,2021-03-05,36,693846.0,704.0,85,1,9,88.3,Medium
101343,Priya,Kapoor,M,Jaipur,2021-06-03,40,1065356.0,702.0,85,1,17,85.6,Medium
101344,Rohan,Kulkarni,M,Jaipur,2022-06-11,47,548217.0,701.0,60,1,16,86.4,Medium
101345,Karan,Nair,M,Ahmedabad,2023-11-08,45,1203932.0,712.0,44,1,10,92.2,Medium
101346,Pooja,Patel,M,Lucknow,2022-03-31,23,1032211.0,714.0,96,0,13,76.3,Medium
101347,Varun,Khan,F,Bengaluru,2022-06-05,21,1089990.0,686.0,5,1,16,54.1,Medium
101348,Aarav,Iyer,M,Kolkata,2023-04-30,44,748153.0,780.0,73,1,17,81.5,Low
101349,Sneha,Joshi,F,Ahmedabad,2021-03-10,24,817013.0,646.0,18,1,15,81.1,Medium
101350,Isha,Sharma,F,Pune,2020-03-03,34,534707.0,670.0,21,0,12,92.6,Medium
101351,Varun,Das,M,Delhi,2023-05-24,25,734574.0,850.0,72,0,15,87.0,Low
101352,Rohan,Iyer,M,Lucknow,2020-05-13,21,958604.0,653.0,74,0,14,75.6,Medium
101353,Vivaan,Das,M,Hyderabad,2022-08-15,41,1135134.0,636.0,51,1,14,72.3,Medium
101354,Aarav,Gupta,M,Pune,2021-09-10,43,606426.0,750.0,41,1,16,86.0,Low
101355,Sahil,Khan,F,Kolkata,2023-03-30,31,769589.0,596.0,24,0,18,42.1,High
101356,Diya,Mishra,M,Pune,2023-07-05,21,816714.0,697.0,24,1,16,76.9,Medium
101357,Anaya,Reddy,F,Lucknow,2021-02-28,31,542926.0,828.0,96,1,17,85.3,Low
101358,Arjun,Saxena,M,Pune,2020-12-23,40,980097.0,625.0,38,1,14,72.5,High
101359,Isha,Das,M,Pune,2023-10-30,23,690722.0,601.0,44,1,14,69.4,High
101360,Aarav,Malhotra,M,Lucknow,2022-10-29,38,807014.0,628.0,57,1,15,77.5,High
101361,Arjun,Jain,M,Jaipur,2022-10-07,36,750571.0,759.0,59,1,13,90.2,Low
101362,Aisha,Malhotra,F,Hyderabad,2020-07-15,41,676346.0,772.0,34,0,19,79.4,Low
101363,Anaya,Reddy,F,Ahmedabad,2023-02-14,37,848450.0,682.0,75,1,18,65.9,Medium
101364,Arjun,Patel,M,Chennai,2022-10-30,27,802566.0,748.0,95,1,17,88.6,Low
101365,Priya,Khan,F,Pune,2022-05-11,47,768191.0,786.0,82,1,19,90.9,Low
101366,Riya,Reddy,F,Bengaluru,2021-06-02,35,689738.0,808.0,23,0,10,64.3,Low
101367,Aarav,Kulkarni,F,Chennai,2020-12-14,36,920295.0,696.0,86,1,12,100.0,Medium
101368,Neha,Bose,F,Hyderabad,2023-11-28,28,1213796.0,583.0,43,1,10,74.0,High
101369,Diya,Mehta,F,Lucknow,2021-07-28,32,880775.0,665.0,82,1,16,85.4,Medium
101370,Anaya,Patel,M,Ahmedabad,2022-10-24,28,1069146.0,687.0,40,1,12,82.7,Medium
101371,Karan,Mishra,M,,2020-11-23,34,544151.0,696.0,47,1,13,65.6,Medium
101372,Neha,Patel,M,Bengaluru,2021-05-26,51,884708.0,700.0,41,0,14,68.6,Medium
101373,Priya,Kulkarni,F,Kolkata,2022-07-19,24,608579.0,772.0,47,1,14,74.8,Low
101374,Vivaan,Sharma,F,Jaipur,2020-05-09,21,525077.0,780.0,20,1,6,51.6,Low
101375,Meera,Khan,F,Bengaluru,2021-08-09,49,687338.0,701.0,77,1,6,83.9,Medium
101376,Pooja,Kapoor,F,Mumbai,2021-04-28,34,1112218.0,770.0,65,1,12,51.3,Low
101377,Riya,Saxena,M,Ahmedabad,2020-12-23,30,1059003.0,730.0,68,1,20,74.2,Low
101378,Karan,Saxena,F,Hyderabad,2021-01-19,45,903461.0,714.0,24,1,12,65.9,Medium
101379,Karan,Verma,F,Delhi,2020-09-10,31,512806.0,760.0,36,0,8,80.9,Low
101380,Sahil,Kapoor,F,Kolkata,2022-04-14,52,806818.0,714.0,45,1,19,47.5,Medium
101381,Rahul,Malhotra,F,Kolkata,2023-04-05,42,916374.0,,2,1,9,54.1,Low
101382,Aarav,Singh,M,Lucknow,2022-03-06,32,888618.0,631.0,28,0,16,66.8,Medium
101383,Varun,Mishra,M,Lucknow,2021-04-13,55,444365.0,682.0,26,1,12,80.2,Medium
101384,Isha,Kapoor,F,Kolkata,2021-05-07,31,654130.0,703.0,23,0,15,76.7,Medium
101385,Isha,Saxena,M,Delhi,2022-07-08,43,835903.0,734.0,79,1,13,86.6,Low
101386,Aisha,Singh,M,Delhi,2023-09-23,39,967984.0,780.0,36,1,13,75.3,Low
101387,Aisha,Saxena,M,Chennai,2020-02-20,48,366852.0,709.0,91,1,15,73.8,Medium
101388,Kabir,Yadav,M,Hyderabad,2022-12-15,50,814333.0,632.0,6,1,10,61.1,Medium
101389,Anaya,Kulkarni,F,Mumbai,2020-03-13,36,881471.0,756.0,35,0,14,71.3,Low
101390,Aditya,Gupta,F,Jaipur,2021-08-22,29,1036915.0,752.0,38,1,17,73.8,Low
101391,Meera,Jain,F,Pune,2020-02-21,40,1002429.0,603.0,35,1,15,49.3,High
101392,Rohan,Singh,M,Mumbai,2020-05-04,30,978166.0,710.0,74,1,19,63.3,Medium
101393,Rohan,Iyer,F,Delhi,2020-09-18,54,,623.0,94,1,13,79.6,High
101394,Meera,Nair,F,Delhi,2022-08-12,37,430240.0,673.0,53,1,12,76.2,Medium
101395,Meera,Kulkarni,F,Pune,2020-11-25,33,763528.0,660.0,38,0,19,71.0,Medium
101396,Kabir,Mehta,F,Pune,2023-09-08,38,1070359.0,755.0,93,1,14,66.7,Low
101397,Anaya,Mehta,F,Kolkata,2020-08-28,24,1156560.0,716.0,59,1,17,53.1,Medium
101398,Diya,Yadav,M,Mumbai,2023-08-01,27,1006321.0,639.0,43,1,15,47.9,Medium
101399,Priya,Sharma,M,Mumbai,2023-07-11,47,944455.0,758.0,4,0,17,70.3,Low
101400,Riya,Patel,F,Jaipur,2023-08-15,30,933521.0,631.0,5,1,14,91.9,Medium
101401,Kabir,Sharma,F,Pune,2023-05-13,27,727654.0,728.0,68,0,21,74.4,Low
101402,Pooja,Das,F,Ahmedabad,2020-10-17,41,821387.0,665.0,45,1,12,86.3,Medium
101403,Aditya,Jain,M,Mumbai,2020-07-29,47,1217195.0,690.0,80,1,16,59.9,Medium
101404,Isha,Kulkarni,F,Jaipur,2023-10-21,42,642637.0,738.0,25,0,18,77.4,Low
101405,Meera,Kulkarni,M,Kolkata,2021-12-19,45,1205251.0,739.0,78,0,10,65.6,Low
101406,Sahil,Nair,M,Kolkata,2020-11-17,29,779154.0,784.0,11,1,9,65.1,Low
101407,Neha,Mishra,M,Lucknow,2020-12-23,23,1141595.0,705.0,29,1,15,82.9,Medium
101408,Rahul,Kulkarni,F,Lucknow,2022-07-05,50,540501.0,727.0,34,0,18,72.6,Low
101409,Meera,Malhotra,M,Chennai,2020-04-03,33,978899.0,686.0,86,1,25,57.4,Medium
101410,Anaya,Yadav,F,Jaipur,2021-12-11,34,687911.0,720.0,14,1,14,75.2,Low
101411,Rahul,Gupta,M,Kolkata,2020-06-17,48,538641.0,734.0,24,1,11,65.4,Low
101412,Arjun,Das,F,Chennai,2023-08-13,41,898077.0,705.0,59,0,13,56.7,Medium
101413,Kabir,Kulkarni,F,Lucknow,2021-05-30,40,1072084.0,611.0,39,0,12,62.1,High
101414,Diya,Khan,F,Bengaluru,2020-04-07,55,664113.0,728.0,26,1,14,98.6,Low
101415,Kabir,Gupta,M,Mumbai,2020-12-15,30,520216.0,730.0,43,1,11,88.5,Low
101416,Sahil,Malhotra,M,Pune,2022-01-05,44,829794.0,673.0,36,1,9,49.8,Medium
101417,Varun,Jain,F,Kolkata,2021-08-01,37,830764.0,,39,1,16,71.7,Medium
101418,Riya,Yadav,M,Delhi,2022-04-20,38,970630.0,791.0,61,1,18,72.6,Low
101419,Pooja,Malhotra,M,Lucknow,2021-02-04,50,1058911.0,737.0,16,0,14,70.8,Low
101420,Anaya,Verma,M,Mumbai,2022-01-20,41,836929.0,697.0,59,1,13,66.0,Medium
101421,Kabir,Das,F,Jaipur,2022-03-31,41,1258211.0,647.0,96,1,13,83.0,Medium
101422,Varun,Bose,M,Delhi,2023-12-13,46,899332.0,665.0,6,1,17,85.3,Medium
101423,Karan,Verma,M,Chennai,2022-10-24,33,773786.0,782.0,56,1,12,86.6,Low
101424,Sneha,Patel,F,Delhi,2023-09-09,28,495455.0,718.0,8,1,12,78.0,Medium
101425,Aditya,Iyer,F,Pune,2021-01-03,27,792215.0,680.0,94,1,15,81.3,Medium
101426,Neha,Gupta,M,Mumbai,2023-11-19,21,775995.0,738.0,27,1,17,69.9,Low
101427,Priya,Verma,M,Delhi,2021-07-09,55,1061267.0,665.0,71,1,13,55.1,Medium
101428,Varun,Verma,F,Jaipur,2023-02-16,26,951746.0,793.0,27,1,10,54.8,Low
101429,Karan,Das,M,Chennai,2022-10-01,34,590539.0,784.0,89,1,19,63.8,Low
101430,Vivaan,Verma,F,Bengaluru,2022-08-23,34,887896.0,684.0,46,1,16,71.6,Medium
101431,Rohan,Gupta,F,Hyderabad,2022-10-11,39,997737.0,675.0,41,1,18,58.6,Medium
101432,Sneha,Das,M,Kolkata,2023-04-28,43,,566.0,79,1,15,60.4,High
101433,Vivaan,Sharma,F,Pune,2023-12-10,44,1045251.0,629.0,25,1,16,69.5,High
101434,Karan,Mehta,M,Ahmedabad,2022-03-24,31,1017386.0,636.0,86,1,13,84.4,Medium
101435,Neha,Iyer,M,Hyderabad,2020-04-15,34,863219.0,717.0,18,1,13,78.0,Medium
101436,Pooja,Yadav,F,Lucknow,2020-06-13,39,935429.0,692.0,12,1,13,63.6,Medium
101437,Arjun,Bose,F,Kolkata,2021-09-29,34,1124891.0,636.0,87,1,15,74.6,Medium
101438,Isha,Khan,M,Lucknow,2023-10-01,50,556789.0,695.0,51,1,21,58.1,Medium
101439,Priya,Gupta,M,Jaipur,2023-01-26,40,773123.0,738.0,39,1,10,63.6,Low
101440,Pooja,Kulkarni,M,Ahmedabad,2022-10-20,43,680035.0,739.0,89,0,14,54.1,Low
101441,Rahul,Das,M,Lucknow,2020-11-26,42,933414.0,606.0,10,1,19,79.1,High
101442,Isha,Reddy,F,Bengaluru,2023-10-25,47,1120649.0,703.0,94,1,20,70.6,Medium
101443,Meera,Mishra,F,Hyderabad,2023-02-17,38,718666.0,634.0,74,0,14,72.1,Medium
101444,Priya,Nair,M,Jaipur,2020-10-25,24,324133.0,760.0,77,0,18,83.7,Low
101445,Sneha,Joshi,M,Lucknow,2022-05-05,40,759311.0,753.0,54,0,7,62.0,Low
101446,Sahil,Nair,M,Ahmedabad,2023-03-12,30,1050964.0,661.0,29,1,10,79.6,Medium
101447,Sneha,Verma,M,Chennai,2021-12-07,31,968279.0,668.0,41,1,13,97.8,Medium
101448,Diya,Jain,M,Mumbai,2023-01-21,41,944201.0,685.0,9,0,10,62.2,Medium
101449,Priya,Nair,M,Bengaluru,2023-08-13,47,788401.0,586.0,63,1,10,55.2,High
101450,Rahul,Malhotra,M,Lucknow,2021-03-22,36,568613.0,728.0,77,1,18,58.9,Low
101451,Aarav,Saxena,F,Chennai,2021-04-24,39,963365.0,695.0,37,1,14,78.7,Medium
101452,Vivaan,Gupta,F,Pune,2022-01-03,51,666458.0,763.0,14,1,7,95.0,Low
101453,Diya,Iyer,M,Pune,2022-05-23,38,1330501.0,650.0,73,1,14,94.5,Medium
101454,Riya,Mehta,F,Ahmedabad,2023-07-05,59,975512.0,676.0,72,1,15,84.1,Medium
101455,Priya,Kapoor,F,Mumbai,2021-06-05,41,722257.0,627.0,39,1,9,84.6,High
101456,Vivaan,Patel,F,Jaipur,2023-10-30,21,715495.0,655.0,40,1,12,79.6,Medium
101457,Kabir,Gupta,F,Ahmedabad,2023-12-21,43,829552.0,645.0,54,0,14,82.7,Medium
101458,Diya,Mehta,F,Hyderabad,2023-01-29,39,797310.0,765.0,3,1,14,77.6,Low
101459,Varun,Singh,F,Kolkata,2021-09-13,48,1095703.0,672.0,55,1,13,64.4,Medium
101460,Anaya,Khan,M,Hyderabad,2022-01-28,42,891012.0,717.0,33,1,13,94.6,Medium
101461,Aarav,Bose,F,Ahmedabad,2020-08-31,35,689041.0,689.0,96,1,14,90.0,Medium
101462,Isha,Jain,F,Mumbai,2020-01-23,25,1265897.0,640.0,71,0,12,64.7,Medium
101463,Sahil,Patel,M,Lucknow,2023-10-09,34,860848.0,701.0,19,1,18,81.8,Medium
101464,Rohan,Singh,F,Delhi,2021-04-10,28,1019145.0,743.0,34,1,17,91.5,Low
101465,Neha,Malhotra,M,Pune,2023-06-02,31,716190.0,644.0,78,1,10,79.0,Medium
101466,Neha,Kulkarni,F,Mumbai,2022-05-14,41,929885.0,755.0,50,1,12,71.5,Low
101467,Meera,Malhotra,M,Mumbai,2020-09-25,51,918444.0,663.0,47,1,13,91.2,Medium
101468,Rohan,Malhotra,F,Ahmedabad,2021-06-16,40,434277.0,683.0,46,1,12,77.1,Medium
101469,Aisha,Jain,F,Pune,2020-11-09,25,1293361.0,739.0,56,0,12,66.5,Low
101470,Isha,Gupta,F,Mumbai,2020-04-29,40,1133942.0,674.0,57,1,18,60.2,Medium
101471,Rohan,Verma,F,Pune,2022-09-07,47,762617.0,712.0,83,1,13,38.8,Medium
101472,Kabir,Singh,M,,2023-02-17,31,607501.0,693.0,51,0,8,97.7,Medium
101473,Varun,Das,F,Kolkata,2021-12-10,35,926464.0,717.0,54,1,17,64.0,Medium
101474,Vivaan,Nair,M,Mumbai,2020-05-15,36,869073.0,579.0,90,1,12,85.6,High
101475,Aisha,Patel,F,Jaipur,2023-01-05,29,928247.0,609.0,81,1,14,63.0,High
101476,Diya,Jain,M,Mumbai,2023-10-09,42,892147.0,744.0,28,1,10,76.0,Low
101477,Rohan,Joshi,M,Kolkata,2022-12-17,35,961373.0,767.0,19,1,15,79.4,Low
101478,Aisha,Bose,F,Chennai,2022-07-24,40,1168407.0,660.0,27,0,10,59.1,Medium
101479,Karan,Bose,F,Ahmedabad,2023-01-14,28,974983.0,697.0,48,1,17,85.5,Medium
101480,Sneha,Bose,M,Bengaluru,2020-01-01,32,619076.0,726.0,19,1,12,71.6,Low
101481,Aarav,Yadav,F,Mumbai,2020-03-17,43,1149764.0,748.0,51,0,13,80.6,Low
101482,Neha,Singh,F,Hyderabad,2022-08-18,33,1210935.0,598.0,7,1,17,91.5,High
101483,Arjun,Malhotra,M,Kolkata,2021-08-03,52,1543452.0,661.0,29,1,15,82.9,Medium
101484,Pooja,Reddy,F,Delhi,2020-05-27,32,,692.0,43,1,13,72.9,Medium
101485,Aditya,Sharma,M,Mumbai,2021-07-27,38,903434.0,749.0,69,1,16,97.3,Low
101486,Kabir,Iyer,F,Chennai,2020-07-04,44,391938.0,847.0,94,1,11,73.5,Low
101487,Rohan,Jain,M,Bengaluru,2021-06-05,23,971693.0,697.0,58,0,17,75.1,Medium
101488,Neha,Gupta,F,Lucknow,2020-06-10,21,729396.0,633.0,8,1,8,72.0,Medium
101489,Riya,Malhotra,M,Lucknow,2023-08-06,22,1273158.0,732.0,42,1,11,59.3,Low
101490,Priya,Joshi,M,Lucknow,2023-12-15,47,679585.0,783.0,76,1,15,58.0,Low
101491,Isha,Malhotra,M,Lucknow,2020-07-14,31,478380.0,716.0,42,1,10,67.3,Medium
101492,Vivaan,Malhotra,F,Kolkata,2020-02-03,59,746322.0,660.0,13,1,14,61.8,Medium
101493,Sneha,Reddy,F,Mumbai,2021-02-11,31,415393.0,763.0,26,1,18,70.7,Low
101494,Pooja,Jain,F,Jaipur,2023-08-13,38,1015242.0,746.0,18,1,16,83.9,Low
101495,Kabir,Kapoor,F,Ahmedabad,2021-06-20,50,395682.0,654.0,42,0,16,69.1,Medium
101496,Arjun,Gupta,M,,2020-02-05,54,856261.0,731.0,51,0,18,76.6,Low
101497,Arjun,Verma,M,Bengaluru,2023-07-11,55,392881.0,765.0,84,1,17,67.9,Low
101498,Sneha,Mishra,M,Ahmedabad,2023-11-06,47,779534.0,775.0,16,1,19,100.0,Low
101499,Sahil,Verma,M,Ahmedabad,2020-04-23,45,1211543.0,706.0,3,1,16,92.1,Medium
101500,Varun,Das,F,Jaipur,2021-08-27,41,929343.0,690.0,91,0,12,71.0,Medium
101501,Anaya,Mehta,M,Hyderabad,2021-03-18,43,660031.0,778.0,79,1,22,77.3,Low
101502,Priya,Kapoor,M,Ahmedabad,2023-04-01,31,843135.0,643.0,45,1,20,57.9,Medium
101503,Kabir,Verma,M,Hyderabad,2020-02-07,29,853964.0,734.0,22,1,18,71.4,Low
101504,Riya,Das,M,Lucknow,2020-04-01,36,953979.0,635.0,23,1,14,66.8,Medium
101505,Meera,Gupta,M,Lucknow,2021-09-22,34,549291.0,769.0,59,0,13,82.9,Low
101506,Kabir,Mehta,F,Hyderabad,2021-11-02,32,980365.0,696.0,62,1,16,62.8,Medium
101507,Sneha,Malhotra,M,Mumbai,2020-04-10,42,255034.0,780.0,68,0,15,93.9,Low
101508,Arjun,Mishra,F,Jaipur,2021-05-21,45,711425.0,737.0,54,1,13,73.2,Low
101509,Pooja,Kapoor,F,Jaipur,2020-06-27,37,742580.0,643.0,57,1,14,63.6,Medium
101510,Aditya,Reddy,F,Lucknow,2020-10-10,49,989332.0,788.0,23,1,17,74.4,Low
101511,Sneha,Mehta,F,Bengaluru,2020-12-20,26,854979.0,795.0,60,1,19,82.8,Low
101512,Aditya,Verma,F,Ahmedabad,2023-08-13,34,540776.0,759.0,73,1,17,80.2,Low
101513,Meera,Bose,M,Lucknow,2021-05-02,30,633302.0,668.0,88,1,16,75.9,Medium
101514,Neha,Nair,M,Lucknow,2022-10-02,21,893710.0,693.0,85,1,13,84.5,Medium
101515,Aisha,Kulkarni,F,Chennai,2020-10-05,35,832605.0,718.0,55,1,9,83.8,Medium
101516,Aditya,Nair,M,,2021-06-27,35,722593.0,671.0,80,1,11,83.9,Medium
101517,Arjun,Jain,M,Lucknow,2021-10-11,50,744217.0,803.0,63,0,16,70.7,Low
101518,Sahil,Yadav,M,Bengaluru,2022-07-19,42,1003157.0,718.0,56,1,15,70.6,Medium
101519,Priya,Kulkarni,F,Hyderabad,2020-12-20,27,736108.0,561.0,55,1,11,71.5,High
101520,Sahil,Jain,M,Delhi,2023-09-04,53,830620.0,729.0,25,0,14,68.1,Low
101521,Riya,Kulkarni,F,Lucknow,2020-07-13,47,1327386.0,691.0,26,1,12,75.3,Medium
101522,Pooja,Singh,F,Hyderabad,2022-03-14,41,536790.0,706.0,49,1,13,73.9,Medium
101523,Sneha,Sharma,M,Hyderabad,2020-04-02,34,442595.0,690.0,63,1,14,93.9,Medium
101524,Rahul,Sharma,M,Pune,2021-03-08,27,1022390.0,754.0,45,1,9,67.9,Low
101525,Pooja,Nair,M,Chennai,2021-07-11,33,700699.0,772.0,73,1,9,62.2,Low
101526,Kabir,Mehta,M,Kolkata,2022-11-16,46,779988.0,726.0,79,0,12,81.7,Low
101527,Kabir,Joshi,M,Kolkata,2023-12-09,53,678146.0,691.0,39,1,16,74.9,Medium
101528,Sneha,Iyer,M,Delhi,2020-06-10,50,792844.0,708.0,65,1,13,65.8,Medium
101529,Karan,Saxena,F,Pune,2020-04-10,32,1201678.0,711.0,69,1,14,83.4,Medium
101530,Sahil,Mishra,F,Ahmedabad,2021-11-29,26,1026468.0,666.0,56,1,15,70.7,Medium
101531,Sneha,Saxena,M,Jaipur,2020-06-06,37,1039689.0,742.0,9,1,6,92.3,Low
101532,Aditya,Kapoor,F,Hyderabad,2021-05-06,21,538430.0,735.0,70,0,15,62.6,Low
101533,Riya,Malhotra,F,Delhi,2022-07-07,39,596746.0,795.0,28,1,19,67.0,Low
101534,Meera,Saxena,M,Ahmedabad,2022-10-29,35,250000.0,779.0,45,0,13,75.5,Low
101535,Rohan,Malhotra,M,Bengaluru,2023-05-20,32,671936.0,672.0,26,0,18,90.3,Medium
101536,Arjun,Iyer,F,,2022-04-03,22,1060475.0,755.0,28,1,20,65.4,Low
101537,Priya,Khan,F,Kolkata,2021-11-09,41,963728.0,658.0,40,1,15,78.5,Medium
101538,Rohan,Bose,F,Ahmedabad,2022-02-24,31,801267.0,748.0,15,1,15,60.0,Low
101539,Aisha,Joshi,M,Hyderabad,2022-09-18,25,845094.0,682.0,6,0,11,85.0,Medium
101540,Aisha,Saxena,F,Hyderabad,2020-04-20,21,698445.0,654.0,27,0,14,66.2,Medium
101541,Neha,Kulkarni,F,Pune,2022-04-20,36,895047.0,725.0,38,1,12,81.4,Low
101542,Kabir,Iyer,M,Mumbai,2020-07-21,52,1018493.0,563.0,68,1,8,82.0,High
101543,Riya,Kulkarni,F,Mumbai,2022-12-24,51,494505.0,614.0,75,0,11,52.2,High
101544,Karan,Verma,M,Hyderabad,2023-03-30,32,915922.0,700.0,85,1,18,76.5,Medium
101545,Aisha,Khan,M,Ahmedabad,2021-02-17,31,1055136.0,715.0,64,1,13,67.9,Medium
101546,Aisha,Joshi,M,Kolkata,2021-11-20,40,758678.0,690.0,30,1,9,80.0,Medium
101547,Aditya,Jain,F,Hyderabad,2020-09-22,27,1004154.0,623.0,82,0,10,63.5,High
101548,Vivaan,Singh,F,Pune,2021-07-25,39,1469224.0,665.0,3,1,16,67.0,Medium
101549,Rahul,Singh,F,Chennai,2020-07-23,43,827045.0,732.0,62,1,15,88.4,Low
101550,Priya,Kapoor,F,,2021-08-06,47,936528.0,742.0,12,0,12,87.5,Low
101551,Varun,Singh,M,Mumbai,2023-03-25,35,687627.0,709.0,91,0,14,62.1,Medium
101552,Aditya,Das,F,Delhi,2020-06-21,34,889875.0,774.0,30,1,14,95.6,Low
101553,Anaya,Verma,F,Hyderabad,2020-11-03,28,951260.0,732.0,85,1,10,43.0,Low
101554,Diya,Iyer,F,Lucknow,2021-03-25,29,892865.0,669.0,38,1,10,76.6,Medium
101555,Neha,Reddy,M,Delhi,2020-03-02,34,625667.0,695.0,85,1,17,58.6,Medium
101556,Isha,Malhotra,F,Jaipur,2023-10-28,39,895400.0,633.0,60,1,12,78.5,Medium
101557,Vivaan,Jain,M,Kolkata,2021-04-19,44,1171683.0,704.0,38,1,16,70.9,Medium
101558,Karan,Gupta,F,Bengaluru,2023-11-05,29,948700.0,771.0,15,0,11,61.8,Low
101559,Pooja,Nair,F,Jaipur,2020-03-26,49,1061637.0,748.0,18,1,7,65.2,Low
101560,Sneha,Iyer,F,Lucknow,2023-03-12,34,797857.0,787.0,52,1,10,64.6,Low
101561,Karan,Nair,M,Hyderabad,2022-10-27,36,1014978.0,693.0,29,0,14,74.9,Medium
101562,Pooja,Iyer,M,Bengaluru,2020-10-21,29,911439.0,784.0,60,1,16,85.7,Low
101563,Rahul,Reddy,M,Delhi,2022-01-08,21,640800.0,699.0,21,1,14,97.5,Medium
101564,Neha,Sharma,F,Bengaluru,2021-06-09,44,920075.0,791.0,17,1,7,71.9,Low
101565,Meera,Gupta,F,Delhi,2020-02-03,43,631827.0,709.0,18,0,11,77.6,Medium
101566,Vivaan,Verma,F,Hyderabad,2022-01-21,33,710766.0,749.0,57,1,13,88.2,Low
101567,Rohan,Reddy,M,Ahmedabad,2023-09-14,37,891652.0,791.0,37,1,20,68.6,Low
101568,Pooja,Patel,M,,2022-02-18,41,915394.0,699.0,60,1,14,64.6,Medium
101569,Aisha,Saxena,M,Pune,2021-09-29,22,588369.0,722.0,38,1,14,97.4,Low
101570,Varun,Joshi,M,Hyderabad,2022-11-23,31,1081877.0,781.0,12,0,10,71.8,Low
101571,Anaya,Patel,F,Ahmedabad,2022-03-05,43,975841.0,703.0,75,1,13,76.6,Medium
101572,Sneha,Das,F,Bengaluru,2021-02-09,25,694960.0,637.0,84,1,17,54.8,Medium
101573,Sahil,Kapoor,F,Hyderabad,2022-11-07,39,511731.0,828.0,73,0,14,67.7,Low
101574,Vivaan,Kapoor,M,Hyderabad,2023-12-24,24,818121.0,684.0,1,0,14,96.6,Medium
101575,Vivaan,Kulkarni,M,Bengaluru,2021-03-03,40,751892.0,719.0,58,0,8,79.6,Medium
101576,Pooja,Singh,M,Jaipur,2022-07-02,36,874891.0,774.0,3,1,13,73.7,Low
101577,Arjun,Jain,F,Delhi,2020-10-19,21,770114.0,677.0,63,1,23,90.7,Medium
101578,Anaya,Nair,F,Chennai,2021-08-02,46,408359.0,655.0,21,1,5,54.3,Medium
101579,Sahil,Khan,M,Delhi,2023-01-08,29,764564.0,724.0,23,1,12,69.0,Low
101580,Aditya,Mehta,M,Ahmedabad,2023-01-14,29,,611.0,9,1,19,100.0,High
101581,Rahul,Reddy,F,Chennai,2020-02-17,38,989405.0,694.0,83,1,14,73.4,Medium
101582,Aditya,Bose,F,Pune,2020-03-24,46,696396.0,723.0,55,0,13,73.3,Low
101583,Vivaan,Das,M,Lucknow,2021-08-29,27,1219308.0,695.0,19,1,15,88.1,Medium
101584,Sahil,Mehta,F,Bengaluru,2020-11-03,37,429439.0,625.0,62,0,14,89.0,High
101585,Varun,Yadav,M,Delhi,2020-09-08,40,1138457.0,798.0,87,1,23,58.4,Low
101586,Vivaan,Saxena,F,Delhi,2020-06-28,42,800650.0,716.0,91,1,10,79.1,Medium
101587,Kabir,Sharma,M,Jaipur,2023-08-26,38,1039109.0,789.0,91,1,11,95.1,Low
101588,Varun,Khan,M,Hyderabad,2021-03-01,33,867556.0,696.0,39,1,11,66.3,Medium
101589,Rahul,Reddy,M,Mumbai,2020-02-08,29,1100702.0,662.0,76,1,14,69.5,Medium
101590,Neha,Jain,M,Mumbai,2023-07-26,37,764780.0,725.0,27,1,17,74.3,Low
101591,Aisha,Mehta,F,Ahmedabad,2022-03-26,26,608304.0,698.0,46,1,10,82.3,Medium
101592,Arjun,Malhotra,F,Mumbai,2021-09-16,21,1162511.0,645.0,34,1,16,56.9,Medium
101593,Varun,Das,M,Lucknow,2021-01-10,40,825034.0,791.0,33,1,18,36.6,Low
101594,Aditya,Iyer,F,Pune,2020-02-10,44,898743.0,676.0,92,1,14,76.6,Medium
101595,Kabir,Malhotra,M,Lucknow,2020-02-16,21,1121645.0,609.0,95,1,12,88.0,High
101596,Pooja,Kapoor,M,Hyderabad,2020-07-03,27,622970.0,783.0,96,0,15,70.3,Low
101597,Aisha,Mehta,F,Kolkata,2020-03-12,42,981008.0,682.0,50,1,7,66.7,Medium
101598,Neha,Malhotra,F,Mumbai,2021-07-22,55,720223.0,677.0,20,1,15,72.0,Medium
101599,Neha,Saxena,M,Pune,2021-07-27,36,820923.0,613.0,40,1,17,93.2,High
101600,Rahul,Gupta,M,Jaipur,2020-12-07,29,865901.0,806.0,95,1,14,66.0,Low
101601,Aarav,Mishra,F,Hyderabad,2021-07-22,34,519951.0,639.0,58,1,16,80.8,Medium
101602,Anaya,Saxena,M,Chennai,2022-08-21,48,678656.0,713.0,31,1,13,60.2,Medium
101603,Arjun,Verma,F,Kolkata,2023-06-20,30,1147236.0,760.0,38,1,17,60.7,Low
101604,Arjun,Reddy,F,Pune,2020-11-23,29,1044962.0,733.0,86,1,19,84.1,Low
101605,Aisha,Saxena,M,Jaipur,2020-06-01,32,836219.0,707.0,45,1,18,93.6,Medium
101606,Vivaan,Patel,M,Lucknow,2023-07-02,27,903487.0,616.0,41,1,16,84.7,High
101607,Varun,Sharma,F,Lucknow,2021-12-29,37,785267.0,665.0,9,1,10,49.4,Medium
101608,Neha,Kulkarni,M,,2023-12-18,51,1148448.0,720.0,9,1,14,69.0,Low
101609,Diya,Nair,M,Lucknow,2020-08-19,39,,667.0,63,1,13,76.9,Medium
101610,Karan,Kapoor,F,Jaipur,2020-06-24,34,901005.0,721.0,79,1,7,74.7,Low
101611,Priya,Kapoor,F,Lucknow,2021-07-04,33,1102127.0,747.0,77,1,16,51.0,Low
101612,Arjun,Mishra,M,Jaipur,2020-05-22,22,678978.0,763.0,22,1,18,58.4,Low
101613,Rohan,Joshi,F,Bengaluru,2020-01-17,44,1192934.0,643.0,16,1,11,64.4,Medium
101614,Diya,Mishra,F,Delhi,2020-09-05,35,513298.0,,32,1,15,73.2,Low
101615,Isha,Mishra,M,Lucknow,2022-11-24,34,1208521.0,752.0,66,0,17,50.8,Low
101616,Neha,Joshi,M,Delhi,2022-03-11,65,768011.0,710.0,90,1,19,81.2,Medium
101617,Rahul,Das,F,Kolkata,2022-09-26,39,796606.0,770.0,14,1,15,72.9,Low
101618,Rahul,Das,M,Ahmedabad,2022-09-25,29,434198.0,840.0,38,1,14,61.5,Low
101619,Rahul,Patel,M,Ahmedabad,2020-05-25,32,749945.0,631.0,8,1,21,76.3,Medium
101620,Aditya,Kulkarni,F,Hyderabad,2022-07-14,46,621243.0,698.0,21,1,16,56.7,Medium
101621,Sneha,Gupta,F,Pune,2021-12-27,37,716318.0,579.0,56,1,18,73.4,High
101622,Anaya,Joshi,F,Bengaluru,2020-06-13,23,819792.0,721.0,46,1,11,52.4,Low
101623,Neha,Mishra,F,Ahmedabad,2023-02-08,44,1060714.0,730.0,43,1,13,54.1,Low
101624,Priya,Khan,M,Pune,2021-10-08,30,895673.0,708.0,92,1,18,68.6,Medium
101625,Priya,Singh,M,Jaipur,2023-01-02,53,917689.0,674.0,46,1,15,65.4,Medium
101626,Rohan,Jain,F,Delhi,2021-10-29,46,608986.0,597.0,48,1,15,78.6,High
101627,Varun,Jain,F,Delhi,2020-12-19,32,656234.0,731.0,70,1,14,73.8,Low
101628,Arjun,Singh,F,Jaipur,2023-07-21,48,1245720.0,790.0,84,1,20,99.2,Low
101629,Meera,Malhotra,M,Kolkata,2022-07-31,37,688256.0,677.0,31,0,17,70.8,Medium
101630,Rahul,Yadav,F,Delhi,2023-07-26,44,1214366.0,734.0,33,1,21,34.4,Low
101631,Meera,Jain,M,Delhi,2022-11-20,40,796527.0,624.0,44,1,12,49.6,High
101632,Neha,Yadav,M,Delhi,2021-06-09,28,850503.0,735.0,71,1,6,59.6,Low
101633,Karan,Iyer,M,Pune,2021-05-24,30,1085480.0,688.0,8,0,8,100.0,Medium
101634,Rohan,Khan,M,Mumbai,2020-06-26,45,1129816.0,668.0,73,1,13,73.6,Medium
101635,Rohan,Mehta,F,Chennai,2020-11-24,33,825621.0,668.0,2,1,13,87.3,Medium
101636,Pooja,Patel,M,Jaipur,2022-03-11,32,764587.0,688.0,17,1,15,86.1,Medium
101637,Aisha,Verma,M,,2021-11-18,27,837698.0,731.0,52,1,14,58.8,Low
101638,Priya,Yadav,M,Ahmedabad,2023-04-10,40,924351.0,638.0,45,1,12,52.5,Medium
101639,Aisha,Das,F,Bengaluru,2023-11-20,55,1046087.0,688.0,37,1,16,81.7,Medium
101640,Sahil,Das,F,Lucknow,2022-07-26,26,850931.0,708.0,42,1,11,47.4,Medium
101641,Kabir,Kapoor,F,Ahmedabad,2022-09-06,36,986155.0,650.0,44,1,20,85.7,Medium
101642,Kabir,Mehta,M,Hyderabad,2022-01-04,49,1210439.0,809.0,81,1,18,72.6,Low
101643,Anaya,Iyer,F,Mumbai,2022-11-24,35,933888.0,663.0,38,1,13,81.4,Medium
101644,Karan,Jain,M,Bengaluru,2020-10-23,40,918564.0,673.0,94,1,18,77.6,Medium
101645,Kabir,Kapoor,M,Mumbai,2021-09-13,26,515840.0,656.0,6,1,16,78.3,Medium
101646,Rohan,Nair,F,Pune,2023-06-12,40,271239.0,809.0,68,1,11,75.3,Low
101647,Priya,Malhotra,M,Bengaluru,2022-06-27,34,935443.0,740.0,51,1,11,77.4,Low
101648,Pooja,Saxena,M,Bengaluru,2022-11-28,45,829139.0,658.0,35,1,12,74.6,Medium
101649,Aisha,Reddy,M,Ahmedabad,2023-05-27,47,736748.0,771.0,58,1,12,57.5,Low
101650,Kabir,Iyer,M,Chennai,2023-05-25,59,903577.0,721.0,57,1,17,69.3,Low
101651,Vivaan,Khan,M,Lucknow,2021-12-06,41,836711.0,724.0,73,0,13,100.0,Low
101652,Aarav,Mishra,M,Jaipur,2021-09-19,39,1098112.0,,6,1,12,77.8,Medium
101653,Rahul,Kulkarni,M,Jaipur,2021-11-03,38,,669.0,13,1,16,87.7,Medium
101654,Sneha,Saxena,F,Lucknow,2021-02-23,33,685677.0,729.0,59,1,15,62.2,Low
101655,Karan,Kulkarni,F,Jaipur,2021-10-14,39,1067837.0,680.0,86,1,11,62.0,Medium
101656,Diya,Mishra,F,Bengaluru,2022-04-03,33,802231.0,810.0,92,1,17,59.6,Low
101657,Karan,Verma,F,Pune,2023-04-12,38,965838.0,640.0,30,1,10,58.0,Medium
101658,Priya,Mehta,F,Bengaluru,2021-12-13,48,744970.0,794.0,2,0,15,54.5,Low
101659,Aditya,Khan,M,Bengaluru,2022-05-16,27,707038.0,704.0,58,1,12,76.8,Medium
101660,Rahul,Malhotra,M,Jaipur,2022-03-24,46,868517.0,726.0,36,1,12,69.7,Low
101661,Diya,Bose,F,Mumbai,2022-05-17,48,852822.0,756.0,72,1,12,84.5,Low
101662,Meera,Mishra,M,Bengaluru,2020-04-22,35,955562.0,675.0,45,1,14,70.3,Medium
101663,Anaya,Singh,M,Chennai,2022-07-28,21,790898.0,758.0,9,1,14,45.2,Low
101664,Rohan,Kulkarni,M,Ahmedabad,2020-06-22,31,446001.0,561.0,65,1,14,79.3,High
101665,Vivaan,Kapoor,F,Hyderabad,2022-10-07,48,754790.0,670.0,77,1,18,49.6,Medium
101666,Neha,Malhotra,F,Pune,2020-03-14,36,1024640.0,659.0,50,1,12,76.6,Medium
101667,Aisha,Singh,M,Hyderabad,2021-09-28,27,784577.0,641.0,79,1,15,64.7,Medium
101668,Anaya,Yadav,F,Jaipur,2020-02-01,31,795796.0,698.0,32,1,18,76.8,Medium
101669,Priya,Singh,F,Jaipur,2023-07-01,44,1067003.0,731.0,43,1,17,56.7,Low
101670,Aarav,Joshi,M,Ahmedabad,2021-05-11,41,693366.0,749.0,95,1,7,83.3,Low
101671,Riya,Iyer,M,Ahmedabad,2023-02-10,34,510583.0,723.0,78,0,8,74.5,Low
101672,Kabir,Gupta,M,Hyderabad,2020-07-13,33,814661.0,673.0,54,1,10,69.9,Medium
101673,Varun,Saxena,F,Lucknow,2021-06-11,32,743482.0,730.0,47,1,10,53.7,Low
101674,Pooja,Mehta,M,Kolkata,2021-03-16,28,637426.0,717.0,14,1,7,95.7,Medium
101675,Vivaan,Saxena,M,Bengaluru,2021-12-24,51,811417.0,761.0,48,0,16,63.1,Low
101676,Anaya,Das,M,Kolkata,2020-01-24,33,958131.0,753.0,55,1,10,77.2,Low
101677,Varun,Khan,F,,2020-10-16,47,,712.0,29,1,13,62.6,Medium
101678,Rahul,Mehta,F,Pune,2022-06-14,50,917536.0,661.0,47,1,18,100.0,Medium
101679,Varun,Iyer,M,Lucknow,2020-11-03,45,1248950.0,674.0,63,1,16,75.8,Medium
101680,Aisha,Nair,F,,2020-10-30,32,774567.0,680.0,19,0,21,66.6,Medium
101681,Varun,Patel,M,Chennai,2021-09-22,40,911237.0,693.0,91,1,18,81.3,Medium
101682,Aarav,Patel,M,Lucknow,2022-08-08,36,737973.0,725.0,9,1,13,83.0,Low
101683,Aisha,Reddy,F,Hyderabad,2020-02-07,28,663801.0,749.0,37,1,10,78.7,Low
101684,Anaya,Das,M,Pune,2021-01-20,39,721320.0,707.0,92,1,17,70.1,Medium
101685,Priya,Mishra,M,Chennai,2022-01-14,25,744673.0,711.0,52,1,8,79.3,Medium
101686,Aarav,Verma,M,Mumbai,2020-03-22,47,929085.0,718.0,57,1,12,72.1,Medium
101687,Diya,Nair,F,Ahmedabad,2023-02-15,32,1366797.0,682.0,88,1,15,73.7,Medium
101688,Kabir,Yadav,F,Jaipur,2020-02-19,38,692470.0,659.0,28,1,18,64.6,Medium
101689,Aditya,Reddy,F,Mumbai,2021-10-30,39,758342.0,613.0,36,0,9,56.4,High
101690,Riya,Patel,F,Kolkata,2020-03-14,34,836113.0,672.0,64,1,16,80.8,Medium
101691,Kabir,Yadav,F,Hyderabad,2022-09-28,41,937076.0,736.0,18,0,14,81.3,Low
101692,Meera,Kulkarni,M,Delhi,2021-11-25,32,907981.0,671.0,89,1,8,89.6,Medium
101693,Aditya,Nair,F,Kolkata,2023-02-03,44,1132501.0,697.0,35,1,20,74.6,Medium
101694,Vivaan,Verma,F,Jaipur,2023-09-11,24,316194.0,736.0,68,1,16,71.4,Low
101695,Anaya,Mehta,M,Pune,2021-11-14,37,324875.0,739.0,78,1,15,57.1,Low
101696,Kabir,Verma,M,Pune,2020-12-21,53,740907.0,651.0,39,1,12,73.5,Medium
101697,Pooja,Das,M,Ahmedabad,2023-07-31,27,1091406.0,765.0,90,1,16,78.3,Low
101698,Neha,Singh,F,Pune,2022-10-10,30,505557.0,772.0,8,1,11,52.2,Low
101699,Meera,Gupta,M,Mumbai,2020-07-03,41,250000.0,648.0,88,1,18,86.8,Medium
101700,Isha,Sharma,M,Hyderabad,2020-06-02,38,975659.0,665.0,80,1,12,65.5,Medium
101701,Arjun,Sharma,M,Hyderabad,2022-05-03,39,903605.0,776.0,84,1,7,71.6,Low
101702,Riya,Malhotra,M,Lucknow,2020-04-27,40,610154.0,702.0,15,1,20,81.2,Medium
101703,Rohan,Gupta,F,Mumbai,2020-09-23,42,633181.0,588.0,7,1,11,73.9,High
101704,Kabir,Yadav,M,Lucknow,2023-11-09,46,636656.0,633.0,17,1,10,90.8,Medium
101705,Karan,Kapoor,M,Lucknow,2022-04-16,40,874318.0,696.0,86,1,11,81.5,Medium
101706,Kabir,Singh,F,Hyderabad,2020-09-11,34,712211.0,646.0,86,0,12,72.2,Medium
101707,Sneha,Khan,F,Delhi,2023-06-18,42,958694.0,687.0,64,1,13,36.6,Medium
101708,Pooja,Saxena,M,Delhi,2020-06-19,53,250000.0,712.0,12,1,15,86.0,Medium
101709,Anaya,Singh,M,Kolkata,2021-09-08,35,661493.0,790.0,82,1,10,59.8,Low
101710,Pooja,Singh,F,Bengaluru,2022-09-28,27,602268.0,694.0,56,1,15,84.2,Medium
101711,Pooja,Khan,M,Ahmedabad,2021-07-01,46,793605.0,769.0,46,1,16,79.9,Low
101712,Anaya,Patel,F,Ahmedabad,2023-04-23,35,731629.0,789.0,47,1,13,71.6,Low
101713,Kabir,Singh,M,Jaipur,2021-12-02,21,1025526.0,789.0,79,1,15,85.4,Low
101714,Sahil,Malhotra,M,Pune,2021-10-28,44,440946.0,726.0,16,1,11,80.3,Low
101715,Aditya,Bose,M,Ahmedabad,2022-06-11,31,860008.0,602.0,69,1,13,77.9,High
101716,Isha,Joshi,M,Delhi,2021-02-13,35,972834.0,,2,0,15,53.4,Low
101717,Varun,Das,F,Pune,2022-01-08,39,1258462.0,768.0,92,0,16,74.5,Low
101718,Meera,Bose,F,Lucknow,2020-05-25,38,744011.0,706.0,54,0,11,59.1,Medium
101719,Sneha,Reddy,F,Kolkata,2022-11-27,42,921381.0,806.0,27,1,18,60.8,Low
101720,Aditya,Malhotra,F,Chennai,2021-05-04,32,453150.0,757.0,31,1,10,69.7,Low
101721,Rohan,Kulkarni,F,Kolkata,2020-09-18,41,323770.0,741.0,41,1,24,91.6,Low
101722,Sneha,Sharma,F,Mumbai,2023-02-23,34,1035850.0,770.0,36,1,18,78.4,Low
101723,Diya,Nair,F,Pune,2020-12-10,43,848777.0,728.0,47,1,16,79.2,Low
101724,Riya,Malhotra,M,Chennai,2023-07-08,42,1109273.0,573.0,43,1,15,83.2,High
101725,Varun,Joshi,M,Lucknow,2022-05-28,28,547851.0,683.0,65,1,17,63.5,Medium
101726,Rahul,Iyer,F,Ahmedabad,2023-02-05,46,964378.0,776.0,50,1,12,55.1,Low
101727,Aditya,Iyer,F,Ahmedabad,2021-05-28,31,1261140.0,666.0,93,1,12,53.0,Medium
101728,Aditya,Das,F,Delhi,2022-08-02,43,942335.0,698.0,1,1,13,76.8,Medium
101729,Riya,Mishra,F,Chennai,2021-12-13,39,910848.0,653.0,72,1,17,85.8,Medium
101730,Sneha,Malhotra,M,Jaipur,2023-01-18,53,851882.0,808.0,57,1,12,85.0,Low
101731,Sneha,Gupta,F,Hyderabad,2020-08-02,34,504406.0,802.0,16,1,8,64.0,Low
101732,Rohan,Malhotra,F,Chennai,2023-09-04,33,1148226.0,661.0,28,0,16,90.3,Medium
101733,Anaya,Patel,M,Bengaluru,2021-08-26,36,715611.0,718.0,86,1,17,98.5,Medium
101734,Meera,Mehta,F,Ahmedabad,2022-04-17,33,,673.0,82,1,13,81.3,Medium
101735,Sahil,Das,F,Hyderabad,2022-02-10,43,506132.0,744.0,22,1,11,91.8,Low
101736,Aisha,Nair,F,Lucknow,2021-10-31,21,590519.0,738.0,41,1,21,84.5,Low
101737,Diya,Kulkarni,F,Kolkata,2022-12-16,27,1165719.0,755.0,76,1,18,71.2,Low
101738,Isha,Joshi,M,Jaipur,2021-07-12,26,773593.0,728.0,19,1,9,66.0,Low
101739,Karan,Verma,M,Hyderabad,2023-11-26,45,1169721.0,850.0,89,1,11,54.6,Low
101740,Aditya,Mehta,F,Delhi,2020-08-09,51,832789.0,653.0,50,1,11,68.7,Medium
101741,Aarav,Khan,M,Bengaluru,2021-04-19,35,444782.0,616.0,59,1,11,71.2,High
101742,Arjun,Das,M,Kolkata,2023-02-05,34,1046255.0,688.0,69,1,13,71.4,Medium
101743,Sahil,Bose,M,Mumbai,2022-05-12,37,720224.0,624.0,34,0,8,72.6,High
101744,Vivaan,Saxena,F,Jaipur,2022-03-22,46,1003712.0,628.0,39,1,13,46.5,High
101745,Aarav,Gupta,M,Chennai,2020-06-28,28,855546.0,655.0,74,0,18,83.3,Medium
101746,Isha,Kapoor,M,Hyderabad,2020-06-25,38,510514.0,659.0,7,1,16,84.7,Medium
101747,Karan,Mehta,F,Ahmedabad,2021-05-01,45,886145.0,657.0,52,1,18,78.5,Medium
101748,Aisha,Verma,F,Ahmedabad,2021-02-17,41,1333169.0,739.0,60,1,12,60.0,Low
101749,Rohan,Patel,F,Lucknow,2021-11-22,38,958457.0,682.0,52,1,17,78.4,Medium
101750,Aditya,Nair,F,Mumbai,2022-11-26,45,837346.0,700.0,79,1,9,74.3,Medium
101751,Rahul,Mishra,M,Ahmedabad,2021-07-28,21,1086576.0,759.0,24,1,20,79.7,Low
101752,Arjun,Reddy,M,Delhi,2020-09-24,42,,668.0,26,1,16,92.6,Medium
101753,Neha,Gupta,M,Jaipur,2022-02-23,30,896098.0,695.0,90,1,8,71.9,Medium
101754,Varun,Yadav,F,Chennai,2022-07-12,21,609842.0,730.0,90,1,14,76.2,Low
101755,Sneha,Malhotra,M,Pune,2021-01-22,41,901447.0,603.0,10,1,16,63.6,High
101756,Sahil,Mehta,F,Jaipur,2020-12-19,48,1077798.0,579.0,17,1,14,85.1,High
101757,Aditya,Kapoor,M,Lucknow,2022-03-24,35,666066.0,729.0,78,1,9,82.4,Low
101758,Priya,Patel,M,Kolkata,2023-07-17,45,1163389.0,737.0,2,1,13,76.6,Low
101759,Diya,Singh,F,Lucknow,2022-10-20,51,829825.0,824.0,77,0,14,61.4,Low
101760,Varun,Jain,F,Delhi,2020-09-25,48,654691.0,719.0,27,1,22,65.8,Medium
101761,Diya,Mehta,M,Chennai,2023-08-21,51,1069479.0,755.0,73,1,19,52.0,Low
101762,Vivaan,Saxena,M,Jaipur,2023-06-23,43,786905.0,699.0,71,1,19,65.7,Medium
101763,Riya,Nair,M,Jaipur,2023-04-16,37,1017093.0,726.0,48,0,17,82.5,Low
101764,Pooja,Patel,M,Delhi,2022-12-26,22,785813.0,802.0,74,1,17,78.7,Low
101765,Kabir,Nair,F,Hyderabad,2020-10-03,34,836838.0,593.0,9,1,6,75.9,High
101766,Aditya,Jain,M,,2023-05-16,28,958583.0,733.0,86,1,17,91.8,Low
101767,Varun,Singh,M,Jaipur,2020-11-02,56,913997.0,827.0,23,0,13,77.7,Low
101768,Neha,Gupta,F,Jaipur,2021-09-22,34,410983.0,726.0,71,1,12,67.1,Low
101769,Aarav,Iyer,F,Chennai,2021-06-21,37,603326.0,801.0,73,1,17,65.6,Low
101770,Neha,Reddy,M,Hyderabad,2021-06-01,41,1054470.0,675.0,27,1,13,71.2,Medium
101771,Karan,Kulkarni,M,Mumbai,2023-07-21,36,820930.0,708.0,88,1,16,68.6,Medium
101772,Aditya,Yadav,M,Lucknow,2023-06-10,51,734779.0,712.0,93,1,17,85.4,Medium
101773,Isha,Iyer,M,Ahmedabad,2023-02-11,30,551114.0,588.0,81,0,6,79.1,High
101774,Aarav,Kapoor,F,Chennai,2020-05-13,38,612458.0,646.0,84,0,18,70.2,Medium
101775,Vivaan,Gupta,F,Pune,2023-12-19,29,405204.0,650.0,71,1,13,70.6,Medium
101776,Riya,Gupta,M,Lucknow,2022-04-04,24,827718.0,755.0,43,1,18,82.4,Low
101777,Arjun,Saxena,F,Hyderabad,2022-11-14,30,718344.0,758.0,7,1,11,86.1,Low
101778,Aisha,Kapoor,M,Lucknow,2023-07-27,36,637351.0,728.0,92,1,11,51.9,Low
101779,Arjun,Khan,M,Hyderabad,2023-09-28,32,835013.0,755.0,83,0,7,71.9,Low
101780,Meera,Das,F,Ahmedabad,2022-03-23,30,930074.0,701.0,63,1,10,75.1,Medium
101781,Sneha,Joshi,M,Hyderabad,2020-03-12,23,1310504.0,776.0,84,1,15,80.6,Low
101782,Aditya,Mehta,M,Bengaluru,2022-10-14,35,517386.0,710.0,44,1,11,75.4,Medium
101783,Meera,Sharma,F,Pune,2022-08-09,22,1105064.0,713.0,39,1,8,78.9,Medium
101784,Rahul,Verma,M,Delhi,2023-05-09,43,1064082.0,695.0,40,1,16,71.2,Medium
101785,Sahil,Kapoor,M,Lucknow,2023-09-11,37,678600.0,748.0,7,1,16,64.3,Low
101786,Rohan,Singh,F,Lucknow,2020-02-02,23,894712.0,687.0,70,1,13,83.4,Medium
101787,Aisha,Kapoor,F,Pune,2020-04-06,33,749321.0,764.0,25,0,13,83.8,Low
101788,Anaya,Das,F,Bengaluru,2020-09-19,29,890851.0,648.0,59,1,12,81.8,Medium
101789,Meera,Iyer,M,Bengaluru,2022-05-23,39,1182009.0,650.0,13,0,13,84.0,Medium
101790,Meera,Jain,M,Jaipur,2022-07-02,48,983233.0,748.0,86,1,18,62.3,Low
101791,Arjun,Kapoor,M,Bengaluru,2022-12-29,21,961894.0,705.0,81,1,10,67.9,Medium
101792,Meera,Verma,F,Ahmedabad,2020-10-19,37,755332.0,685.0,86,0,19,87.4,Medium
101793,Neha,Mehta,M,Ahmedabad,2022-07-05,35,523508.0,759.0,62,0,9,78.3,Low
101794,Kabir,Verma,F,Bengaluru,2021-12-30,42,804137.0,677.0,8,1,11,74.7,Medium
101795,Rohan,Reddy,M,Bengaluru,2023-05-15,38,1115454.0,699.0,45,0,13,71.0,Medium
101796,Rahul,Khan,M,Delhi,2020-06-20,29,514023.0,787.0,18,1,9,89.2,Low
101797,Arjun,Iyer,M,Kolkata,2022-01-27,33,617880.0,795.0,88,1,11,52.8,Low
101798,Rohan,Malhotra,F,Ahmedabad,2022-07-14,29,877779.0,796.0,60,1,16,77.5,Low
101799,Arjun,Jain,F,Delhi,2023-11-19,46,633376.0,694.0,60,1,16,73.2,Medium
101800,Neha,Nair,F,Lucknow,2023-07-03,36,675645.0,778.0,2,0,21,59.0,Low
101801,Varun,Sharma,M,Chennai,2023-07-11,53,756808.0,658.0,66,1,10,93.4,Medium
101802,Aisha,Das,M,Ahmedabad,2022-06-19,35,549564.0,660.0,91,1,15,41.7,Medium
101803,Aarav,Iyer,M,Delhi,2023-07-11,30,635693.0,581.0,14,1,11,75.5,High
101804,Karan,Patel,F,Kolkata,2021-05-31,22,1004754.0,802.0,48,1,15,80.3,Low
101805,Karan,Mishra,M,Pune,2022-10-30,21,562379.0,662.0,56,0,12,62.3,Medium
101806,Meera,Joshi,M,Jaipur,2020-09-27,22,498468.0,703.0,12,0,9,77.3,Medium
101807,Sahil,Saxena,M,Bengaluru,2022-01-11,38,711395.0,660.0,96,1,19,71.3,Medium
101808,Kabir,Yadav,M,Ahmedabad,2023-08-28,41,1011030.0,748.0,92,0,21,85.9,Low
101809,Aisha,Kapoor,M,Jaipur,2023-10-25,22,806677.0,689.0,55,1,12,100.0,Medium
101810,Arjun,Gupta,M,Lucknow,2021-07-20,44,747792.0,638.0,28,1,15,78.1,Medium
101811,Varun,Kapoor,M,Bengaluru,2021-07-06,32,859759.0,734.0,89,1,17,81.2,Low
101812,Sahil,Singh,M,Lucknow,2021-10-11,37,465944.0,631.0,4,1,13,62.3,Medium
101813,Rahul,Bose,F,Chennai,2021-01-25,51,958835.0,664.0,90,1,16,76.6,Medium
101814,Anaya,Kulkarni,F,Ahmedabad,2022-08-16,44,934356.0,594.0,36,1,20,69.5,High
101815,Kabir,Mishra,M,Jaipur,2023-02-12,34,759952.0,632.0,50,0,13,83.3,Medium
101816,Aisha,Jain,F,Bengaluru,2021-07-28,28,1071303.0,720.0,3,1,14,56.9,Low
101817,Isha,Reddy,M,Delhi,2020-12-09,21,601951.0,602.0,1,1,11,61.1,High
101818,Priya,Verma,M,Hyderabad,2023-12-04,30,1098140.0,629.0,17,0,12,88.2,High
101819,Rohan,Gupta,F,Mumbai,2023-11-02,34,883989.0,710.0,71,1,14,76.5,Medium
101820,Varun,Das,F,Ahmedabad,2021-03-31,27,775958.0,680.0,62,1,20,89.9,Medium
101821,Aisha,Gupta,F,Ahmedabad,2023-12-17,35,845628.0,820.0,48,1,11,78.4,Low
101822,Diya,Nair,M,Lucknow,2021-03-19,37,826402.0,811.0,62,1,14,80.1,Low
101823,Varun,Kulkarni,M,Ahmedabad,2020-07-15,34,1118462.0,662.0,69,1,10,70.3,Medium
101824,Isha,Kulkarni,M,Pune,2022-05-17,30,613131.0,741.0,19,1,10,71.7,Low
101825,Neha,Malhotra,M,Delhi,2020-12-28,38,682246.0,751.0,34,1,12,85.6,Low
101826,Priya,Patel,M,Lucknow,2023-12-04,40,1077987.0,677.0,49,1,21,72.3,Medium
101827,Aditya,Khan,M,Delhi,2023-11-18,26,718982.0,628.0,80,1,14,88.2,High
101828,Aditya,Khan,M,Ahmedabad,2022-05-17,49,1048117.0,709.0,47,1,15,72.7,Medium
101829,Aditya,Saxena,F,Jaipur,2021-07-19,35,1223876.0,700.0,91,1,13,59.8,Medium
101830,Aditya,Saxena,F,Delhi,2021-11-01,36,761605.0,686.0,50,1,19,58.8,Medium
101831,Vivaan,Kapoor,M,Lucknow,2023-08-10,42,999900.0,734.0,89,0,7,71.9,Low
101832,Anaya,Mishra,F,Bengaluru,2020-01-25,38,596188.0,669.0,26,1,11,85.0,Medium
101833,Aarav,Mishra,F,Kolkata,2020-08-24,45,1016041.0,647.0,56,1,11,66.0,Medium
101834,Priya,Joshi,M,Hyderabad,2021-04-05,39,893873.0,716.0,78,1,9,82.8,Medium
101835,Rahul,Gupta,M,Chennai,2023-09-06,30,954068.0,731.0,14,1,13,75.2,Low
101836,Riya,Gupta,F,Mumbai,2020-04-09,39,707974.0,645.0,78,1,15,81.3,Medium
101837,Anaya,Reddy,M,Delhi,2022-01-09,26,484562.0,761.0,25,0,21,70.5,Low
101838,Pooja,Khan,F,Ahmedabad,2021-02-11,37,960715.0,613.0,4,0,13,76.2,High
101839,Pooja,Reddy,M,Pune,2023-03-24,36,396051.0,678.0,79,1,19,85.3,Medium
101840,Aisha,Kulkarni,M,Chennai,2022-09-04,34,780183.0,696.0,32,1,19,73.8,Medium
101841,Priya,Bose,F,,2023-12-28,35,1057060.0,675.0,82,1,12,67.7,Medium
101842,Varun,Kulkarni,F,Pune,2022-01-20,21,892218.0,679.0,78,1,12,52.2,Medium
101843,Priya,Patel,M,Jaipur,2023-12-28,31,1278635.0,813.0,65,1,10,80.5,Low
101844,Kabir,Reddy,F,Jaipur,2020-05-22,37,1075524.0,663.0,61,1,19,64.7,Medium
101845,Meera,Malhotra,M,Chennai,2021-06-12,37,706142.0,844.0,20,1,11,67.8,Low
101846,Aarav,Saxena,F,Chennai,2023-08-01,27,856009.0,734.0,74,0,9,61.1,Low
101847,Karan,Malhotra,F,Kolkata,2022-10-25,47,839578.0,715.0,10,1,14,71.2,Medium
101848,Varun,Kapoor,M,Bengaluru,2021-06-06,28,501921.0,736.0,88,1,16,99.2,Low
101849,Riya,Kulkarni,M,Delhi,2021-12-20,45,643112.0,849.0,34,1,9,78.2,Low
101850,Aarav,Malhotra,M,Delhi,2023-12-30,40,726633.0,655.0,61,0,12,66.3,Medium
101851,Karan,Nair,M,Jaipur,2021-02-21,30,402031.0,648.0,92,1,14,68.5,Medium
101852,Neha,Khan,M,Hyderabad,2023-01-09,52,860449.0,668.0,27,1,18,56.7,Medium
101853,Aditya,Das,F,Kolkata,2021-06-28,25,795204.0,712.0,40,1,11,60.4,Medium
101854,Anaya,Patel,M,Ahmedabad,2022-10-06,44,481963.0,615.0,65,1,12,58.5,High
101855,Aditya,Iyer,M,Hyderabad,2022-03-27,45,938927.0,711.0,33,1,14,77.2,Medium
101856,Isha,Mishra,F,Bengaluru,2023-11-01,30,1007492.0,803.0,68,1,14,79.4,Low
101857,Aisha,Kulkarni,M,Pune,2020-06-07,49,899948.0,718.0,71,1,19,74.9,Medium
101858,Aisha,Sharma,M,Hyderabad,2021-09-18,34,778705.0,694.0,9,0,18,78.4,Medium
101859,Meera,Das,M,Chennai,2023-05-25,39,980117.0,676.0,16,1,10,64.8,Medium
101860,Neha,Das,F,Hyderabad,2022-02-11,38,999648.0,759.0,5,1,16,60.2,Low
101861,Rahul,Patel,M,Jaipur,2022-12-04,35,,,23,1,12,60.1,Medium
101862,Isha,Bose,F,Pune,2023-05-23,43,668585.0,812.0,43,1,14,59.6,Low
101863,Neha,Reddy,M,Bengaluru,2020-05-07,43,910852.0,816.0,89,1,16,78.3,Low
101864,Karan,Khan,F,Kolkata,2023-07-01,21,1113006.0,724.0,57,0,20,98.2,Low
101865,Vivaan,Saxena,F,Pune,2022-05-26,48,718742.0,709.0,51,0,11,61.4,Medium
101866,Meera,Verma,F,Lucknow,2023-10-07,21,1311547.0,767.0,13,1,7,69.9,Low
101867,Kabir,Patel,M,Kolkata,2021-08-28,45,734361.0,770.0,24,1,13,76.4,Low
101868,Sahil,Reddy,M,Kolkata,2021-06-24,46,857130.0,666.0,11,0,12,70.7,Medium
101869,Diya,Joshi,F,Jaipur,2020-06-12,26,702053.0,681.0,52,1,16,78.0,Medium
101870,Diya,Patel,M,Lucknow,2021-10-10,32,899120.0,637.0,17,1,13,67.1,Medium
101871,Karan,Sharma,M,Ahmedabad,2020-05-10,26,466711.0,732.0,37,1,14,65.8,Low
101872,Isha,Kapoor,F,Pune,2021-11-26,34,729871.0,747.0,13,1,17,71.8,Low
101873,Aditya,Bose,F,Hyderabad,2021-05-18,33,609733.0,636.0,62,1,19,77.9,Medium
101874,Diya,Patel,M,Delhi,2023-12-18,43,879774.0,685.0,91,1,13,89.4,Medium
101875,Rohan,Mishra,F,Pune,2020-07-02,48,1068778.0,636.0,84,1,14,78.5,Medium
101876,Sahil,Malhotra,F,Delhi,2022-04-05,49,992121.0,661.0,96,1,18,71.0,Medium
101877,Anaya,Joshi,M,Kolkata,2021-11-01,31,328235.0,740.0,8,0,13,84.0,Low
101878,Aisha,Yadav,F,Chennai,2022-09-08,34,1299255.0,670.0,56,1,20,86.0,Medium
101879,Neha,Singh,F,Bengaluru,2022-10-19,21,914962.0,693.0,93,0,19,70.4,Medium
101880,Sneha,Yadav,F,Mumbai,2021-07-07,29,679170.0,620.0,83,1,9,72.2,High
101881,Anaya,Verma,M,Chennai,2023-06-12,45,884568.0,720.0,70,0,17,68.9,Low
101882,Rahul,Reddy,F,Delhi,2020-05-10,51,888762.0,708.0,44,1,14,83.9,Medium
101883,Kabir,Saxena,M,Chennai,2021-11-27,25,703293.0,670.0,60,1,17,74.9,Medium
101884,Neha,Saxena,M,Bengaluru,2022-11-03,31,893542.0,700.0,41,1,9,57.1,Medium
101885,Priya,Nair,F,Jaipur,2022-03-24,36,716356.0,720.0,21,0,11,78.9,Low
101886,Riya,Gupta,M,Mumbai,2021-10-20,39,761040.0,665.0,86,1,16,91.9,Medium
101887,Arjun,Yadav,M,Hyderabad,2021-01-14,29,699019.0,629.0,42,0,10,92.8,High
101888,Karan,Yadav,M,Hyderabad,2022-12-19,40,534812.0,809.0,74,0,7,68.3,Low
101889,Sneha,Das,M,Jaipur,2022-07-15,32,882084.0,675.0,74,1,10,65.6,Medium
101890,Anaya,Saxena,M,Bengaluru,2023-08-08,36,978766.0,705.0,29,1,7,96.8,Medium
101891,Sahil,Das,M,Lucknow,2023-03-29,41,963274.0,766.0,80,0,11,92.8,Low
101892,Vivaan,Mishra,F,Chennai,2021-06-21,36,1030384.0,850.0,65,1,18,79.6,Low
101893,Aarav,Gupta,M,Lucknow,2021-07-30,32,921355.0,642.0,17,1,19,53.5,Medium
101894,Kabir,Patel,F,Ahmedabad,2023-11-10,35,732800.0,735.0,30,1,22,66.7,Low
101895,Kabir,Jain,F,Bengaluru,2022-12-29,35,1034726.0,671.0,26,1,15,60.9,Medium
101896,Aditya,Bose,M,Hyderabad,2023-11-06,33,551346.0,680.0,53,1,13,95.7,Medium
101897,Arjun,Yadav,M,Delhi,2021-11-15,34,651852.0,670.0,19,1,13,55.7,Medium
101898,Aarav,Sharma,F,Jaipur,2023-06-02,50,637876.0,648.0,53,1,12,95.6,Medium
101899,Meera,Joshi,F,Jaipur,2020-02-09,41,1087612.0,708.0,85,1,18,72.7,Medium
101900,Riya,Yadav,M,Kolkata,2023-03-15,33,1057413.0,629.0,17,1,10,59.6,High
101901,Arjun,Malhotra,F,Chennai,2020-12-31,42,957207.0,762.0,46,1,11,85.8,Low
101902,Rohan,Jain,M,Hyderabad,2020-09-04,33,1085825.0,713.0,85,1,12,81.6,Medium
101903,Varun,Gupta,M,Bengaluru,2020-01-12,47,656558.0,733.0,53,1,11,58.8,Low
101904,Sneha,Sharma,F,Jaipur,2022-01-06,39,926691.0,684.0,64,1,16,73.7,Medium
101905,Isha,Verma,M,Mumbai,2021-05-24,35,822462.0,690.0,45,1,13,90.5,Medium
101906,Sneha,Das,M,Chennai,2023-06-22,40,1036314.0,726.0,49,1,14,69.1,Low
101907,Vivaan,Nair,F,Lucknow,2020-06-19,22,824651.0,646.0,19,1,13,94.2,Medium
101908,Pooja,Patel,F,Lucknow,2022-11-21,26,765313.0,690.0,71,0,13,65.1,Medium
101909,Sneha,Saxena,M,Mumbai,2021-12-21,25,969000.0,663.0,81,1,6,54.5,Medium
101910,Sahil,Bose,F,Chennai,2022-09-21,37,1042757.0,661.0,65,1,14,74.5,Medium
101911,Rahul,Bose,F,Jaipur,2022-03-25,52,702964.0,594.0,37,1,9,56.5,High
101912,Aisha,Mishra,M,Bengaluru,2021-03-04,56,836563.0,784.0,70,1,24,75.5,Low
101913,Priya,Patel,M,Bengaluru,2022-11-24,42,617143.0,672.0,26,1,16,74.1,Medium
101914,Anaya,Yadav,F,Chennai,2020-07-23,41,300427.0,774.0,2,1,15,64.9,Low
101915,Meera,Singh,F,Delhi,2022-06-08,21,894101.0,769.0,59,1,12,96.5,Low
101916,Meera,Iyer,F,Hyderabad,2023-11-08,31,983959.0,639.0,96,0,13,74.0,Medium
101917,Anaya,Yadav,F,Bengaluru,2022-06-23,29,907655.0,650.0,5,0,7,84.4,Medium
101918,Priya,Bose,M,Kolkata,2023-07-13,30,421096.0,850.0,37,1,10,85.1,Low
101919,Pooja,Reddy,M,Lucknow,2021-11-27,34,772813.0,806.0,31,1,15,95.1,Low
101920,Varun,Iyer,M,Jaipur,2022-01-19,32,361963.0,708.0,76,1,13,59.5,Medium
101921,Meera,Sharma,F,Lucknow,2022-09-11,21,1151334.0,724.0,94,1,18,52.9,Low
101922,Diya,Reddy,M,Bengaluru,2023-07-13,43,611068.0,675.0,48,1,16,94.7,Medium
101923,Sneha,Nair,M,Chennai,2022-09-12,26,1126189.0,734.0,6,1,11,81.0,Low
101924,Riya,Sharma,M,Mumbai,2023-02-06,38,1058091.0,671.0,15,1,13,75.5,Medium
101925,Meera,Kulkarni,F,Ahmedabad,2023-04-16,55,651870.0,598.0,15,1,10,72.4,High
101926,Karan,Reddy,F,Lucknow,2020-09-05,28,600787.0,637.0,61,1,20,70.3,Medium
101927,Aisha,Malhotra,M,Pune,2022-10-25,21,927081.0,711.0,16,1,11,84.3,Medium
101928,Rohan,Mishra,F,Delhi,2023-03-26,33,,648.0,20,1,16,56.7,Medium
101929,Karan,Iyer,M,Bengaluru,2020-08-17,46,872547.0,706.0,77,1,20,79.7,Medium
101930,Anaya,Kulkarni,M,Pune,2021-09-19,54,743778.0,651.0,44,1,16,86.4,Medium
101931,Meera,Nair,M,Kolkata,2023-07-08,25,458145.0,667.0,42,0,14,82.9,Medium
101932,Rohan,Singh,M,Mumbai,2022-04-07,40,359297.0,757.0,46,1,17,73.1,Low
101933,Pooja,Mishra,M,Kolkata,2020-11-16,32,899871.0,724.0,95,0,11,74.0,Low
101934,Arjun,Joshi,F,Bengaluru,2023-02-24,35,726457.0,709.0,34,1,8,89.4,Medium
101935,Aarav,Jain,F,Lucknow,2020-01-28,60,,758.0,64,1,13,81.0,Low
101936,Sahil,Iyer,F,,2022-04-30,22,1003090.0,736.0,29,1,16,95.1,Low
101937,Aditya,Gupta,F,Pune,2021-05-24,38,1108157.0,790.0,3,1,12,53.1,Low
101938,Anaya,Saxena,F,Jaipur,2020-08-15,40,790040.0,685.0,9,1,14,84.9,Medium
101939,Rohan,Mehta,M,Kolkata,2021-10-02,46,775068.0,686.0,75,1,22,64.3,Medium
101940,Isha,Verma,F,Kolkata,2021-06-24,37,960031.0,638.0,75,1,20,73.1,Medium
101941,Aisha,Bose,F,,2023-04-17,39,551474.0,686.0,25,1,18,90.5,Medium
101942,Meera,Bose,F,Chennai,2021-11-02,32,899094.0,763.0,86,1,11,62.0,Low
101943,Kabir,Reddy,M,Lucknow,2022-06-28,38,971415.0,781.0,42,1,15,99.4,Low
101944,Rahul,Gupta,M,Jaipur,2023-08-04,33,999651.0,763.0,46,1,21,87.3,Low
101945,Priya,Mehta,F,Chennai,2023-07-12,42,423914.0,611.0,73,1,17,81.0,High
101946,Rahul,Mishra,F,Kolkata,2023-11-19,33,682502.0,770.0,84,1,15,62.8,Low
101947,Rohan,Das,M,Mumbai,2023-12-26,39,656782.0,609.0,59,0,10,71.8,High
101948,Varun,Kulkarni,F,Ahmedabad,2023-12-29,36,871975.0,759.0,21,1,13,69.7,Low
101949,Isha,Malhotra,M,Pune,2023-11-12,46,955764.0,690.0,74,1,16,59.2,Medium
101950,Rohan,Kapoor,F,Kolkata,2022-03-19,36,1179276.0,749.0,22,0,13,87.1,Low
101951,Aisha,Verma,M,Pune,2023-03-14,21,741108.0,637.0,29,1,11,69.1,Medium
101952,Diya,Saxena,M,Mumbai,2023-04-13,47,740534.0,774.0,63,1,8,71.9,Low
101953,Neha,Das,M,Bengaluru,2021-06-03,28,1102928.0,629.0,73,1,17,72.5,High
101954,Neha,Singh,M,Lucknow,2023-08-30,30,915247.0,673.0,61,1,15,71.4,Medium
101955,Priya,Bose,M,Kolkata,2023-02-26,31,1128883.0,655.0,64,1,15,80.4,Medium
101956,Anaya,Malhotra,F,Ahmedabad,2021-05-28,48,913520.0,614.0,69,1,12,66.5,High
101957,Rohan,Reddy,F,Mumbai,2022-10-30,21,595434.0,715.0,40,1,15,86.2,Medium
101958,Rohan,Jain,M,Delhi,2020-12-12,64,,809.0,75,1,10,66.8,Low
101959,Diya,Patel,F,Bengaluru,2020-04-26,46,508667.0,850.0,1,1,14,73.7,Low
101960,Isha,Malhotra,M,Kolkata,2021-02-14,38,995651.0,715.0,65,1,15,58.3,Medium
101961,Rahul,Saxena,M,Jaipur,2023-11-21,36,1111491.0,771.0,62,0,14,86.9,Low
101962,Meera,Yadav,M,Mumbai,2022-10-31,39,1256860.0,723.0,54,0,15,89.9,Low
101963,Karan,Malhotra,M,Lucknow,2023-11-22,41,1035483.0,737.0,60,1,18,82.6,Low
101964,Kabir,Bose,F,,2023-01-21,42,1105824.0,,46,1,12,76.0,Medium
101965,Sneha,Yadav,M,Lucknow,2023-01-30,41,722396.0,721.0,5,1,20,73.6,Low
101966,Meera,Saxena,F,Pune,2020-04-07,37,595589.0,740.0,22,1,16,55.3,Low
101967,Sahil,Reddy,F,Delhi,2020-10-08,34,1037017.0,678.0,90,0,15,57.7,Medium
101968,Aditya,Kulkarni,F,Hyderabad,2022-03-17,35,941890.0,706.0,53,1,12,83.0,Medium
101969,Rohan,Reddy,F,Pune,2022-05-09,34,873638.0,707.0,70,1,15,71.8,Medium
101970,Riya,Singh,F,Mumbai,2021-10-18,46,935222.0,755.0,32,0,9,57.7,Low
101971,Arjun,Kulkarni,F,Jaipur,2023-12-15,41,921101.0,651.0,11,1,13,57.1,Medium
101972,Aisha,Malhotra,M,Jaipur,2023-10-19,21,1132440.0,707.0,10,1,20,81.6,Medium
101973,Rahul,Gupta,M,Kolkata,2020-07-29,42,1134897.0,815.0,39,1,11,84.5,Low
101974,Isha,Das,F,Pune,2021-05-22,38,969728.0,774.0,31,0,14,55.6,Low
101975,Aisha,Jain,F,Delhi,2023-01-04,36,1036077.0,784.0,12,1,17,75.8,Low
101976,Rahul,Das,F,Ahmedabad,2023-09-08,33,963094.0,711.0,80,1,15,78.7,Medium
101977,Aarav,Mishra,M,Bengaluru,2021-03-27,46,748543.0,728.0,38,1,11,67.0,Low
101978,Isha,Patel,M,Bengaluru,2021-11-17,45,1016444.0,765.0,67,1,21,88.9,Low
101979,Kabir,Kulkarni,M,Pune,2021-09-14,29,543211.0,796.0,66,1,16,69.9,Low
101980,Aisha,Khan,F,Chennai,2022-08-28,40,1081856.0,603.0,52,1,21,53.4,High
101981,Isha,Bose,M,Lucknow,2022-07-18,27,587205.0,638.0,5,1,25,71.7,Medium
101982,Varun,Kapoor,M,Pune,2020-01-18,24,912877.0,782.0,11,1,12,90.4,Low
101983,Arjun,Bose,M,Jaipur,2023-08-07,30,664066.0,695.0,25,1,13,69.9,Medium
101984,Aditya,Reddy,M,Hyderabad,2022-02-24,44,971746.0,673.0,35,0,17,61.4,Medium
101985,Rahul,Mehta,M,Pune,2020-07-16,45,842536.0,641.0,35,1,14,81.5,Medium
101986,Sneha,Yadav,M,,2023-03-31,41,499154.0,679.0,22,0,9,77.1,Medium
101987,Vivaan,Verma,M,Hyderabad,2021-02-20,43,942554.0,633.0,37,0,17,74.0,Medium
101988,Isha,Gupta,M,Kolkata,2021-01-18,41,722857.0,825.0,86,1,23,79.7,Low
101989,Meera,Kulkarni,F,Lucknow,2020-07-18,30,1043852.0,709.0,55,0,15,65.7,Medium
101990,Karan,Singh,F,Pune,2022-06-13,40,850292.0,707.0,75,1,18,66.8,Medium
101991,Meera,Iyer,F,Jaipur,2022-09-06,43,936993.0,742.0,96,1,11,82.7,Low
101992,Rahul,Verma,M,Bengaluru,2022-12-02,43,639335.0,763.0,95,1,12,62.4,Low
101993,Aarav,Yadav,M,Ahmedabad,2020-03-22,47,720347.0,762.0,72,1,13,93.4,Low
101994,Sneha,Singh,F,Bengaluru,2023-08-20,42,749100.0,769.0,64,1,11,88.8,Low
101995,Arjun,Joshi,M,,2023-05-07,39,1038475.0,675.0,20,1,17,60.3,Medium
101996,Priya,Jain,M,Jaipur,2023-11-30,46,1219023.0,694.0,4,1,13,91.7,Medium
101997,Neha,Bose,M,Lucknow,2023-12-21,36,672862.0,752.0,18,0,10,75.8,Low
101998,Neha,Gupta,M,Lucknow,2022-06-02,28,1086907.0,681.0,51,1,14,90.6,Medium
101999,Riya,Yadav,M,Bengaluru,2021-04-24,35,372671.0,710.0,68,1,22,75.6,Medium
102000,Varun,Kapoor,F,Chennai,2021-12-28,29,,732.0,20,1,15,71.9,Low
102001,Sahil,Joshi,F,Ahmedabad,2020-05-03,30,639069.0,753.0,9,0,14,70.6,Low
102002,Riya,Yadav,F,Bengaluru,2021-06-11,35,552448.0,612.0,80,1,10,44.6,High
102003,Varun,Das,M,Mumbai,2021-06-09,29,501611.0,749.0,26,1,16,85.1,Low
102004,Anaya,Kulkarni,F,Delhi,2020-02-08,33,940860.0,697.0,25,1,12,65.5,Medium
102005,Neha,Singh,M,Chennai,2023-05-07,21,802905.0,749.0,68,1,10,85.5,Low
102006,Pooja,Mishra,M,Delhi,2020-04-17,38,933469.0,753.0,41,1,14,94.1,Low
102007,Varun,Gupta,F,Pune,2020-09-24,36,1001904.0,798.0,59,1,26,67.1,Low
102008,Anaya,Gupta,F,Delhi,2023-10-08,29,908436.0,784.0,45,0,22,66.4,Low
102009,Aditya,Reddy,M,Delhi,2020-11-06,42,994708.0,784.0,41,1,18,86.1,Low
102010,Rahul,Bose,F,Pune,2023-11-14,44,834703.0,789.0,38,1,13,68.4,Low
102011,Aisha,Khan,F,Bengaluru,2020-02-09,22,588861.0,726.0,19,0,20,89.8,Low
102012,Karan,Iyer,F,Chennai,2022-02-19,29,1082719.0,712.0,14,1,10,65.7,Medium
102013,Sneha,Bose,M,Lucknow,2021-08-03,29,720395.0,758.0,21,1,20,91.3,Low
102014,Meera,Patel,M,Ahmedabad,2020-05-31,28,644169.0,750.0,15,0,16,70.3,Low
102015,Rahul,Iyer,M,Hyderabad,2020-07-05,43,810858.0,693.0,3,1,17,78.0,Medium
102016,Sahil,Singh,M,Pune,2021-03-05,34,649182.0,732.0,37,1,15,85.8,Low
102017,Aisha,Das,M,Delhi,2021-04-01,34,758165.0,708.0,46,1,12,80.1,Medium
102018,Varun,Verma,F,Mumbai,2022-01-22,21,925692.0,663.0,16,1,11,86.8,Medium
102019,Aisha,Malhotra,M,Delhi,2023-06-04,42,926635.0,781.0,14,0,16,56.5,Low
102020,Neha,Sharma,F,Mumbai,2023-12-22,25,652477.0,713.0,9,1,16,69.1,Medium
102021,Aisha,Sharma,M,Jaipur,2020-07-22,37,742705.0,823.0,7,1,15,74.8,Low
102022,Kabir,Iyer,F,Hyderabad,2022-02-17,38,1086353.0,621.0,14,1,15,64.8,High
102023,Sneha,Bose,F,Pune,2020-04-27,48,959208.0,679.0,6,1,16,85.6,Medium
102024,Aditya,Mehta,M,Bengaluru,2023-11-18,24,1306514.0,712.0,85,1,11,67.9,Medium
102025,Arjun,Patel,F,Ahmedabad,2020-08-09,21,1109628.0,773.0,15,1,16,64.8,Low
102026,Aditya,Bose,M,Bengaluru,2022-06-15,38,1101744.0,732.0,52,0,16,85.3,Low
102027,Arjun,Reddy,M,Delhi,2020-03-03,52,544669.0,727.0,72,1,13,61.5,Low
102028,Diya,Yadav,M,Lucknow,2021-01-30,47,1018049.0,648.0,34,1,11,62.0,Medium
102029,Sahil,Das,M,Lucknow,2020-01-05,38,838317.0,646.0,1,1,16,80.1,Medium
102030,Varun,Singh,F,Jaipur,2023-09-19,32,728784.0,728.0,96,1,21,90.1,Low
102031,Sahil,Verma,F,Hyderabad,2023-08-08,43,886963.0,635.0,69,1,13,75.9,Medium
102032,Sneha,Iyer,M,Bengaluru,2021-05-22,27,1057947.0,681.0,94,1,10,54.6,Medium
102033,Riya,Nair,F,Lucknow,2020-05-24,40,960183.0,738.0,86,1,17,82.2,Low
102034,Aditya,Sharma,F,Chennai,2022-08-11,41,656736.0,656.0,20,1,17,66.9,Medium
102035,Sneha,Iyer,M,Delhi,2021-10-23,46,1013341.0,798.0,80,1,16,87.4,Low
102036,Aisha,Saxena,M,Ahmedabad,2023-03-28,61,709731.0,777.0,7,1,18,69.4,Low
102037,Aarav,Verma,M,Kolkata,2022-02-19,40,,624.0,7,0,16,87.7,High
102038,Diya,Nair,F,Pune,2022-08-16,31,783263.0,659.0,50,1,7,69.0,Medium
102039,Meera,Das,M,Kolkata,2022-08-20,36,801849.0,584.0,2,1,10,65.7,High
102040,Diya,Mishra,M,Ahmedabad,2020-01-11,21,1018573.0,667.0,47,1,11,51.0,Medium
102041,Meera,Gupta,F,Kolkata,2020-03-09,30,621157.0,752.0,14,0,15,66.1,Low
102042,Pooja,Kulkarni,F,Mumbai,2022-08-21,32,1277943.0,687.0,31,1,13,76.1,Medium
102043,Aarav,Khan,M,Lucknow,2020-07-20,31,449361.0,735.0,50,1,10,75.2,Low
102044,Aditya,Gupta,F,Ahmedabad,2020-09-22,37,718513.0,626.0,61,1,12,81.3,High
102045,Sneha,Iyer,F,Pune,2020-04-17,29,931447.0,754.0,41,1,14,88.9,Low
102046,Varun,Jain,M,Bengaluru,2022-12-13,46,978549.0,679.0,14,1,17,74.3,Medium
102047,Sahil,Reddy,F,Chennai,2022-08-08,36,827895.0,711.0,5,1,13,74.8,Medium
102048,Pooja,Sharma,M,Lucknow,2023-09-23,36,837374.0,705.0,75,0,12,87.4,Medium
102049,Rahul,Kapoor,M,Jaipur,2020-07-08,33,940321.0,640.0,5,1,10,76.8,Medium
102050,Vivaan,Yadav,M,Pune,2020-08-26,37,799165.0,647.0,64,0,12,62.9,Medium
102051,Meera,Joshi,M,Mumbai,2022-08-08,43,1156500.0,763.0,29,1,13,67.7,Low
102052,Neha,Nair,M,Chennai,2020-12-08,28,1034657.0,732.0,75,1,9,48.4,Low
102053,Priya,Khan,M,Delhi,2020-10-17,30,1042021.0,768.0,5,1,19,62.8,Low
102054,Meera,Nair,F,Pune,2023-09-08,33,637446.0,728.0,96,1,16,53.7,Low
102055,Diya,Das,F,Mumbai,2020-11-16,24,832535.0,718.0,36,1,13,78.2,Medium
102056,Rahul,Sharma,M,Ahmedabad,2020-02-11,29,783897.0,615.0,79,1,12,88.5,High
102057,Aditya,Khan,M,Ahmedabad,2022-08-12,32,628768.0,695.0,19,1,12,62.7,Medium
102058,Arjun,Yadav,F,Jaipur,2023-05-06,44,929236.0,708.0,64,1,9,63.2,Medium
102059,Aarav,Sharma,M,Hyderabad,2022-06-07,38,731718.0,817.0,22,0,13,85.3,Low
102060,Meera,Malhotra,M,Pune,2021-09-24,38,994189.0,748.0,34,1,14,68.6,Low
102061,Rahul,Yadav,M,Kolkata,2022-04-25,44,614558.0,794.0,56,1,14,77.1,Low
102062,Isha,Kulkarni,F,Pune,2020-10-10,35,1228189.0,743.0,17,1,9,82.9,Low
102063,Meera,Gupta,F,Chennai,2022-03-17,40,652807.0,671.0,76,1,14,65.5,Medium
102064,Sneha,Singh,F,Lucknow,2020-06-30,35,898247.0,716.0,89,1,15,65.7,Medium
102065,Neha,Patel,M,Delhi,2022-10-31,38,1024209.0,723.0,56,1,16,67.9,Low
102066,Vivaan,Mehta,F,Chennai,2022-01-14,31,724459.0,658.0,17,1,23,55.4,Medium
102067,Diya,Kapoor,M,Hyderabad,2021-03-17,21,1037543.0,689.0,74,1,15,79.8,Medium
102068,Sahil,Yadav,M,Jaipur,2021-09-20,35,579580.0,699.0,92,1,10,81.2,Medium
102069,Arjun,Saxena,F,Chennai,2023-12-18,49,1169466.0,798.0,82,1,16,75.0,Low
102070,Rohan,Yadav,F,Bengaluru,2021-01-22,44,853113.0,596.0,18,1,13,90.3,High
102071,Pooja,Khan,M,Jaipur,2021-07-29,45,718789.0,776.0,45,1,18,70.9,Low
102072,Neha,Saxena,M,Mumbai,2021-03-29,47,784180.0,658.0,96,0,13,81.4,Medium
102073,Rohan,Kulkarni,F,Ahmedabad,2022-07-15,37,1027962.0,635.0,78,1,14,79.8,Medium
102074,Rohan,Verma,F,Hyderabad,2022-10-22,38,721420.0,775.0,56,1,6,64.4,Low
102075,Karan,Malhotra,F,Bengaluru,2022-03-21,30,685141.0,750.0,80,1,8,87.9,Low
102076,Sneha,Malhotra,M,Delhi,2023-06-19,33,801262.0,779.0,50,0,13,75.5,Low
102077,Anaya,Khan,F,Mumbai,2022-03-19,42,591068.0,754.0,58,1,12,85.7,Low
102078,Rohan,Verma,F,Lucknow,2022-12-19,47,1250520.0,823.0,18,1,14,58.4,Low
102079,Isha,Malhotra,F,Delhi,2021-01-02,35,725393.0,741.0,80,1,15,75.3,Low
102080,Aisha,Yadav,M,Hyderabad,2022-07-30,32,,701.0,81,1,17,68.5,Medium
102081,Rohan,Mehta,M,Ahmedabad,2020-02-09,36,896083.0,729.0,7,0,14,63.8,Low
102082,Priya,Singh,M,Bengaluru,2023-08-31,41,633403.0,778.0,76,1,20,90.9,Low
102083,Priya,Kapoor,M,Kolkata,2021-07-10,23,848690.0,667.0,10,1,12,76.3,Medium
102084,Riya,Nair,M,Ahmedabad,2023-08-14,21,1022481.0,674.0,69,1,17,56.3,Medium
102085,Vivaan,Malhotra,M,Ahmedabad,2022-07-05,31,808583.0,693.0,85,1,19,68.0,Medium
102086,Karan,Gupta,M,Delhi,2022-10-17,25,1112485.0,594.0,3,0,14,85.3,High
102087,Sahil,Das,F,Lucknow,2021-10-04,31,1074733.0,718.0,83,1,14,63.8,Medium
102088,Rahul,Mehta,M,Mumbai,2021-03-25,35,1052161.0,606.0,44,0,18,62.5,High
102089,Rohan,Mishra,M,Jaipur,2021-01-29,32,748876.0,713.0,70,1,18,72.2,Medium
102090,Riya,Verma,F,Chennai,2022-03-02,49,612435.0,758.0,14,1,11,79.6,Low
102091,Kabir,Saxena,M,Jaipur,2020-03-28,39,715011.0,684.0,4,1,12,65.3,Medium
102092,Sahil,Verma,M,Mumbai,2021-06-16,39,893173.0,802.0,18,1,18,78.7,Low
102093,Diya,Nair,M,Kolkata,2023-11-12,42,970073.0,630.0,93,1,13,74.4,Medium
102094,Sneha,Verma,F,Chennai,2022-01-13,26,372254.0,776.0,52,1,6,75.9,Low
102095,Priya,Khan,F,Ahmedabad,2021-01-15,45,848215.0,747.0,38,1,15,45.1,Low
102096,Priya,Yadav,F,Lucknow,2021-03-06,35,884780.0,616.0,80,1,17,74.2,High
102097,Rahul,Kapoor,F,Pune,2023-05-24,42,788940.0,850.0,20,0,17,71.0,Low
102098,Aarav,Patel,M,Mumbai,2020-10-03,26,1134080.0,706.0,88,1,24,78.7,Medium
102099,Meera,Mishra,F,Pune,2020-07-12,22,942792.0,662.0,44,1,15,66.2,Medium
102100,Karan,Bose,F,Jaipur,2020-06-27,43,1138242.0,633.0,51,1,14,69.5,Medium
102101,Diya,Nair,F,Ahmedabad,2023-03-12,39,802489.0,698.0,19,1,14,80.4,Medium
102102,Sahil,Sharma,F,Delhi,2020-08-05,28,1056245.0,703.0,68,1,12,91.3,Medium
102103,Neha,Patel,M,Delhi,2022-09-14,28,1209715.0,716.0,66,1,12,58.1,Medium
102104,Meera,Das,M,Lucknow,2022-12-18,46,1138573.0,,13,1,22,80.2,Medium
102105,Meera,Kulkarni,F,Ahmedabad,2023-10-01,25,,745.0,62,1,18,88.6,Low
102106,Priya,Malhotra,F,Mumbai,2021-07-10,51,794191.0,689.0,61,0,20,82.3,Medium
102107,Neha,Kulkarni,F,Lucknow,2023-12-13,28,774064.0,604.0,30,1,15,87.8,High
102108,Rahul,Kulkarni,F,Chennai,2023-06-01,42,957636.0,702.0,30,0,17,67.5,Medium
102109,Anaya,Mehta,F,Chennai,2023-10-05,33,1000998.0,580.0,51,1,11,88.8,High
102110,Rahul,Iyer,F,Ahmedabad,2022-02-06,41,665444.0,729.0,88,1,15,65.3,Low
102111,Vivaan,Iyer,M,Lucknow,2020-03-17,31,864924.0,656.0,48,1,8,74.7,Medium
102112,Riya,Patel,M,Bengaluru,2021-08-21,35,405616.0,719.0,33,1,14,68.0,Medium
102113,Rahul,Kulkarni,F,Pune,2023-05-16,36,1167228.0,782.0,74,1,7,68.5,Low
102114,Sahil,Verma,F,Lucknow,2023-03-28,27,737278.0,658.0,82,0,18,53.3,Medium
102115,Aisha,Verma,F,Kolkata,2021-06-07,43,862290.0,768.0,19,0,14,50.3,Low
102116,Isha,Yadav,F,Pune,2023-06-02,31,781877.0,686.0,71,1,12,88.1,Medium
102117,Vivaan,Verma,F,Bengaluru,2023-10-13,34,1102126.0,806.0,57,1,12,52.4,Low
102118,Kabir,Mehta,M,Mumbai,2022-03-23,27,250000.0,690.0,19,0,21,77.0,Medium
102119,Kabir,Iyer,M,Bengaluru,2021-01-18,21,846346.0,664.0,88,1,14,58.4,Medium
102120,Pooja,Jain,F,Jaipur,2021-05-18,34,826720.0,748.0,79,1,16,63.8,Low
102121,Rohan,Iyer,M,Kolkata,2020-08-29,58,750200.0,686.0,41,1,10,82.2,Medium
102122,Riya,Yadav,F,Ahmedabad,2021-01-03,43,1229770.0,664.0,42,0,12,75.9,Medium
102123,Aditya,Sharma,F,Mumbai,2020-10-14,36,654788.0,684.0,87,1,17,72.5,Medium
102124,Priya,Malhotra,M,Pune,2021-02-02,34,1019795.0,708.0,52,1,13,87.7,Medium
102125,Meera,Singh,F,Ahmedabad,2020-04-13,36,928376.0,784.0,4,1,12,70.5,Low
102126,Aarav,Joshi,M,Chennai,2023-08-27,41,1127534.0,604.0,4,1,13,88.8,High
102127,Arjun,Bose,M,Kolkata,2020-05-06,25,703218.0,711.0,5,1,15,61.2,Medium
102128,Vivaan,Bose,M,Mumbai,2020-02-09,46,688747.0,744.0,41,1,19,59.7,Low
102129,Vivaan,Saxena,F,Mumbai,2022-12-31,42,1091135.0,721.0,87,1,11,72.3,Low
102130,Kabir,Bose,M,Bengaluru,2022-05-31,42,943571.0,782.0,61,1,15,74.0,Low
102131,Varun,Das,M,Lucknow,2022-08-02,40,510114.0,706.0,75,1,14,63.7,Medium
102132,Pooja,Yadav,M,Kolkata,2020-09-03,36,731353.0,700.0,55,1,12,70.7,Medium
102133,Priya,Sharma,M,Ahmedabad,2023-06-24,42,935004.0,743.0,75,0,10,90.4,Low
102134,Rahul,Kulkarni,F,Bengaluru,2020-11-07,41,1034308.0,715.0,13,0,16,69.3,Medium
102135,Meera,Kapoor,M,Pune,2020-02-03,33,700569.0,689.0,14,1,14,50.8,Medium
102136,Vivaan,Kapoor,F,Pune,2020-05-08,31,250000.0,738.0,60,1,6,53.1,Low
102137,Riya,Joshi,M,Jaipur,2020-01-10,37,965109.0,674.0,72,0,15,99.0,Medium
102138,Neha,Singh,F,Lucknow,2023-04-06,50,581529.0,676.0,25,1,14,91.4,Medium
102139,Rahul,Verma,M,Hyderabad,2023-05-24,25,406185.0,681.0,82,1,12,68.8,Medium
102140,Vivaan,Kapoor,F,Pune,2022-07-30,23,250000.0,784.0,44,0,21,83.7,Low
102141,Rahul,Mishra,M,Lucknow,2023-12-02,37,1029076.0,540.0,82,1,11,77.1,High
102142,Riya,Kulkarni,F,Chennai,2022-07-23,36,878296.0,732.0,10,0,13,89.2,Low
102143,Karan,Bose,F,Lucknow,2022-11-07,38,800356.0,712.0,71,0,12,61.1,Medium
102144,Aisha,Khan,F,Mumbai,2020-12-05,38,1155585.0,618.0,50,1,17,61.5,High
102145,Priya,Sharma,F,Ahmedabad,2021-11-11,34,990211.0,727.0,44,0,18,89.8,Low
102146,Sneha,Kapoor,M,Mumbai,2023-01-18,49,1205586.0,736.0,14,1,14,56.1,Low
102147,Sneha,Mishra,F,Mumbai,2023-08-01,22,,742.0,15,1,6,74.8,Low
102148,Sahil,Saxena,M,Pune,2021-06-17,29,842399.0,564.0,16,1,20,73.5,High
102149,Varun,Khan,F,Jaipur,2023-07-14,35,494323.0,785.0,2,1,14,83.4,Low
102150,Kabir,Khan,F,Delhi,2022-03-19,21,799536.0,669.0,30,1,14,75.7,Medium
102151,Pooja,Das,F,Lucknow,2021-03-08,34,795305.0,748.0,30,0,20,72.4,Low
102152,Rohan,Kapoor,M,Delhi,2022-01-27,51,987855.0,751.0,82,1,14,69.4,Low
102153,Rahul,Kapoor,M,Delhi,2021-10-12,36,860024.0,662.0,31,1,10,62.1,Medium
102154,Sahil,Gupta,M,Delhi,2022-12-11,38,987150.0,746.0,77,1,15,72.0,Low
102155,Aisha,Mishra,M,Bengaluru,2022-12-26,25,1004757.0,689.0,20,0,14,88.0,Medium
102156,Arjun,Mishra,M,Delhi,2021-08-19,30,1324084.0,596.0,49,1,15,70.6,High
102157,Aditya,Reddy,M,Pune,2020-09-06,33,780635.0,774.0,35,1,20,90.9,Low
102158,Diya,Patel,F,Hyderabad,2023-09-16,33,642975.0,667.0,23,1,14,82.8,Medium
102159,Aarav,Patel,F,Delhi,2022-06-22,48,904138.0,663.0,61,1,20,79.7,Medium
102160,Aisha,Saxena,F,Bengaluru,2021-02-18,41,673498.0,688.0,84,1,14,72.1,Medium
102161,Aditya,Mehta,M,Bengaluru,2023-02-20,26,1176031.0,725.0,55,1,10,66.5,Low
102162,Rohan,Mishra,F,Mumbai,2023-05-10,38,787692.0,707.0,67,1,11,94.2,Medium
102163,Karan,Yadav,F,Delhi,2020-01-06,40,725573.0,740.0,8,1,15,83.5,Low
102164,Isha,Saxena,F,Hyderabad,2022-04-28,46,746311.0,636.0,40,0,17,72.3,Medium
102165,Sahil,Verma,M,Lucknow,2023-05-07,50,1008052.0,669.0,59,1,13,94.4,Medium
102166,Riya,Nair,M,Kolkata,2020-01-13,27,815296.0,704.0,32,1,20,81.5,Medium
102167,Kabir,Das,F,Pune,2020-01-06,29,708833.0,814.0,93,1,12,57.0,Low
102168,Rohan,Mishra,M,Pune,2023-12-05,25,1216377.0,704.0,7,0,13,68.9,Medium
102169,Pooja,Reddy,F,Lucknow,2023-02-18,34,661643.0,770.0,2,1,14,82.7,Low
102170,Aditya,Mishra,M,Mumbai,2023-10-17,40,857825.0,712.0,85,1,15,92.1,Medium
102171,Rahul,Malhotra,M,Lucknow,2021-06-21,45,993507.0,683.0,6,0,15,100.0,Medium
102172,Vivaan,Malhotra,F,Pune,2020-01-04,35,491106.0,696.0,92,1,23,74.3,Medium
102173,Anaya,Saxena,M,Mumbai,2020-10-10,33,955657.0,701.0,36,1,16,81.4,Medium
102174,Sneha,Yadav,M,Lucknow,2021-12-22,37,617876.0,743.0,32,1,9,66.7,Low
102175,Pooja,Saxena,M,Chennai,2022-10-12,28,1031012.0,786.0,45,1,10,63.4,Low
102176,Pooja,Mishra,F,Kolkata,2023-10-14,55,638217.0,730.0,42,1,20,53.8,Low
102177,Isha,Khan,M,Delhi,2021-11-23,22,1002409.0,775.0,53,1,16,78.7,Low
102178,Riya,Mishra,F,Kolkata,2023-07-29,38,1093283.0,657.0,9,0,24,89.2,Medium
102179,Neha,Bose,M,Mumbai,2021-10-18,54,1039516.0,687.0,75,0,22,83.3,Medium
102180,Neha,Jain,F,Ahmedabad,2022-08-09,36,905290.0,670.0,87,1,12,75.0,Medium
102181,Aarav,Yadav,F,Lucknow,2021-09-19,34,799114.0,727.0,75,1,7,88.7,Low
102182,Arjun,Verma,M,Ahmedabad,2023-10-04,33,723188.0,690.0,49,0,18,100.0,Medium
102183,Karan,Joshi,M,Delhi,2022-09-06,34,1173628.0,750.0,2,1,14,64.0,Low
102184,Pooja,Verma,M,Lucknow,2022-11-19,48,696111.0,659.0,67,0,9,44.9,Medium
102185,Aditya,Gupta,F,Pune,2021-01-08,21,621845.0,712.0,11,1,14,78.1,Medium
102186,Meera,Iyer,M,Delhi,2023-02-21,50,996381.0,748.0,50,1,18,87.0,Low
102187,Kabir,Kapoor,M,Jaipur,2022-10-07,23,674850.0,596.0,35,1,9,55.4,High
102188,Meera,Bose,M,Pune,2023-11-18,34,640986.0,827.0,15,0,16,84.0,Low
102189,Aisha,Joshi,M,Delhi,2021-10-11,32,532407.0,694.0,75,1,17,70.0,Medium
102190,Isha,Kapoor,M,Delhi,2021-12-25,41,743760.0,599.0,31,1,16,78.0,High
102191,Isha,Khan,F,Chennai,2022-03-22,22,831803.0,719.0,92,0,16,63.0,Medium
102192,Priya,Nair,F,Pune,2022-12-15,40,903480.0,712.0,62,1,13,62.2,Medium
102193,Anaya,Iyer,M,Chennai,2020-05-11,54,1059287.0,705.0,28,1,11,60.7,Medium
102194,Arjun,Joshi,F,Chennai,2022-02-19,24,965918.0,765.0,96,1,12,82.0,Low
102195,Rahul,Patel,F,Lucknow,2020-05-01,38,808008.0,751.0,25,1,13,66.5,Low
102196,Sahil,Das,F,Pune,2020-07-20,30,806397.0,726.0,84,1,15,77.2,Low
102197,Arjun,Khan,F,Pune,2021-12-02,40,962235.0,735.0,92,1,12,74.4,Low
102198,Diya,Saxena,M,Delhi,2023-07-12,36,1129965.0,704.0,25,1,16,59.8,Medium
102199,Vivaan,Khan,F,Pune,2021-07-11,30,877789.0,808.0,75,1,20,74.9,Low
102200,Kabir,Bose,F,,2022-11-29,40,746791.0,629.0,83,1,19,76.8,High
102201,Rahul,Sharma,M,Hyderabad,2021-08-01,52,631569.0,718.0,92,1,15,86.8,Medium
102202,Meera,Nair,M,Pune,2023-02-10,34,532055.0,714.0,1,1,13,91.9,Medium
102203,Aditya,Khan,M,Hyderabad,2023-09-24,42,996579.0,755.0,59,1,11,61.8,Low
102204,Arjun,Mishra,F,Kolkata,2022-12-21,24,977155.0,664.0,69,0,15,78.3,Medium
102205,Neha,Saxena,M,Jaipur,2020-08-14,27,977020.0,614.0,74,1,15,47.4,High
102206,Riya,Bose,F,Ahmedabad,2020-06-22,40,821695.0,719.0,42,1,11,84.2,Medium
102207,Kabir,Jain,M,Delhi,2022-10-16,49,1159526.0,725.0,34,1,14,87.2,Low
102208,Rahul,Saxena,F,Kolkata,2023-03-03,39,743494.0,792.0,66,0,18,41.9,Low
102209,Vivaan,Patel,M,Pune,2023-08-01,33,1060159.0,640.0,18,0,16,69.9,Medium
102210,Karan,Joshi,F,Lucknow,2023-02-05,36,841477.0,774.0,77,1,19,63.2,Low
102211,Priya,Singh,F,Hyderabad,2020-05-22,25,716163.0,840.0,5,1,9,69.9,Low
102212,Kabir,Das,M,Pune,2021-07-22,41,980357.0,689.0,20,1,12,67.5,Medium
102213,Aarav,Kapoor,M,Mumbai,2023-08-10,44,940120.0,639.0,66,1,24,73.5,Medium
102214,Diya,Kapoor,F,Jaipur,2020-10-03,32,928534.0,688.0,75,0,10,85.8,Medium
102215,Karan,Nair,M,Mumbai,2020-10-02,32,867881.0,711.0,62,0,14,70.2,Medium
102216,Varun,Iyer,F,Jaipur,2020-08-21,38,841664.0,741.0,94,1,18,62.2,Low
102217,Karan,Singh,F,Jaipur,2023-06-19,32,1375442.0,677.0,96,0,10,71.6,Medium
102218,Aarav,Jain,F,Kolkata,2023-07-05,35,1110536.0,796.0,32,1,17,71.0,Low
102219,Priya,Kapoor,F,Mumbai,2020-02-01,55,1009022.0,649.0,58,0,21,73.0,Medium
102220,Aditya,Verma,F,Hyderabad,2023-10-22,34,874596.0,614.0,50,1,11,66.5,High
102221,Arjun,Singh,F,Mumbai,2023-10-03,33,1071575.0,771.0,38,1,18,78.4,Low
102222,Anaya,Bose,F,Bengaluru,2022-01-29,30,963959.0,585.0,55,1,12,89.5,High
102223,Varun,Kapoor,M,Kolkata,2023-03-01,43,855765.0,699.0,28,1,5,58.8,Medium
102224,Pooja,Verma,M,Hyderabad,2022-03-03,34,783216.0,850.0,74,1,13,79.4,Low
102225,Pooja,Iyer,M,Ahmedabad,2023-10-23,30,832198.0,709.0,86,1,11,85.5,Medium
102226,Aditya,Mehta,F,Hyderabad,2022-01-31,48,,648.0,81,1,14,68.8,Medium
102227,Aditya,Mehta,M,Mumbai,2020-09-21,49,896332.0,707.0,22,1,14,89.0,Medium
102228,Sahil,Singh,F,Lucknow,2020-08-02,31,742535.0,707.0,43,1,9,73.3,Medium
102229,Rahul,Mishra,M,Ahmedabad,2023-05-23,21,1200387.0,719.0,83,1,21,60.5,Medium
102230,Rohan,Yadav,F,Delhi,2020-10-08,45,854256.0,,81,1,8,58.7,Low
102231,Neha,Das,M,Mumbai,2021-06-13,30,588428.0,653.0,88,1,14,83.4,Medium
102232,Priya,Khan,M,Delhi,2020-01-02,43,839026.0,803.0,36,1,20,82.3,Low
102233,Vivaan,Das,M,Hyderabad,2021-05-27,21,619853.0,723.0,96,1,17,92.8,Low
102234,Isha,Joshi,M,Lucknow,2022-03-26,44,954150.0,750.0,52,1,16,82.0,Low
102235,Meera,Mishra,M,Bengaluru,2021-04-08,25,914008.0,675.0,36,0,11,72.8,Medium
102236,Isha,Gupta,F,Bengaluru,2023-10-18,43,1060725.0,781.0,28,1,14,79.8,Low
102237,Pooja,Kapoor,M,Kolkata,2023-05-24,36,676006.0,696.0,78,1,21,74.9,Medium
102238,Sneha,Khan,F,Chennai,2020-06-12,27,857482.0,725.0,58,1,16,70.0,Low
102239,Riya,Khan,M,Chennai,2021-06-21,32,549695.0,659.0,36,1,20,67.4,Medium
102240,Riya,Kapoor,M,Jaipur,2021-05-25,42,1004329.0,655.0,70,1,16,53.3,Medium
102241,Kabir,Mishra,M,Delhi,2023-05-29,37,964152.0,748.0,9,0,19,65.1,Low
102242,Rahul,Verma,M,Pune,2021-07-08,41,959077.0,686.0,21,1,24,73.8,Medium
102243,Sneha,Khan,F,Pune,2021-10-02,54,850356.0,663.0,64,1,14,41.5,Medium
102244,Priya,Joshi,F,Ahmedabad,2023-07-30,22,941250.0,675.0,76,1,8,67.8,Medium
102245,Karan,Bose,M,Delhi,2022-12-30,51,1202955.0,748.0,61,0,12,85.0,Low
102246,Riya,Kapoor,F,Hyderabad,2023-10-29,37,787279.0,675.0,94,1,16,90.1,Medium
102247,Karan,Das,M,Jaipur,2020-09-15,28,880502.0,704.0,95,1,13,67.7,Medium
102248,Varun,Saxena,F,Hyderabad,2021-03-20,24,611052.0,711.0,40,1,19,67.2,Medium
102249,Aarav,Malhotra,F,Kolkata,2023-05-09,34,658983.0,605.0,56,1,13,65.4,High
102250,Anaya,Bose,F,Pune,2023-11-04,44,871519.0,629.0,4,1,18,67.3,High
102251,Rohan,Joshi,M,Lucknow,2022-02-04,35,1092865.0,728.0,31,1,9,87.7,Low
102252,Karan,Kulkarni,M,Bengaluru,2023-12-09,50,793618.0,669.0,27,1,25,93.6,Medium
102253,Meera,Das,F,Bengaluru,2020-03-05,23,798098.0,768.0,58,0,8,53.7,Low
102254,Isha,Singh,F,Jaipur,2023-11-02,36,760485.0,763.0,25,1,17,64.3,Low
102255,Aisha,Mehta,F,Pune,2021-10-19,25,732354.0,750.0,69,1,12,51.6,Low
102256,Sneha,Verma,M,Bengaluru,2023-01-30,39,914894.0,810.0,70,1,12,73.7,Low
102257,Karan,Patel,F,Chennai,2022-09-27,44,520603.0,705.0,5,1,18,68.1,Medium
102258,Vivaan,Iyer,F,Chennai,2020-02-11,32,1131807.0,746.0,91,1,12,78.3,Low
102259,Karan,Malhotra,M,Ahmedabad,2022-05-28,21,703607.0,678.0,8,1,13,82.0,Medium
102260,Varun,Verma,F,Delhi,2020-07-14,38,1008819.0,845.0,9,0,18,80.6,Low
102261,Neha,Kulkarni,M,Kolkata,2023-10-15,40,570600.0,819.0,15,0,18,54.2,Low
102262,Aditya,Malhotra,M,Ahmedabad,2023-01-27,40,997145.0,711.0,7,1,15,73.7,Medium
102263,Aarav,Nair,M,Bengaluru,2021-01-22,47,997828.0,731.0,96,1,14,53.7,Low
102264,Aarav,Mishra,M,Chennai,2020-03-05,26,934524.0,785.0,72,1,17,94.8,Low
102265,Vivaan,Nair,F,Jaipur,2023-08-13,42,631226.0,702.0,15,0,15,69.7,Medium
102266,Karan,Sharma,F,Pune,2023-12-21,47,904901.0,674.0,37,1,20,57.6,Medium
102267,Anaya,Joshi,M,Chennai,2020-08-10,21,589728.0,758.0,83,1,9,67.5,Low
102268,Karan,Sharma,M,Mumbai,2022-07-03,39,794392.0,714.0,39,1,8,76.5,Medium
102269,Isha,Singh,F,Kolkata,2023-03-18,31,1076471.0,720.0,6,1,8,82.8,Low
102270,Riya,Patel,F,Bengaluru,2021-03-17,35,1025274.0,664.0,83,1,21,89.6,Medium
102271,Sahil,Singh,F,Hyderabad,2023-12-08,39,853340.0,616.0,57,1,7,74.8,High
102272,Aditya,Reddy,M,Ahmedabad,2023-02-13,32,635543.0,723.0,92,0,15,70.0,Low
102273,Aditya,Mishra,F,Bengaluru,2022-06-21,30,992029.0,760.0,81,0,19,82.2,Low
102274,Neha,Kulkarni,F,Mumbai,2021-03-28,36,854264.0,698.0,19,0,15,81.9,Medium
102275,Meera,Gupta,M,Lucknow,2020-11-15,26,339531.0,789.0,63,1,12,75.4,Low
102276,Aisha,Jain,F,Kolkata,2022-02-08,26,1022179.0,671.0,31,0,11,83.7,Medium
102277,Anaya,Bose,F,Delhi,2022-06-01,42,844669.0,652.0,75,1,12,66.7,Medium
102278,Riya,Iyer,F,Chennai,2022-10-12,26,1114539.0,706.0,79,1,20,73.7,Medium
102279,Neha,Iyer,F,,2021-03-26,42,609040.0,705.0,10,1,16,49.6,Medium
102280,Pooja,Nair,F,Chennai,2022-06-14,40,250000.0,752.0,87,1,20,90.7,Low
102281,Karan,Kapoor,M,Mumbai,2023-01-07,21,911398.0,667.0,67,1,17,68.1,Medium
102282,Rohan,Nair,F,,2022-01-12,30,914144.0,785.0,62,0,11,90.7,Low
102283,Pooja,Yadav,F,Hyderabad,2020-12-22,47,478052.0,818.0,3,0,23,66.1,Low
102284,Meera,Sharma,M,Lucknow,2023-02-16,27,634730.0,708.0,18,1,12,77.6,Medium
102285,Diya,Khan,F,Pune,2023-07-26,32,1456148.0,779.0,25,1,21,74.7,Low
102286,Rahul,Nair,F,Hyderabad,2022-02-20,40,782766.0,652.0,20,0,11,66.8,Medium
102287,Anaya,Sharma,M,Ahmedabad,2021-07-19,43,1010811.0,769.0,58,1,18,79.8,Low
102288,Karan,Mehta,F,Chennai,2022-12-04,34,706855.0,768.0,93,1,12,89.3,Low
102289,Riya,Khan,M,Jaipur,2023-06-02,31,390133.0,757.0,86,1,17,95.5,Low
102290,Priya,Reddy,F,Delhi,2021-06-11,49,812543.0,709.0,50,1,20,82.9,Medium
102291,Meera,Nair,M,Bengaluru,2021-12-24,52,791567.0,548.0,79,1,15,59.5,High
102292,Aisha,Kapoor,F,,2020-08-28,45,762027.0,675.0,10,1,20,57.1,Medium
102293,Kabir,Kapoor,M,Kolkata,2021-09-05,37,824779.0,676.0,21,1,13,87.7,Medium
102294,Rahul,Verma,F,Ahmedabad,2020-04-04,29,908139.0,656.0,29,1,11,62.0,Medium
102295,Pooja,Das,F,Bengaluru,2020-12-30,29,816974.0,717.0,96,1,11,81.4,Medium
102296,Anaya,Nair,M,Chennai,2023-04-23,41,571919.0,687.0,10,1,14,75.6,Medium
102297,Riya,Das,F,Chennai,2023-03-05,40,956961.0,,13,1,18,89.8,Medium
102298,Karan,Kapoor,M,Chennai,2020-01-25,49,421138.0,652.0,47,1,15,80.1,Medium
102299,Pooja,Yadav,F,Ahmedabad,2020-11-13,42,398921.0,671.0,23,1,12,73.6,Medium
102300,Rohan,Mishra,F,Delhi,2020-11-28,22,1012620.0,772.0,50,1,11,98.7,Low
102301,Aditya,Sharma,F,Hyderabad,2022-07-02,45,961544.0,674.0,87,1,22,83.9,Medium
102302,Arjun,Bose,F,Mumbai,2021-07-15,27,837373.0,682.0,95,1,16,80.7,Medium
102303,Rahul,Das,M,Delhi,2021-11-11,33,543001.0,685.0,4,1,17,65.8,Medium
102304,Vivaan,Jain,M,Hyderabad,2020-04-09,38,694260.0,729.0,67,1,23,60.2,Low
102305,Aarav,Yadav,F,Bengaluru,2021-01-04,54,792196.0,735.0,85,1,15,70.9,Low
102306,Isha,Mehta,M,Pune,2022-11-01,64,498903.0,543.0,53,1,16,56.0,High
102307,Sahil,Bose,M,Pune,2021-12-20,41,687414.0,766.0,2,1,11,70.1,Low
102308,Pooja,Singh,M,Pune,2020-03-17,34,993513.0,789.0,68,1,9,83.6,Low
102309,Anaya,Yadav,F,Bengaluru,2021-08-09,41,1164007.0,652.0,65,0,15,85.8,Medium
102310,Meera,Khan,M,Chennai,2022-08-31,44,757724.0,657.0,79,1,12,69.9,Medium
102311,Rohan,Mishra,F,Ahmedabad,2021-11-12,33,1016427.0,685.0,57,1,15,100.0,Medium
102312,Sneha,Nair,F,Pune,2023-10-03,52,428907.0,668.0,70,1,12,89.3,Medium
102313,Priya,Patel,F,Hyderabad,2021-11-21,38,995079.0,722.0,7,1,15,73.6,Low
102314,Rahul,Mishra,M,Kolkata,2020-03-28,40,673131.0,603.0,19,1,11,87.7,High
102315,Pooja,Saxena,M,Bengaluru,2021-04-09,42,917616.0,649.0,44,1,11,67.0,Medium
102316,Neha,Khan,F,Jaipur,2021-05-08,40,795494.0,795.0,63,1,10,77.0,Low
102317,Arjun,Patel,F,Mumbai,2023-05-30,44,1140491.0,659.0,65,1,17,69.7,Medium
102318,Meera,Gupta,M,Hyderabad,2023-02-15,30,657624.0,778.0,39,0,12,59.5,Low
102319,Anaya,Reddy,M,Pune,2020-05-15,31,988073.0,730.0,83,1,16,80.4,Low
102320,Rahul,Singh,M,Chennai,2022-09-04,26,788508.0,610.0,26,1,12,73.9,High
102321,Meera,Mishra,F,Ahmedabad,2020-07-05,40,815173.0,745.0,44,1,10,74.8,Low
102322,Sneha,Verma,F,Delhi,2021-06-25,43,809552.0,704.0,12,1,10,73.7,Medium
102323,Aarav,Iyer,M,Jaipur,2021-08-01,40,663952.0,685.0,22,1,16,63.2,Medium
102324,Pooja,Das,M,Pune,2023-08-27,51,846898.0,723.0,77,1,13,93.1,Low
102325,Rahul,Bose,F,Chennai,2022-07-18,36,836217.0,736.0,92,1,13,77.0,Low
102326,Isha,Singh,M,Ahmedabad,2023-11-03,42,903073.0,749.0,14,1,14,70.8,Low
102327,Anaya,Mehta,F,Delhi,2022-03-21,26,868591.0,775.0,86,1,18,58.3,Low
102328,Pooja,Sharma,F,Mumbai,2021-02-15,33,1025559.0,732.0,30,1,17,90.8,Low
102329,Aditya,Das,F,Lucknow,2023-12-15,42,1053172.0,634.0,44,1,13,85.0,Medium
102330,Pooja,Bose,F,Ahmedabad,2020-08-04,44,618863.0,684.0,84,1,14,74.0,Medium
102331,Aditya,Das,F,Mumbai,2021-10-31,33,1041130.0,850.0,91,1,14,58.6,Low
102332,Rohan,Joshi,F,Jaipur,2022-12-30,35,589006.0,750.0,38,0,18,93.9,Low
102333,Karan,Sharma,M,Pune,2022-04-09,22,979328.0,840.0,59,0,9,69.6,Low
102334,Vivaan,Bose,M,Bengaluru,2023-02-07,33,986343.0,787.0,42,0,13,65.9,Low
102335,Sneha,Iyer,F,Lucknow,2020-10-11,44,429510.0,723.0,52,1,19,73.4,Low
102336,Riya,Mishra,M,Mumbai,2022-06-01,41,870455.0,727.0,63,1,12,78.5,Low
102337,Neha,Mishra,F,,2022-02-08,41,746931.0,708.0,61,0,14,72.0,Medium
102338,Priya,Mehta,M,Bengaluru,2021-07-22,36,683072.0,614.0,34,0,9,33.4,High
102339,Sneha,Sharma,F,Bengaluru,2022-08-10,36,1147188.0,711.0,39,1,18,77.0,Medium
102340,Rohan,Kapoor,F,Bengaluru,2023-08-14,30,706191.0,777.0,41,1,8,85.1,Low
102341,Karan,Das,F,Kolkata,2021-07-14,42,672597.0,677.0,37,0,15,63.3,Medium
102342,Sneha,Yadav,M,Hyderabad,2021-11-27,40,866653.0,733.0,65,1,16,92.7,Low
102343,Isha,Bose,F,Jaipur,2021-12-11,40,1000830.0,757.0,79,1,13,84.5,Low
102344,Aditya,Yadav,M,Ahmedabad,2021-06-13,31,818837.0,660.0,32,1,23,79.6,Medium
102345,Karan,Verma,M,Chennai,2023-05-06,21,1106602.0,685.0,8,1,14,61.8,Medium
102346,Rohan,Verma,M,Jaipur,2021-05-03,46,966815.0,654.0,18,1,11,77.3,Medium
102347,Neha,Mishra,F,Pune,2020-01-27,32,370794.0,665.0,45,1,15,78.3,Medium
102348,Riya,Nair,M,Ahmedabad,2023-02-15,28,733517.0,639.0,93,1,24,73.0,Medium
102349,Varun,Joshi,F,Chennai,2022-12-13,42,726395.0,660.0,96,0,15,84.7,Medium
102350,Aarav,Malhotra,F,Mumbai,2021-05-18,32,955459.0,788.0,33,1,12,69.7,Low
102351,Kabir,Malhotra,F,Pune,2020-05-31,46,272540.0,660.0,5,1,17,70.7,Medium
102352,Kabir,Gupta,F,Delhi,2022-01-06,42,1410782.0,717.0,82,1,13,66.0,Medium
102353,Aarav,Sharma,F,Jaipur,2021-04-23,42,966826.0,682.0,74,1,13,68.6,Medium
102354,Kabir,Verma,F,Mumbai,2023-03-31,24,882753.0,775.0,36,1,10,72.2,Low
102355,Diya,Jain,F,Bengaluru,2023-05-24,47,1109945.0,782.0,23,1,15,71.8,Low
102356,Isha,Mehta,M,Mumbai,2022-04-10,38,1365604.0,758.0,40,1,13,71.2,Low
102357,Varun,Jain,M,Mumbai,2023-12-14,33,1041564.0,727.0,5,1,19,85.1,Low
102358,Aisha,Khan,M,Jaipur,2023-10-03,37,1058739.0,697.0,34,1,12,92.0,Medium
102359,Pooja,Jain,M,Kolkata,2023-09-25,21,878752.0,644.0,24,1,13,58.6,Medium
102360,Aisha,Patel,M,Mumbai,2022-04-29,40,818864.0,817.0,17,0,17,91.8,Low
102361,Priya,Khan,F,Mumbai,2021-07-07,27,745325.0,668.0,95,1,11,82.1,Medium
102362,Anaya,Joshi,F,Hyderabad,2023-10-07,24,668255.0,747.0,71,1,12,63.3,Low
102363,Riya,Reddy,M,Jaipur,2023-10-30,22,698857.0,768.0,81,1,18,70.0,Low
102364,Diya,Joshi,F,Pune,2023-08-19,46,552878.0,679.0,92,1,14,77.4,Medium
102365,Sahil,Jain,F,Ahmedabad,2023-06-19,30,833308.0,767.0,22,1,11,54.1,Low
102366,Rahul,Khan,M,Lucknow,2023-11-02,50,479373.0,752.0,15,1,14,73.0,Low
102367,Anaya,Patel,F,Delhi,2023-11-13,31,892002.0,805.0,15,1,18,80.3,Low
102368,Anaya,Malhotra,F,Mumbai,2020-10-13,21,842007.0,684.0,25,0,19,65.1,Medium
102369,Rahul,Bose,M,Mumbai,2023-03-28,26,882326.0,639.0,53,1,15,56.2,Medium
102370,Aarav,Mishra,M,Ahmedabad,2023-10-09,47,735131.0,682.0,21,1,18,76.4,Medium
102371,Karan,Patel,M,Hyderabad,2021-03-30,35,1526909.0,721.0,66,1,17,100.0,Low
102372,Sneha,Saxena,M,Jaipur,2021-09-18,31,1149225.0,713.0,91,0,14,65.4,Medium
102373,Sneha,Bose,F,Hyderabad,2023-06-18,37,576201.0,688.0,32,1,8,65.8,Medium
102374,Isha,Reddy,F,Jaipur,2020-07-30,41,901231.0,605.0,21,1,6,71.6,High
102375,Sahil,Verma,F,Pune,2020-12-28,46,716239.0,736.0,68,1,18,92.8,Low
102376,Aisha,Khan,M,Lucknow,2021-08-20,49,626814.0,818.0,44,1,11,54.2,Low
102377,Sneha,Kapoor,F,,2020-05-12,33,555184.0,736.0,83,0,15,83.2,Low
102378,Aarav,Saxena,M,Delhi,2020-10-03,24,945088.0,744.0,66,0,14,68.3,Low
102379,Isha,Sharma,F,Bengaluru,2023-07-12,32,700096.0,741.0,90,0,17,69.4,Low
102380,Karan,Das,M,Mumbai,2021-08-27,38,1062922.0,732.0,14,1,15,61.9,Low
102381,Rohan,Kulkarni,F,Delhi,2021-10-18,27,1068632.0,761.0,15,0,13,71.0,Low
102382,Meera,Verma,F,Jaipur,2023-10-15,27,1152261.0,732.0,20,1,18,62.2,Low
102383,Rahul,Mishra,F,Jaipur,2021-10-28,39,662475.0,693.0,34,1,11,67.5,Medium
102384,Priya,Patel,M,Jaipur,2020-05-15,36,954580.0,666.0,36,1,11,44.4,Medium
102385,Riya,Malhotra,F,Chennai,2022-02-03,36,989140.0,696.0,83,1,15,53.2,Medium
102386,Meera,Verma,F,Pune,2021-03-03,29,745681.0,727.0,9,1,20,78.0,Low
102387,Meera,Patel,F,Kolkata,2022-04-09,34,680210.0,693.0,71,1,11,89.1,Medium
102388,Priya,Reddy,M,Kolkata,2022-11-18,28,1204095.0,727.0,30,1,16,100.0,Low
102389,Riya,Khan,M,Hyderabad,2021-08-17,44,900049.0,734.0,77,1,11,85.1,Low
102390,Kabir,Kapoor,M,Kolkata,2023-09-15,45,989913.0,756.0,91,1,16,67.8,Low
102391,Aarav,Nair,M,Ahmedabad,2022-07-08,21,669143.0,781.0,63,1,16,50.2,Low
102392,Kabir,Malhotra,F,Jaipur,2022-11-23,28,581757.0,714.0,35,1,9,80.5,Medium
102393,Varun,Singh,F,Mumbai,2021-05-18,23,724721.0,638.0,13,1,17,56.6,Medium
102394,Rahul,Reddy,M,Hyderabad,2020-04-13,30,822715.0,691.0,79,1,9,64.3,Medium
102395,Sneha,Malhotra,F,Mumbai,2021-05-08,35,615872.0,712.0,46,1,13,84.6,Medium
102396,Vivaan,Singh,M,Hyderabad,2023-10-26,23,847834.0,609.0,56,0,11,77.5,High
102397,Sahil,Sharma,M,Mumbai,2021-01-22,28,478529.0,786.0,9,1,16,62.9,Low
102398,Aditya,Yadav,M,Jaipur,2023-06-14,27,603590.0,718.0,87,1,11,53.5,Medium
102399,Vivaan,Khan,F,Ahmedabad,2022-01-04,38,997600.0,731.0,36,1,10,76.5,Low
102400,Aditya,Mishra,F,Ahmedabad,2022-06-23,37,982834.0,785.0,3,1,10,78.0,Low
102401,Karan,Bose,M,Bengaluru,2023-01-18,30,763787.0,675.0,19,0,12,92.0,Medium
102402,Anaya,Reddy,F,Jaipur,2020-11-28,38,626092.0,742.0,28,1,16,44.1,Low
102403,Aisha,Saxena,M,Delhi,2021-01-11,31,623971.0,,23,1,18,75.4,Medium
102404,Meera,Mehta,M,Ahmedabad,2020-08-27,34,767881.0,700.0,7,0,11,85.0,Medium
102405,Aisha,Nair,M,Hyderabad,2021-12-30,51,991794.0,668.0,76,1,17,69.0,Medium
102406,Vivaan,Khan,M,Bengaluru,2020-06-30,48,1054214.0,802.0,14,1,14,54.8,Low
102407,Pooja,Khan,F,Pune,2023-07-04,24,740763.0,689.0,46,0,17,62.9,Medium
102408,Arjun,Mishra,F,Jaipur,2022-01-13,43,596232.0,748.0,15,0,14,74.4,Low
102409,Sahil,Kapoor,M,Jaipur,2023-04-27,43,908926.0,607.0,67,1,11,68.2,High
102410,Kabir,Bose,M,Chennai,2022-04-20,26,668822.0,775.0,15,1,17,77.6,Low
102411,Arjun,Das,M,Bengaluru,2023-12-09,43,735984.0,768.0,51,0,16,89.4,Low
102412,Meera,Malhotra,M,Hyderabad,2023-07-02,50,1141561.0,715.0,88,1,17,69.2,Medium
102413,Karan,Bose,F,Jaipur,2022-12-04,26,1031965.0,698.0,8,0,16,88.6,Medium
102414,Vivaan,Joshi,M,Jaipur,2022-10-05,28,884754.0,732.0,69,1,14,72.6,Low
102415,Karan,Bose,F,Bengaluru,2022-04-07,45,570178.0,836.0,62,0,14,78.1,Low
102416,Pooja,Gupta,M,Jaipur,2021-08-20,38,896507.0,613.0,51,1,12,72.6,High
102417,Sneha,Verma,M,Bengaluru,2022-10-13,41,1083785.0,753.0,63,0,11,78.4,Low
102418,Aisha,Sharma,F,Lucknow,2020-07-19,39,767361.0,660.0,68,1,20,80.5,Medium
102419,Isha,Mehta,M,Pune,2023-10-14,40,1147245.0,709.0,78,1,13,81.7,Medium
102420,Aarav,Verma,M,Mumbai,2020-12-08,24,1134404.0,696.0,16,1,10,74.0,Medium
102421,Rahul,Jain,M,Kolkata,2023-05-20,45,1216021.0,686.0,84,0,14,34.0,Medium
102422,Priya,Singh,M,Mumbai,2021-09-22,47,917153.0,709.0,24,1,15,81.1,Medium
102423,Anaya,Jain,M,Mumbai,2020-10-24,34,979226.0,648.0,6,1,21,50.4,Medium
102424,Priya,Verma,M,Pune,2023-03-24,36,1161121.0,767.0,57,0,9,66.7,Low
102425,Sahil,Das,F,Jaipur,2021-11-28,22,948427.0,611.0,31,0,8,45.3,High
102426,Sneha,Patel,F,Kolkata,2023-05-05,41,739728.0,740.0,6,0,14,94.4,Low
102427,Aarav,Joshi,F,Jaipur,2021-12-13,41,751321.0,692.0,79,1,9,79.0,Medium
102428,Isha,Malhotra,M,Ahmedabad,2022-07-18,35,902482.0,646.0,29,1,8,70.1,Medium
102429,Rahul,Bose,M,Ahmedabad,2022-02-16,46,566076.0,721.0,67,1,13,91.0,Low
102430,Varun,Bose,M,Mumbai,2021-01-13,33,818483.0,624.0,75,1,13,80.4,High
102431,Sahil,Sharma,M,Lucknow,2022-01-17,41,1091240.0,712.0,3,1,11,75.5,Medium
102432,Sahil,Bose,M,Bengaluru,2021-12-06,27,367924.0,632.0,28,1,7,78.7,Medium
102433,Aditya,Kapoor,M,Delhi,2021-01-01,36,1187586.0,735.0,74,1,15,69.4,Low
102434,Arjun,Mishra,M,Lucknow,2022-02-09,34,1096922.0,659.0,48,1,12,59.1,Medium
102435,Rohan,Verma,M,Delhi,2022-12-30,38,748852.0,685.0,80,1,12,85.5,Medium
102436,Vivaan,Sharma,M,Lucknow,2022-11-17,33,969546.0,726.0,10,0,13,73.1,Low
102437,Arjun,Malhotra,M,Pune,2023-11-17,35,850692.0,668.0,33,1,19,52.9,Medium
102438,Varun,Saxena,M,Hyderabad,2020-12-14,43,1120598.0,707.0,67,1,9,80.1,Medium
102439,Arjun,Yadav,M,Bengaluru,2023-02-15,32,1066190.0,627.0,69,1,19,74.5,High
102440,Kabir,Patel,M,Chennai,2023-11-04,22,541984.0,745.0,12,1,12,94.4,Low
102441,Sahil,Mishra,M,Jaipur,2023-05-16,52,979198.0,807.0,57,1,14,77.2,Low
102442,Priya,Iyer,M,Bengaluru,2023-12-17,48,804762.0,850.0,44,1,6,59.8,Low
102443,Aisha,Kapoor,M,Mumbai,2020-04-02,24,868223.0,715.0,13,1,14,52.5,Medium
102444,Kabir,Das,M,Lucknow,2020-05-20,42,689802.0,753.0,24,1,15,89.2,Low
102445,Vivaan,Gupta,F,Delhi,2020-12-20,31,1234590.0,612.0,44,1,21,73.2,High
102446,Anaya,Gupta,M,Jaipur,2022-12-28,38,1078814.0,793.0,57,1,16,63.6,Low
102447,Vivaan,Kulkarni,M,Bengaluru,2021-08-04,39,687250.0,753.0,96,0,16,65.4,Low
102448,Aditya,Mishra,M,Mumbai,2022-06-01,34,556386.0,683.0,16,1,19,89.6,Medium
102449,Aarav,Joshi,M,Bengaluru,2020-05-03,29,765152.0,778.0,96,1,13,79.7,Low
102450,Neha,Joshi,M,Hyderabad,2023-12-13,30,945591.0,696.0,21,0,14,87.2,Medium
102451,Sneha,Kapoor,F,Hyderabad,2021-08-25,28,902845.0,685.0,76,1,14,76.9,Medium
102452,Rahul,Reddy,F,Mumbai,2023-09-26,29,1125689.0,736.0,51,1,14,64.0,Low
102453,Neha,Jain,M,Lucknow,2022-08-31,35,1023782.0,652.0,21,1,15,95.4,Medium
102454,Sneha,Jain,F,Pune,2020-10-31,30,1063305.0,766.0,60,1,18,69.3,Low
102455,Rahul,Saxena,M,Delhi,2022-03-13,42,921908.0,652.0,51,1,15,83.7,Medium
102456,Anaya,Singh,M,Mumbai,2023-03-26,49,544354.0,652.0,21,1,14,87.0,Medium
102457,Kabir,Mehta,F,Hyderabad,2023-01-16,31,806946.0,660.0,6,0,13,74.1,Medium
102458,Aisha,Iyer,M,Jaipur,2023-06-05,38,1083220.0,752.0,73,1,20,60.6,Low
102459,Karan,Das,M,Lucknow,2022-07-25,40,838665.0,676.0,65,1,12,65.9,Medium
102460,Priya,Singh,F,Kolkata,2020-12-30,40,960680.0,636.0,76,0,17,82.1,Medium
102461,Aditya,Sharma,F,Jaipur,2022-09-18,37,779875.0,677.0,58,1,16,80.4,Medium
102462,Kabir,Verma,F,Delhi,2020-09-22,43,623441.0,708.0,78,0,14,89.6,Medium
102463,Rohan,Khan,F,Mumbai,2020-03-24,40,822864.0,645.0,6,0,14,87.7,Medium
102464,Varun,Joshi,F,Mumbai,2023-05-20,25,917990.0,647.0,65,0,8,62.6,Medium
102465,Aisha,Nair,M,Hyderabad,2023-05-26,44,705749.0,826.0,86,1,11,91.3,Low
102466,Arjun,Patel,M,Pune,2022-05-02,44,798144.0,663.0,34,1,9,61.7,Medium
102467,Rohan,Sharma,F,Hyderabad,2022-01-18,29,643318.0,692.0,56,1,23,81.1,Medium
102468,Arjun,Malhotra,F,Hyderabad,2020-05-30,36,1096234.0,690.0,75,1,15,100.0,Medium
102469,Diya,Singh,M,Kolkata,2021-11-16,42,785220.0,687.0,3,1,8,77.7,Medium
102470,Diya,Reddy,F,Pune,2020-05-19,34,1169606.0,744.0,42,1,15,52.7,Low
102471,Anaya,Saxena,M,Pune,2020-02-24,46,1186325.0,762.0,62,1,8,70.1,Low
102472,Vivaan,Kulkarni,M,Ahmedabad,2023-03-10,57,832170.0,693.0,6,0,17,100.0,Medium
102473,Aarav,Saxena,M,Pune,2020-03-14,29,628141.0,642.0,6,1,6,71.5,Medium
102474,Riya,Yadav,M,Jaipur,2023-03-04,24,391102.0,780.0,63,0,17,89.9,Low
102475,Aisha,Reddy,F,Jaipur,2022-09-23,39,526152.0,705.0,20,0,12,62.5,Medium
102476,Neha,Saxena,M,Chennai,2022-06-26,42,547756.0,805.0,21,1,17,69.7,Low
102477,Varun,Patel,F,Delhi,2022-04-08,34,1153263.0,586.0,2,1,11,71.4,High
102478,Pooja,Mehta,F,Ahmedabad,2021-10-03,49,875481.0,721.0,90,1,15,97.4,Low
102479,Isha,Joshi,M,Chennai,2022-01-13,24,935713.0,816.0,95,1,16,70.3,Low
102480,Vivaan,Khan,F,Pune,2020-01-26,42,361507.0,691.0,90,1,18,51.4,Medium
102481,Priya,Verma,M,Bengaluru,2021-03-10,31,586447.0,698.0,56,1,10,100.0,Medium
102482,Isha,Iyer,F,Jaipur,2020-03-02,51,1045158.0,726.0,96,1,16,76.7,Low
102483,Kabir,Malhotra,M,Ahmedabad,2023-05-08,54,913090.0,679.0,10,1,9,81.9,Medium
102484,Rahul,Gupta,M,Lucknow,2021-05-04,29,817615.0,693.0,87,1,17,54.7,Medium
102485,Neha,Patel,F,Ahmedabad,2021-05-07,31,974265.0,691.0,70,1,16,77.1,Medium
102486,Neha,Joshi,F,Jaipur,2021-11-09,44,1209876.0,675.0,23,1,14,74.2,Medium
102487,Aditya,Patel,F,Delhi,2021-04-12,33,801371.0,778.0,92,1,13,62.4,Low
102488,Aditya,Kapoor,F,Kolkata,2023-02-13,36,865261.0,735.0,30,1,14,82.0,Low
102489,Rahul,Yadav,F,Mumbai,2023-10-26,36,892371.0,724.0,78,1,13,53.5,Low
102490,Isha,Joshi,M,Kolkata,2021-10-12,21,1376264.0,754.0,37,0,12,62.3,Low
102491,Pooja,Khan,F,Lucknow,2023-06-09,36,388142.0,695.0,55,1,12,88.5,Medium
102492,Anaya,Saxena,M,Bengaluru,2021-03-23,30,1000309.0,667.0,96,1,12,65.3,Medium
102493,Aditya,Joshi,M,Chennai,2023-05-22,32,824744.0,677.0,49,1,8,68.1,Medium
102494,Vivaan,Singh,M,Pune,2020-07-26,49,974690.0,710.0,34,1,14,75.1,Medium
102495,Riya,Iyer,M,Jaipur,2022-09-28,25,705378.0,652.0,44,0,15,69.5,Medium
102496,Vivaan,Bose,M,Kolkata,2023-01-30,43,839228.0,682.0,22,1,14,82.3,Medium
102497,Vivaan,Reddy,M,Kolkata,2020-01-10,33,1006510.0,682.0,31,1,16,76.1,Medium
102498,Riya,Khan,M,Hyderabad,2023-02-20,33,1534840.0,827.0,7,1,13,55.9,Low
102499,Diya,Iyer,F,Ahmedabad,2022-02-25,43,1027768.0,557.0,21,1,10,65.2,High
102500,Riya,Sharma,F,Chennai,2020-01-04,39,663426.0,700.0,16,1,18,63.9,Medium
